api 名字,api major version,api的平台,api的流量,api的错误率,api 的cve数量
users-api-00001,4,AWS,0,0.0000,0
orders-api-00002,2,Azure,2014133,0.0856,0
payments-api-00003,2,Google Cloud,3436428,0.0000,0
inventory-api-00004,3,阿里云,2404466,0.0000,2
search-api-00005,1,腾讯云,3402945,0.0000,2
notifications-api-00006,2,私有云,4113378,0.0009,0
authentication-api-00007,3,本地部署,2934723,0.0007,0
analytics-api-00008,5,AWS,1426577,0.0011,0
shipping-api-00009,4,Azure,3591765,0.0137,1
billing-api-00010,4,Google Cloud,831435,0.0006,1
users-api-00011,3,阿里云,617640,0.0000,2
orders-api-00012,2,腾讯云,337624,0.0031,0
payments-api-00013,3,私有云,136244,0.0000,0
inventory-api-00014,3,本地部署,4295635,0.0409,0
search-api-00015,1,AWS,339957,0.0093,0
notifications-api-00016,2,Azure,105984,0.0057,2
authentication-api-00017,2,Google Cloud,2114587,0.0176,0
analytics-api-00018,2,阿里云,2575314,0.0088,3
shipping-api-00019,3,腾讯云,1649543,0.0081,0
billing-api-00020,4,私有云,1084877,0.0006,0
users-api-00021,3,本地部署,35281,0.0031,0
orders-api-00022,5,AWS,3906927,0.0060,0
payments-api-00023,4,Azure,2749825,0.0299,0
inventory-api-00024,4,Google Cloud,358371,0.0077,1
search-api-00025,3,阿里云,1595272,0.0063,0
notifications-api-00026,2,腾讯云,1203913,0.0410,8
authentication-api-00027,3,私有云,3334541,0.0257,0
analytics-api-00028,1,本地部署,3839558,0.0012,3
shipping-api-00029,2,AWS,4885305,0.2303,0
billing-api-00030,4,Azure,3453608,0.0000,0
users-api-00031,3,Google Cloud,3769880,0.0455,3
orders-api-00032,5,阿里云,635400,0.0096,1
payments-api-00033,3,腾讯云,4456600,0.0069,1
inventory-api-00034,3,私有云,4193282,0.0094,0
search-api-00035,1,本地部署,3546783,0.0055,0
notifications-api-00036,5,AWS,1742272,0.0093,1
authentication-api-00037,2,Azure,105468,0.0025,0
analytics-api-00038,1,Google Cloud,1721080,0.0024,1
shipping-api-00039,1,阿里云,368854,0.0013,0
billing-api-00040,4,腾讯云,2706243,0.0000,0
users-api-00041,4,私有云,377226,0.0000,5
orders-api-00042,1,本地部署,1547792,0.0037,1
payments-api-00043,4,AWS,1641240,0.0066,2
inventory-api-00044,2,Azure,396524,0.0074,0
search-api-00045,5,Google Cloud,3279837,0.0012,1
notifications-api-00046,2,阿里云,1863877,0.0584,1
authentication-api-00047,3,腾讯云,2790909,0.0463,0
analytics-api-00048,2,私有云,2938286,0.0280,0
shipping-api-00049,5,本地部署,4589877,0.0952,1
billing-api-00050,2,AWS,1316250,0.0085,3
users-api-00051,5,Azure,820341,0.0020,0
orders-api-00052,2,Google Cloud,106859,0.0000,0
payments-api-00053,3,阿里云,2848707,0.0000,1
inventory-api-00054,5,腾讯云,1808178,0.0091,3
search-api-00055,1,私有云,3075992,0.0220,0
notifications-api-00056,4,本地部署,4748415,0.0069,5
authentication-api-00057,4,AWS,4574570,0.0001,0
analytics-api-00058,5,Azure,1117918,0.0400,2
shipping-api-00059,4,Google Cloud,811376,0.0444,2
billing-api-00060,3,阿里云,2967025,0.0073,1
users-api-00061,3,腾讯云,2198559,0.0010,1
orders-api-00062,2,私有云,1076567,0.0020,3
payments-api-00063,5,本地部署,1702215,0.0491,5
inventory-api-00064,2,AWS,1087914,0.0098,1
search-api-00065,4,Azure,4772564,0.0031,0
notifications-api-00066,3,Google Cloud,4009089,0.0000,0
authentication-api-00067,5,阿里云,3568524,0.0000,1
analytics-api-00068,2,腾讯云,3453558,0.0067,0
shipping-api-00069,1,私有云,165404,0.0047,0
billing-api-00070,3,本地部署,2861983,0.0017,1
users-api-00071,2,AWS,1515339,0.0087,0
orders-api-00072,3,Azure,1962955,0.0084,0
payments-api-00073,5,Google Cloud,1965904,0.0007,0
inventory-api-00074,5,阿里云,64094,0.0429,0
search-api-00075,1,腾讯云,1885990,0.0064,0
notifications-api-00076,3,私有云,4340054,0.0000,5
authentication-api-00077,5,本地部署,3534864,0.0013,0
analytics-api-00078,1,AWS,2809915,0.0000,0
shipping-api-00079,2,Azure,4803099,0.0400,0
billing-api-00080,4,Google Cloud,4984324,0.0088,8
users-api-00081,4,阿里云,4029237,0.0040,1
orders-api-00082,4,腾讯云,2852770,0.1020,2
payments-api-00083,5,私有云,4986624,0.0000,0
inventory-api-00084,2,本地部署,1777147,0.0048,0
search-api-00085,2,AWS,4403042,0.0008,8
notifications-api-00086,1,Azure,672460,0.0231,0
authentication-api-00087,4,Google Cloud,4817745,0.0356,0
analytics-api-00088,2,阿里云,885924,0.0286,3
shipping-api-00089,4,腾讯云,2939783,0.0019,0
billing-api-00090,4,私有云,1092416,0.0080,0
users-api-00091,3,本地部署,4675982,0.1380,0
orders-api-00092,1,AWS,1889288,0.0000,2
payments-api-00093,2,Azure,2172516,0.0021,0
inventory-api-00094,3,Google Cloud,3677885,0.0051,0
search-api-00095,5,阿里云,2334742,0.0182,1
notifications-api-00096,1,腾讯云,1776318,0.0000,0
authentication-api-00097,4,私有云,353018,0.0089,1
analytics-api-00098,2,本地部署,373523,0.0308,1
shipping-api-00099,5,AWS,1493290,0.0017,0
billing-api-00100,4,Azure,1794941,0.0032,1
users-api-00101,4,Google Cloud,4631720,0.0015,2
orders-api-00102,3,阿里云,2694603,0.0020,0
payments-api-00103,1,腾讯云,3600475,0.0053,1
inventory-api-00104,1,私有云,3192267,0.0098,0
search-api-00105,5,本地部署,4933288,0.0096,0
notifications-api-00106,5,AWS,3068900,0.0067,0
authentication-api-00107,2,Azure,77539,0.0062,0
analytics-api-00108,4,Google Cloud,2695063,0.0000,1
shipping-api-00109,4,阿里云,4576972,0.0008,0
billing-api-00110,3,腾讯云,2887215,0.0069,0
users-api-00111,5,私有云,910501,0.0001,0
orders-api-00112,1,本地部署,2014742,0.0054,2
payments-api-00113,4,AWS,1712051,0.0086,0
inventory-api-00114,5,Azure,3130100,0.0076,0
search-api-00115,4,Google Cloud,1423069,0.0096,8
notifications-api-00116,5,阿里云,2167743,0.0000,1
authentication-api-00117,4,腾讯云,405585,0.0000,0
analytics-api-00118,4,私有云,2423201,0.0436,0
shipping-api-00119,3,本地部署,4519581,0.0000,1
billing-api-00120,5,AWS,3521199,0.0048,0
users-api-00121,1,Azure,3216602,0.0011,3
orders-api-00122,2,Google Cloud,669145,0.0094,0
payments-api-00123,4,阿里云,1774402,0.0000,2
inventory-api-00124,4,腾讯云,2060194,0.1899,3
search-api-00125,5,私有云,2866297,0.0000,0
notifications-api-00126,2,本地部署,3032345,0.0000,3
authentication-api-00127,4,AWS,3193553,0.0037,0
analytics-api-00128,3,Azure,4485258,0.0079,0
shipping-api-00129,1,Google Cloud,2214072,0.0019,0
billing-api-00130,5,阿里云,1716937,0.0089,0
users-api-00131,3,腾讯云,3446688,0.0000,1
orders-api-00132,5,私有云,2665650,0.0003,0
payments-api-00133,4,本地部署,934291,0.0000,5
inventory-api-00134,4,AWS,591839,0.0072,0
search-api-00135,5,Azure,3229029,0.0049,0
notifications-api-00136,2,Google Cloud,1299040,0.0000,1
authentication-api-00137,2,阿里云,157240,0.0034,2
analytics-api-00138,2,腾讯云,1821961,0.0048,0
shipping-api-00139,4,私有云,1444228,0.0043,0
billing-api-00140,1,本地部署,346320,0.0000,0
users-api-00141,3,AWS,90230,0.0065,3
orders-api-00142,4,Azure,4115249,0.0044,13
payments-api-00143,2,Google Cloud,251752,0.0000,0
inventory-api-00144,3,阿里云,534849,0.0012,0
search-api-00145,3,腾讯云,3434069,0.0033,2
notifications-api-00146,4,私有云,938398,0.0027,5
authentication-api-00147,4,本地部署,1691571,0.0016,3
analytics-api-00148,3,AWS,2011778,0.1019,0
shipping-api-00149,4,Azure,139500,0.2625,0
billing-api-00150,5,Google Cloud,454315,0.0081,2
users-api-00151,3,阿里云,2630410,0.0037,1
orders-api-00152,5,腾讯云,292857,0.0010,0
payments-api-00153,4,私有云,807231,0.0136,0
inventory-api-00154,2,本地部署,2166026,0.2007,0
search-api-00155,1,AWS,1078895,0.0347,3
notifications-api-00156,3,Azure,3191224,0.0086,0
authentication-api-00157,5,Google Cloud,2553354,0.0083,1
analytics-api-00158,1,阿里云,2824739,0.0387,0
shipping-api-00159,3,腾讯云,3607769,0.0128,5
billing-api-00160,1,私有云,2538988,0.0265,0
users-api-00161,2,本地部署,505537,0.0077,0
orders-api-00162,1,AWS,764153,0.0039,3
payments-api-00163,4,Azure,2101626,0.0012,8
inventory-api-00164,2,Google Cloud,4754857,0.0054,0
search-api-00165,1,阿里云,2824013,0.0011,0
notifications-api-00166,5,腾讯云,1901263,0.0483,0
authentication-api-00167,5,私有云,4821427,0.0050,8
analytics-api-00168,5,本地部署,3244551,0.0022,0
shipping-api-00169,3,AWS,3675307,0.0284,1
billing-api-00170,5,Azure,2788313,0.0072,3
users-api-00171,5,Google Cloud,1176920,0.0237,0
orders-api-00172,4,阿里云,3015796,0.0014,13
payments-api-00173,2,腾讯云,132746,0.0035,1
inventory-api-00174,1,私有云,410154,0.0007,0
search-api-00175,5,本地部署,4973586,0.0076,2
notifications-api-00176,3,AWS,710051,0.0085,1
authentication-api-00177,1,Azure,1765464,0.1468,0
analytics-api-00178,3,Google Cloud,2228941,0.0473,5
shipping-api-00179,2,阿里云,755029,0.0052,0
billing-api-00180,4,腾讯云,545322,0.0066,0
users-api-00181,5,私有云,1453207,0.0149,2
orders-api-00182,4,本地部署,3074968,0.0070,8
payments-api-00183,1,AWS,2140297,0.0008,5
inventory-api-00184,3,Azure,1210376,0.0006,0
search-api-00185,4,Google Cloud,1589056,0.0041,1
notifications-api-00186,1,阿里云,4640401,0.0040,0
authentication-api-00187,2,腾讯云,263491,0.0359,3
analytics-api-00188,4,私有云,2546257,0.0065,0
shipping-api-00189,3,本地部署,88525,0.0136,0
billing-api-00190,5,AWS,3333165,0.0008,1
users-api-00191,1,Azure,4028248,0.0014,0
orders-api-00192,4,Google Cloud,4426801,0.0000,1
payments-api-00193,1,阿里云,1570154,0.0026,0
inventory-api-00194,4,腾讯云,3318782,0.0206,3
search-api-00195,5,私有云,2165026,0.0025,8
notifications-api-00196,4,本地部署,585366,0.0000,1
authentication-api-00197,4,AWS,1491660,0.0010,0
analytics-api-00198,4,Azure,4024918,0.0051,0
shipping-api-00199,5,Google Cloud,1409163,0.0065,0
billing-api-00200,2,阿里云,4136313,0.0084,1
users-api-00201,3,腾讯云,2696773,0.0077,1
orders-api-00202,1,私有云,2856034,0.0003,0
payments-api-00203,4,本地部署,4407976,0.0078,0
inventory-api-00204,4,AWS,3912209,0.0064,0
search-api-00205,4,Azure,699743,0.0090,0
notifications-api-00206,2,Google Cloud,1652417,0.0353,1
authentication-api-00207,1,阿里云,4272042,0.0030,0
analytics-api-00208,3,腾讯云,125494,0.0018,1
shipping-api-00209,1,私有云,4378728,0.0406,0
billing-api-00210,1,本地部署,397001,0.0000,0
users-api-00211,2,AWS,394614,0.0000,0
orders-api-00212,5,Azure,511362,0.0044,5
payments-api-00213,2,Google Cloud,3098029,0.0094,2
inventory-api-00214,1,阿里云,2385468,0.0035,0
search-api-00215,5,腾讯云,1624982,0.0049,0
notifications-api-00216,4,私有云,2095392,0.0471,0
authentication-api-00217,4,本地部署,2012966,0.0000,3
analytics-api-00218,4,AWS,4023615,0.0037,3
shipping-api-00219,4,Azure,1001039,0.0099,2
billing-api-00220,3,Google Cloud,4029707,0.0466,0
users-api-00221,4,阿里云,212949,0.0000,0
orders-api-00222,5,腾讯云,1503721,0.0019,0
payments-api-00223,4,私有云,1271645,0.0000,0
inventory-api-00224,1,本地部署,3335827,0.0018,0
search-api-00225,3,AWS,132820,0.0030,0
notifications-api-00226,2,Azure,499216,0.0129,0
authentication-api-00227,1,Google Cloud,1332853,0.0470,1
analytics-api-00228,4,阿里云,3666371,0.0032,0
shipping-api-00229,1,腾讯云,3567182,0.0061,1
billing-api-00230,2,私有云,4244329,0.0142,0
users-api-00231,3,本地部署,1390404,0.0167,1
orders-api-00232,3,AWS,1300982,0.0000,5
payments-api-00233,2,Azure,3563092,0.0052,3
inventory-api-00234,5,Google Cloud,1385870,0.0063,0
search-api-00235,2,阿里云,277280,0.0000,2
notifications-api-00236,4,腾讯云,1981973,0.0000,5
authentication-api-00237,3,私有云,3392610,0.1586,1
analytics-api-00238,5,本地部署,2607751,0.1063,0
shipping-api-00239,3,AWS,2462939,0.0049,0
billing-api-00240,1,Azure,2491366,0.0033,3
users-api-00241,2,Google Cloud,876175,0.0371,0
orders-api-00242,3,阿里云,2493892,0.0116,0
payments-api-00243,1,腾讯云,1150539,0.0014,1
inventory-api-00244,5,私有云,3806046,0.0000,0
search-api-00245,1,本地部署,2933959,0.0160,3
notifications-api-00246,5,AWS,1427314,0.0093,0
authentication-api-00247,1,Azure,2034877,0.0006,0
analytics-api-00248,5,Google Cloud,4701448,0.0099,0
shipping-api-00249,1,阿里云,4485544,0.0000,0
billing-api-00250,4,腾讯云,3773399,0.0074,0
users-api-00251,2,私有云,0,0.0000,0
orders-api-00252,3,本地部署,33012,0.0416,1
payments-api-00253,1,AWS,4619423,0.0371,8
inventory-api-00254,3,Azure,2845599,0.0006,0
search-api-00255,4,Google Cloud,2013466,0.0442,0
notifications-api-00256,4,阿里云,3938786,0.0000,1
authentication-api-00257,1,腾讯云,376441,0.0186,1
analytics-api-00258,3,私有云,1024432,0.0081,13
shipping-api-00259,4,本地部署,4455115,0.0000,0
billing-api-00260,4,AWS,2750720,0.0016,2
users-api-00261,1,Azure,3419442,0.0051,3
orders-api-00262,2,Google Cloud,15637,0.0016,1
payments-api-00263,2,阿里云,1808545,0.0090,0
inventory-api-00264,1,腾讯云,3589811,0.0000,0
search-api-00265,1,私有云,1104700,0.0003,0
notifications-api-00266,1,本地部署,4792099,0.0297,0
authentication-api-00267,1,AWS,2596644,0.0395,1
analytics-api-00268,5,Azure,3484310,0.0064,0
shipping-api-00269,4,Google Cloud,2874876,0.0006,3
billing-api-00270,3,阿里云,1845507,0.0156,0
users-api-00271,3,腾讯云,2356873,0.1635,0
orders-api-00272,2,私有云,1677058,0.0005,5
payments-api-00273,1,本地部署,334112,0.0000,0
inventory-api-00274,3,AWS,4712319,0.0055,2
search-api-00275,4,Azure,1262978,0.0168,0
notifications-api-00276,1,Google Cloud,4378331,0.0456,0
authentication-api-00277,4,阿里云,4450203,0.0073,0
analytics-api-00278,3,腾讯云,2160787,0.0000,0
shipping-api-00279,4,私有云,1702382,0.0363,3
billing-api-00280,1,本地部署,2688219,0.0013,0
users-api-00281,5,AWS,1190469,0.0034,1
orders-api-00282,5,Azure,4047942,0.0066,1
payments-api-00283,5,Google Cloud,1987100,0.0048,5
inventory-api-00284,1,阿里云,4210887,0.0451,0
search-api-00285,3,腾讯云,2538925,0.1969,0
notifications-api-00286,3,私有云,4532459,0.0252,2
authentication-api-00287,1,本地部署,1857496,0.0000,0
analytics-api-00288,5,AWS,1255555,0.0469,0
shipping-api-00289,1,Azure,199265,0.0270,0
billing-api-00290,3,Google Cloud,143195,0.0064,0
users-api-00291,2,阿里云,1771939,0.0125,0
orders-api-00292,5,腾讯云,2039589,0.0015,2
payments-api-00293,1,私有云,1762115,0.0094,0
inventory-api-00294,4,本地部署,4787895,0.0028,2
search-api-00295,1,AWS,3826441,0.2430,1
notifications-api-00296,4,Azure,1855500,0.0000,0
authentication-api-00297,5,Google Cloud,139744,0.0053,0
analytics-api-00298,5,阿里云,2378574,0.0095,8
shipping-api-00299,3,腾讯云,466305,0.0065,0
billing-api-00300,5,私有云,1319839,0.0008,0
users-api-00301,5,本地部署,2369826,0.0013,0
orders-api-00302,3,AWS,333992,0.0022,0
payments-api-00303,1,Azure,1422644,0.0485,0
inventory-api-00304,2,Google Cloud,4172108,0.0011,2
search-api-00305,1,阿里云,3015143,0.0082,0
notifications-api-00306,5,腾讯云,3210926,0.0001,1
authentication-api-00307,5,私有云,4433442,0.0019,1
analytics-api-00308,4,本地部署,1503142,0.0417,0
shipping-api-00309,2,AWS,3819518,0.0047,0
billing-api-00310,2,Azure,2778584,0.0077,1
users-api-00311,5,Google Cloud,3798957,0.0000,2
orders-api-00312,4,阿里云,472324,0.0006,0
payments-api-00313,1,腾讯云,3457747,0.0041,0
inventory-api-00314,1,私有云,2587084,0.0057,0
search-api-00315,3,本地部署,3345330,0.0243,0
notifications-api-00316,2,AWS,428982,0.0162,0
authentication-api-00317,4,Azure,3379062,0.0000,0
analytics-api-00318,2,Google Cloud,314887,0.0016,0
shipping-api-00319,4,阿里云,4024766,0.0077,0
billing-api-00320,5,腾讯云,30417,0.0000,3
users-api-00321,3,私有云,4896997,0.0058,3
orders-api-00322,1,本地部署,3172179,0.0038,1
payments-api-00323,2,AWS,3763889,0.0006,0
inventory-api-00324,5,Azure,811120,0.0000,0
search-api-00325,5,Google Cloud,1684111,0.0000,1
notifications-api-00326,2,阿里云,3398012,0.0066,0
authentication-api-00327,4,腾讯云,4206584,0.0002,0
analytics-api-00328,1,私有云,3046902,0.0003,0
shipping-api-00329,1,本地部署,1936861,0.0202,0
billing-api-00330,3,AWS,811127,0.0401,2
users-api-00331,5,Azure,3661781,0.0084,0
orders-api-00332,5,Google Cloud,4000844,0.0022,1
payments-api-00333,1,阿里云,4649693,0.0091,0
inventory-api-00334,4,腾讯云,2566457,0.0033,2
search-api-00335,2,私有云,3409699,0.0044,0
notifications-api-00336,1,本地部署,4576267,0.0043,1
authentication-api-00337,3,AWS,2716001,0.0018,1
analytics-api-00338,2,Azure,4961883,0.0000,1
shipping-api-00339,4,Google Cloud,1073253,0.0253,0
billing-api-00340,5,阿里云,4386611,0.0000,0
users-api-00341,4,腾讯云,2246845,0.0015,0
orders-api-00342,1,私有云,2071411,0.0078,0
payments-api-00343,3,本地部署,4994445,0.0332,0
inventory-api-00344,3,AWS,2811676,0.0268,1
search-api-00345,4,Azure,2584659,0.0000,0
notifications-api-00346,3,Google Cloud,4085681,0.0012,0
authentication-api-00347,1,阿里云,4766150,0.0072,0
analytics-api-00348,3,腾讯云,3054752,0.0466,2
shipping-api-00349,5,私有云,4123350,0.0093,1
billing-api-00350,2,本地部署,1144216,0.0094,1
users-api-00351,4,AWS,3006698,0.0041,2
orders-api-00352,5,Azure,4135262,0.0031,0
payments-api-00353,3,Google Cloud,3734331,0.0048,1
inventory-api-00354,5,阿里云,1682405,0.0050,0
search-api-00355,1,腾讯云,4836825,0.0000,0
notifications-api-00356,5,私有云,1078026,0.0039,0
authentication-api-00357,2,本地部署,1830384,0.0029,0
analytics-api-00358,3,AWS,159408,0.0025,3
shipping-api-00359,1,Azure,2042381,0.0096,0
billing-api-00360,1,Google Cloud,3790265,0.0007,0
users-api-00361,2,阿里云,4860119,0.0000,0
orders-api-00362,4,腾讯云,2981426,0.0498,1
payments-api-00363,5,私有云,3379429,0.0248,1
inventory-api-00364,1,本地部署,4868270,0.0357,0
search-api-00365,2,AWS,609993,0.1514,0
notifications-api-00366,2,Azure,3627605,0.0020,1
authentication-api-00367,4,Google Cloud,677639,0.0322,2
analytics-api-00368,2,阿里云,2836327,0.0026,5
shipping-api-00369,1,腾讯云,4686511,0.0100,0
billing-api-00370,5,私有云,4182517,0.0407,2
users-api-00371,4,本地部署,1371821,0.0095,0
orders-api-00372,1,AWS,4332732,0.0018,0
payments-api-00373,3,Azure,291677,0.0089,3
inventory-api-00374,1,Google Cloud,2966130,0.0081,5
search-api-00375,2,阿里云,2367248,0.0000,0
notifications-api-00376,1,腾讯云,1245626,0.0058,2
authentication-api-00377,5,私有云,843442,0.0084,5
analytics-api-00378,5,本地部署,4076592,0.0393,0
shipping-api-00379,4,AWS,4120106,0.0004,0
billing-api-00380,4,Azure,4406989,0.0515,1
users-api-00381,1,Google Cloud,1711721,0.0014,1
orders-api-00382,3,阿里云,3028796,0.0000,0
payments-api-00383,5,腾讯云,3580713,0.0000,3
inventory-api-00384,4,私有云,523473,0.0052,0
search-api-00385,4,本地部署,4224126,0.0077,1
notifications-api-00386,5,AWS,2165532,0.0000,1
authentication-api-00387,5,Azure,2899772,0.0126,3
analytics-api-00388,5,Google Cloud,4160820,0.0015,8
shipping-api-00389,2,阿里云,3396812,0.0438,5
billing-api-00390,3,腾讯云,79075,0.0084,5
users-api-00391,1,私有云,1308232,0.0311,0
orders-api-00392,5,本地部署,1135665,0.0027,0
payments-api-00393,5,AWS,2419383,0.0296,5
inventory-api-00394,1,Azure,2891362,0.0003,0
search-api-00395,4,Google Cloud,4808584,0.0010,0
notifications-api-00396,2,阿里云,1584960,0.0000,0
authentication-api-00397,3,腾讯云,2401957,0.0000,0
analytics-api-00398,3,私有云,543370,0.0404,0
shipping-api-00399,2,本地部署,3448623,0.0030,0
billing-api-00400,3,AWS,2823825,0.0061,8
users-api-00401,4,Azure,3272963,0.0309,0
orders-api-00402,5,Google Cloud,2981576,0.0115,2
payments-api-00403,3,阿里云,418798,0.0036,0
inventory-api-00404,3,腾讯云,297498,0.0317,0
search-api-00405,3,私有云,1208600,0.0000,2
notifications-api-00406,5,本地部署,4251181,0.0014,0
authentication-api-00407,5,AWS,4610516,0.0047,5
analytics-api-00408,3,Azure,1560789,0.0280,0
shipping-api-00409,3,Google Cloud,2257893,0.0045,0
billing-api-00410,3,阿里云,1164718,0.0082,1
users-api-00411,4,腾讯云,1875848,0.0000,0
orders-api-00412,4,私有云,1544250,0.0030,8
payments-api-00413,1,本地部署,1969235,0.2699,0
inventory-api-00414,3,AWS,3026553,0.0047,0
search-api-00415,4,Azure,4694530,0.0054,0
notifications-api-00416,2,Google Cloud,938193,0.0065,0
authentication-api-00417,3,阿里云,135862,0.0000,0
analytics-api-00418,5,腾讯云,3511718,0.0036,2
shipping-api-00419,3,私有云,4110204,0.0000,0
billing-api-00420,3,本地部署,1819095,0.0035,0
users-api-00421,1,AWS,4500873,0.0020,3
orders-api-00422,1,Azure,4759797,0.0337,0
payments-api-00423,3,Google Cloud,3297753,0.0082,8
inventory-api-00424,1,阿里云,4880713,0.0093,2
search-api-00425,2,腾讯云,2192221,0.0027,0
notifications-api-00426,1,私有云,3801331,0.0072,1
authentication-api-00427,4,本地部署,119242,0.0094,1
analytics-api-00428,1,AWS,4661160,0.0000,0
shipping-api-00429,5,Azure,2602716,0.0022,0
billing-api-00430,2,Google Cloud,4417565,0.0409,1
users-api-00431,2,阿里云,4247053,0.0043,2
orders-api-00432,2,腾讯云,2180544,0.0047,0
payments-api-00433,5,私有云,1328297,0.0154,0
inventory-api-00434,4,本地部署,238817,0.0058,0
search-api-00435,1,AWS,3752841,0.0039,1
notifications-api-00436,2,Azure,207599,0.0411,2
authentication-api-00437,5,Google Cloud,517768,0.0117,3
analytics-api-00438,5,阿里云,2457171,0.0049,0
shipping-api-00439,3,腾讯云,3872765,0.0065,1
billing-api-00440,1,私有云,1166233,0.0338,2
users-api-00441,1,本地部署,1670045,0.0365,0
orders-api-00442,1,AWS,175275,0.0222,1
payments-api-00443,1,Azure,2246527,0.0089,1
inventory-api-00444,3,Google Cloud,3062567,0.0079,0
search-api-00445,5,阿里云,4165433,0.0016,0
notifications-api-00446,5,腾讯云,2432161,0.0225,0
authentication-api-00447,4,私有云,4102038,0.0205,0
analytics-api-00448,5,本地部署,419260,0.0000,13
shipping-api-00449,3,AWS,2359231,0.0080,0
billing-api-00450,5,Azure,3779752,0.0014,0
users-api-00451,5,Google Cloud,3001671,0.0370,2
orders-api-00452,1,阿里云,1405902,0.0047,5
payments-api-00453,5,腾讯云,2074669,0.0092,2
inventory-api-00454,2,私有云,3925373,0.0047,0
search-api-00455,4,本地部署,232752,0.0029,3
notifications-api-00456,5,AWS,3240274,0.0066,0
authentication-api-00457,5,Azure,310121,0.0017,5
analytics-api-00458,1,Google Cloud,4797031,0.0052,0
shipping-api-00459,3,阿里云,3079700,0.0057,1
billing-api-00460,1,腾讯云,3683346,0.0024,0
users-api-00461,5,私有云,2412668,0.0000,0
orders-api-00462,2,本地部署,3138293,0.0190,0
payments-api-00463,5,AWS,1782275,0.0060,3
inventory-api-00464,3,Azure,4014999,0.0098,1
search-api-00465,2,Google Cloud,790541,0.0028,1
notifications-api-00466,5,阿里云,2306923,0.0000,0
authentication-api-00467,5,腾讯云,1459153,0.0022,0
analytics-api-00468,4,私有云,4476719,0.0233,0
shipping-api-00469,4,本地部署,4521444,0.0316,2
billing-api-00470,4,AWS,4997223,0.0046,0
users-api-00471,1,Azure,3030326,0.0074,1
orders-api-00472,1,Google Cloud,2369257,0.0087,2
payments-api-00473,4,阿里云,4203722,0.0069,0
inventory-api-00474,2,腾讯云,748753,0.0016,0
search-api-00475,3,私有云,4941414,0.0050,0
notifications-api-00476,3,本地部署,3194210,0.0035,1
authentication-api-00477,5,AWS,209334,0.0005,0
analytics-api-00478,2,Azure,1870329,0.0028,0
shipping-api-00479,4,Google Cloud,481701,0.0141,0
billing-api-00480,5,阿里云,2062970,0.0000,1
users-api-00481,1,腾讯云,4450750,0.0087,0
orders-api-00482,1,私有云,4442298,0.0000,0
payments-api-00483,3,本地部署,2201027,0.0009,0
inventory-api-00484,1,AWS,1026874,0.0308,8
search-api-00485,4,Azure,1114054,0.0054,0
notifications-api-00486,5,Google Cloud,253848,0.0065,2
authentication-api-00487,1,阿里云,1426976,0.0011,0
analytics-api-00488,1,腾讯云,233408,0.1675,0
shipping-api-00489,1,私有云,1576027,0.0175,8
billing-api-00490,5,本地部署,127672,0.0069,1
users-api-00491,4,AWS,910200,0.2147,0
orders-api-00492,2,Azure,2868423,0.0230,0
payments-api-00493,3,Google Cloud,4976346,0.0075,0
inventory-api-00494,4,阿里云,1794132,0.0073,1
search-api-00495,4,腾讯云,4916137,0.0048,0
notifications-api-00496,4,私有云,2813328,0.0059,0
authentication-api-00497,5,本地部署,2455145,0.0031,0
analytics-api-00498,4,AWS,2005754,0.0031,8
shipping-api-00499,1,Azure,1769248,0.0005,1
billing-api-00500,1,Google Cloud,2357172,0.0013,3
users-api-00501,5,阿里云,0,0.0000,0
orders-api-00502,5,腾讯云,949626,0.1192,2
payments-api-00503,4,私有云,3969075,0.0000,0
inventory-api-00504,3,本地部署,81301,0.0049,0
search-api-00505,2,AWS,1670175,0.0100,0
notifications-api-00506,5,Azure,3830791,0.0000,1
authentication-api-00507,3,Google Cloud,483730,0.0018,3
analytics-api-00508,5,阿里云,1621797,0.0224,3
shipping-api-00509,5,腾讯云,57902,0.0006,1
billing-api-00510,5,私有云,2706422,0.0087,0
users-api-00511,4,本地部署,669616,0.0056,1
orders-api-00512,5,AWS,2316121,0.1162,0
payments-api-00513,5,Azure,3854997,0.0073,2
inventory-api-00514,5,Google Cloud,2910895,0.0094,2
search-api-00515,4,阿里云,387489,0.0000,0
notifications-api-00516,3,腾讯云,4833626,0.0000,0
authentication-api-00517,2,私有云,1575275,0.0144,2
analytics-api-00518,5,本地部署,265286,0.0055,1
shipping-api-00519,2,AWS,3925643,0.0003,1
billing-api-00520,4,Azure,3851749,0.0041,2
users-api-00521,5,Google Cloud,1016176,0.0407,1
orders-api-00522,1,阿里云,1445512,0.0098,0
payments-api-00523,3,腾讯云,2983159,0.0026,2
inventory-api-00524,2,私有云,2919416,0.0202,0
search-api-00525,5,本地部署,3706526,0.0066,0
notifications-api-00526,3,AWS,1587236,0.0125,2
authentication-api-00527,3,Azure,4115986,0.0028,8
analytics-api-00528,3,Google Cloud,1048278,0.0000,0
shipping-api-00529,4,阿里云,4770409,0.0085,1
billing-api-00530,4,腾讯云,29386,0.0397,0
users-api-00531,5,私有云,1675535,0.0063,2
orders-api-00532,1,本地部署,1187562,0.0090,1
payments-api-00533,3,AWS,4792465,0.0045,0
inventory-api-00534,2,Azure,1579002,0.0046,0
search-api-00535,5,Google Cloud,2358704,0.0028,0
notifications-api-00536,4,阿里云,1580074,0.0304,1
authentication-api-00537,5,腾讯云,9728,0.1374,0
analytics-api-00538,2,私有云,2011594,0.0040,0
shipping-api-00539,1,本地部署,1302536,0.0082,0
billing-api-00540,5,AWS,4137027,0.0045,0
users-api-00541,3,Azure,3665581,0.0005,1
orders-api-00542,2,Google Cloud,2572859,0.0067,1
payments-api-00543,4,阿里云,354204,0.0071,2
inventory-api-00544,5,腾讯云,281610,0.0077,0
search-api-00545,2,私有云,3214827,0.0321,8
notifications-api-00546,4,本地部署,1987928,0.0009,0
authentication-api-00547,5,AWS,48100,0.0074,0
analytics-api-00548,1,Azure,3483279,0.0293,0
shipping-api-00549,2,Google Cloud,2726877,0.0100,1
billing-api-00550,3,阿里云,4795158,0.0161,2
users-api-00551,2,腾讯云,1511057,0.0007,0
orders-api-00552,4,私有云,4621614,0.0250,3
payments-api-00553,1,本地部署,4392857,0.0059,1
inventory-api-00554,5,AWS,4292888,0.0322,0
search-api-00555,1,Azure,351647,0.0112,0
notifications-api-00556,5,Google Cloud,3229503,0.0000,1
authentication-api-00557,2,阿里云,1838056,0.0082,0
analytics-api-00558,4,腾讯云,3987902,0.0337,0
shipping-api-00559,1,私有云,4086849,0.0075,0
billing-api-00560,2,本地部署,2816913,0.0084,0
users-api-00561,5,AWS,762068,0.0000,3
orders-api-00562,1,Azure,3729969,0.0369,1
payments-api-00563,4,Google Cloud,97717,0.0000,0
inventory-api-00564,2,阿里云,688665,0.0000,0
search-api-00565,1,腾讯云,3751291,0.0064,0
notifications-api-00566,4,私有云,1342798,0.0423,0
authentication-api-00567,4,本地部署,382723,0.0071,2
analytics-api-00568,2,AWS,3263248,0.0066,1
shipping-api-00569,1,Azure,3107428,0.2446,0
billing-api-00570,1,Google Cloud,1747416,0.0229,0
users-api-00571,3,阿里云,2802303,0.0008,0
orders-api-00572,1,腾讯云,432475,0.0000,2
payments-api-00573,4,私有云,2416567,0.0038,3
inventory-api-00574,3,本地部署,4627450,0.0368,1
search-api-00575,1,AWS,4862659,0.2385,0
notifications-api-00576,1,Azure,2562979,0.0064,3
authentication-api-00577,5,Google Cloud,2792940,0.0027,0
analytics-api-00578,1,阿里云,8150,0.0047,2
shipping-api-00579,5,腾讯云,1757799,0.0002,0
billing-api-00580,1,私有云,2130030,0.0088,1
users-api-00581,2,本地部署,471358,0.0073,0
orders-api-00582,1,AWS,4568689,0.0055,0
payments-api-00583,5,Azure,4008382,0.0087,0
inventory-api-00584,3,Google Cloud,2680816,0.0046,0
search-api-00585,4,阿里云,1059768,0.0038,0
notifications-api-00586,5,腾讯云,2763637,0.0089,0
authentication-api-00587,4,私有云,735944,0.0092,1
analytics-api-00588,5,本地部署,4374560,0.0049,0
shipping-api-00589,3,AWS,4369246,0.0300,2
billing-api-00590,4,Azure,2430501,0.0000,0
users-api-00591,5,Google Cloud,4016718,0.0098,0
orders-api-00592,4,阿里云,2613219,0.0017,1
payments-api-00593,5,腾讯云,2468293,0.0275,0
inventory-api-00594,4,私有云,4406002,0.0066,1
search-api-00595,1,本地部署,4821435,0.0024,1
notifications-api-00596,3,AWS,656244,0.0025,1
authentication-api-00597,2,Azure,1170177,0.0150,5
analytics-api-00598,4,Google Cloud,4215868,0.0216,0
shipping-api-00599,5,阿里云,2288237,0.0033,0
billing-api-00600,2,腾讯云,1531003,0.0042,0
users-api-00601,4,私有云,1324966,0.0153,0
orders-api-00602,1,本地部署,1289600,0.0000,1
payments-api-00603,1,AWS,4459182,0.0000,3
inventory-api-00604,2,Azure,3726433,0.0059,0
search-api-00605,5,Google Cloud,3048672,0.0019,1
notifications-api-00606,5,阿里云,4138796,0.0045,1
authentication-api-00607,3,腾讯云,173415,0.0045,5
analytics-api-00608,2,私有云,1633017,0.0054,0
shipping-api-00609,3,本地部署,3004068,0.0481,2
billing-api-00610,3,AWS,756496,0.0423,0
users-api-00611,3,Azure,843984,0.0377,0
orders-api-00612,1,Google Cloud,1295841,0.0301,3
payments-api-00613,3,阿里云,4900888,0.0029,0
inventory-api-00614,1,腾讯云,935472,0.0000,3
search-api-00615,1,私有云,2149465,0.0058,0
notifications-api-00616,2,本地部署,4867810,0.0003,2
authentication-api-00617,3,AWS,1378273,0.0047,0
analytics-api-00618,5,Azure,2428817,0.0000,0
shipping-api-00619,1,Google Cloud,4541810,0.0057,0
billing-api-00620,2,阿里云,4823116,0.0058,0
users-api-00621,5,腾讯云,1781470,0.0029,0
orders-api-00622,1,私有云,1922493,0.0013,1
payments-api-00623,1,本地部署,2054776,0.0000,1
inventory-api-00624,3,AWS,3386919,0.0336,0
search-api-00625,1,Azure,672182,0.0016,0
notifications-api-00626,2,Google Cloud,4449990,0.0832,0
authentication-api-00627,2,阿里云,2053512,0.0036,0
analytics-api-00628,4,腾讯云,236915,0.2379,0
shipping-api-00629,5,私有云,3150738,0.0237,2
billing-api-00630,1,本地部署,1039874,0.0071,0
users-api-00631,1,AWS,952145,0.0067,0
orders-api-00632,2,Azure,2965337,0.0430,1
payments-api-00633,4,Google Cloud,1648940,0.0035,3
inventory-api-00634,2,阿里云,4377601,0.0038,0
search-api-00635,5,腾讯云,2070346,0.0067,0
notifications-api-00636,3,私有云,1320317,0.0000,2
authentication-api-00637,2,本地部署,3750710,0.0245,2
analytics-api-00638,5,AWS,4986198,0.0146,0
shipping-api-00639,4,Azure,3753868,0.0308,1
billing-api-00640,3,Google Cloud,4415804,0.0080,0
users-api-00641,4,阿里云,2909321,0.0052,0
orders-api-00642,4,腾讯云,644086,0.0012,0
payments-api-00643,4,私有云,4047110,0.0068,3
inventory-api-00644,5,本地部署,3973628,0.0000,0
search-api-00645,3,AWS,3885489,0.0015,0
notifications-api-00646,3,Azure,1441927,0.0059,0
authentication-api-00647,4,Google Cloud,1577729,0.0228,0
analytics-api-00648,2,阿里云,3805169,0.0120,0
shipping-api-00649,3,腾讯云,521584,0.0133,0
billing-api-00650,1,私有云,3803778,0.0000,1
users-api-00651,2,本地部署,2559433,0.0010,0
orders-api-00652,3,AWS,2190554,0.0000,2
payments-api-00653,5,Azure,901064,0.0061,0
inventory-api-00654,5,Google Cloud,241924,0.0085,0
search-api-00655,5,阿里云,4879403,0.0059,2
notifications-api-00656,2,腾讯云,2545048,0.0206,3
authentication-api-00657,1,私有云,4279522,0.0027,0
analytics-api-00658,3,本地部署,2181910,0.0084,0
shipping-api-00659,2,AWS,1826976,0.0122,2
billing-api-00660,1,Azure,2050375,0.0046,0
users-api-00661,2,Google Cloud,1432784,0.0021,1
orders-api-00662,2,阿里云,856721,0.0054,0
payments-api-00663,5,腾讯云,561469,0.0000,0
inventory-api-00664,1,私有云,564004,0.0410,0
search-api-00665,2,本地部署,764418,0.0003,8
notifications-api-00666,3,AWS,4976523,0.0074,0
authentication-api-00667,5,Azure,697940,0.0067,0
analytics-api-00668,2,Google Cloud,2491390,0.0360,0
shipping-api-00669,3,阿里云,4938969,0.0405,0
billing-api-00670,3,腾讯云,2114702,0.0015,1
users-api-00671,4,私有云,169929,0.0132,3
orders-api-00672,2,本地部署,2155873,0.0000,0
payments-api-00673,2,AWS,1792090,0.0407,0
inventory-api-00674,5,Azure,2705938,0.0056,0
search-api-00675,4,Google Cloud,2392104,0.0017,1
notifications-api-00676,3,阿里云,4350593,0.0026,0
authentication-api-00677,5,腾讯云,4208876,0.0477,2
analytics-api-00678,1,私有云,2296577,0.0028,0
shipping-api-00679,5,本地部署,3798872,0.0032,0
billing-api-00680,1,AWS,177871,0.0384,3
users-api-00681,3,Azure,1553194,0.0467,2
orders-api-00682,5,Google Cloud,3550415,0.0035,0
payments-api-00683,2,阿里云,2972506,0.0084,1
inventory-api-00684,1,腾讯云,2058933,0.0065,0
search-api-00685,3,私有云,4288991,0.0085,1
notifications-api-00686,3,本地部署,2803343,0.0015,1
authentication-api-00687,4,AWS,2165834,0.0085,0
analytics-api-00688,3,Azure,4081394,0.1739,3
shipping-api-00689,5,Google Cloud,119960,0.0384,0
billing-api-00690,3,阿里云,4555289,0.0395,0
users-api-00691,1,腾讯云,3483223,0.0027,0
orders-api-00692,4,私有云,2523172,0.0060,1
payments-api-00693,3,本地部署,1318910,0.0086,0
inventory-api-00694,1,AWS,259583,0.0000,0
search-api-00695,5,Azure,1442091,0.0027,2
notifications-api-00696,4,Google Cloud,4182962,0.0054,0
authentication-api-00697,2,阿里云,357200,0.0375,2
analytics-api-00698,3,腾讯云,4917895,0.0000,2
shipping-api-00699,1,私有云,2962075,0.0021,8
billing-api-00700,4,本地部署,2466649,0.0057,2
users-api-00701,4,AWS,313095,0.0076,0
orders-api-00702,4,Azure,1473996,0.0000,0
payments-api-00703,4,Google Cloud,3782071,0.0071,0
inventory-api-00704,5,阿里云,4924342,0.0052,0
search-api-00705,3,腾讯云,3891559,0.0000,0
notifications-api-00706,3,私有云,84817,0.0062,5
authentication-api-00707,4,本地部署,2038623,0.0471,0
analytics-api-00708,3,AWS,950270,0.0015,0
shipping-api-00709,5,Azure,3610286,0.2436,1
billing-api-00710,4,Google Cloud,4642822,0.0248,0
users-api-00711,2,阿里云,3866044,0.0037,2
orders-api-00712,4,腾讯云,83940,0.0080,3
payments-api-00713,3,私有云,1887669,0.0057,0
inventory-api-00714,5,本地部署,508768,0.0049,0
search-api-00715,2,AWS,2325738,0.0486,2
notifications-api-00716,5,Azure,2739234,0.0401,1
authentication-api-00717,5,Google Cloud,1971725,0.0306,1
analytics-api-00718,5,阿里云,4979612,0.0129,1
shipping-api-00719,4,腾讯云,1578813,0.0343,0
billing-api-00720,3,私有云,4138651,0.0333,1
users-api-00721,3,本地部署,4291904,0.0000,0
orders-api-00722,2,AWS,1189946,0.0070,3
payments-api-00723,5,Azure,4778801,0.0440,0
inventory-api-00724,2,Google Cloud,2542948,0.0013,1
search-api-00725,5,阿里云,3577602,0.0086,0
notifications-api-00726,1,腾讯云,3112826,0.0227,0
authentication-api-00727,4,私有云,4453142,0.0389,0
analytics-api-00728,5,本地部署,2724333,0.0044,0
shipping-api-00729,5,AWS,595037,0.0048,3
billing-api-00730,3,Azure,1136067,0.0020,0
users-api-00731,4,Google Cloud,1113119,0.0003,0
orders-api-00732,3,阿里云,2207022,0.0067,0
payments-api-00733,4,腾讯云,2187731,0.0000,0
inventory-api-00734,5,私有云,61355,0.0000,1
search-api-00735,4,本地部署,2652160,0.2837,2
notifications-api-00736,4,AWS,2125394,0.0006,1
authentication-api-00737,1,Azure,1194504,0.0105,2
analytics-api-00738,4,Google Cloud,4023742,0.0045,0
shipping-api-00739,3,阿里云,2388301,0.0000,0
billing-api-00740,3,腾讯云,1953066,0.0081,0
users-api-00741,5,私有云,1595004,0.0000,0
orders-api-00742,5,本地部署,1821712,0.0386,0
payments-api-00743,1,AWS,1598186,0.0000,0
inventory-api-00744,4,Azure,1889290,0.0000,0
search-api-00745,1,Google Cloud,4642676,0.0000,0
notifications-api-00746,5,阿里云,2552541,0.0061,1
authentication-api-00747,5,腾讯云,4457535,0.0037,0
analytics-api-00748,5,私有云,2158601,0.2089,8
shipping-api-00749,1,本地部署,1260372,0.0019,0
billing-api-00750,3,AWS,1412920,0.0037,1
users-api-00751,3,Azure,0,0.0000,0
orders-api-00752,1,Google Cloud,4000251,0.0017,0
payments-api-00753,2,阿里云,2395661,0.0206,0
inventory-api-00754,1,腾讯云,702075,0.0037,5
search-api-00755,4,私有云,2956871,0.0080,0
notifications-api-00756,1,本地部署,3062515,0.0000,0
authentication-api-00757,4,AWS,4526230,0.0083,1
analytics-api-00758,3,Azure,1899146,0.0062,1
shipping-api-00759,4,Google Cloud,1473016,0.0039,0
billing-api-00760,1,阿里云,3906516,0.0000,2
users-api-00761,4,腾讯云,2949690,0.0080,0
orders-api-00762,4,私有云,4961768,0.0017,1
payments-api-00763,5,本地部署,978546,0.0500,3
inventory-api-00764,5,AWS,384470,0.1594,0
search-api-00765,4,Azure,3817530,0.0070,2
notifications-api-00766,5,Google Cloud,4521508,0.0167,2
authentication-api-00767,4,阿里云,1762969,0.0094,3
analytics-api-00768,4,腾讯云,4358980,0.0000,0
shipping-api-00769,4,私有云,1325583,0.0041,0
billing-api-00770,2,本地部署,723777,0.0051,5
users-api-00771,1,AWS,1907410,0.0124,0
orders-api-00772,2,Azure,4054025,0.0098,0
payments-api-00773,5,Google Cloud,2839793,0.0000,0
inventory-api-00774,5,阿里云,1324961,0.0066,1
search-api-00775,1,腾讯云,490563,0.0384,3
notifications-api-00776,4,私有云,4596810,0.0000,1
authentication-api-00777,5,本地部署,694292,0.0093,1
analytics-api-00778,2,AWS,825926,0.0028,0
shipping-api-00779,4,Azure,2177844,0.0016,0
billing-api-00780,2,Google Cloud,4304676,0.0030,0
users-api-00781,1,阿里云,2264662,0.0083,0
orders-api-00782,4,腾讯云,3612118,0.0184,0
payments-api-00783,5,私有云,340466,0.0062,2
inventory-api-00784,4,本地部署,2636953,0.0000,0
search-api-00785,2,AWS,1895146,0.0029,8
notifications-api-00786,1,Azure,2843632,0.0083,2
authentication-api-00787,2,Google Cloud,4543612,0.0080,2
analytics-api-00788,4,阿里云,3214217,0.0088,0
shipping-api-00789,3,腾讯云,4531767,0.0385,0
billing-api-00790,2,私有云,1244232,0.0100,2
users-api-00791,4,本地部署,3136720,0.0199,5
orders-api-00792,5,AWS,3733080,0.0050,0
payments-api-00793,3,Azure,949546,0.0066,3
inventory-api-00794,5,Google Cloud,730569,0.0046,0
search-api-00795,3,阿里云,2107590,0.0042,2
notifications-api-00796,1,腾讯云,3591921,0.0055,0
authentication-api-00797,2,私有云,4662111,0.0056,3
analytics-api-00798,2,本地部署,31867,0.0102,0
shipping-api-00799,3,AWS,2793818,0.0002,1
billing-api-00800,4,Azure,2004525,0.0000,0
users-api-00801,2,Google Cloud,4741845,0.0291,0
orders-api-00802,5,阿里云,4225138,0.0161,0
payments-api-00803,1,腾讯云,4479876,0.0025,3
inventory-api-00804,3,私有云,1686079,0.0258,1
search-api-00805,2,本地部署,2727598,0.0364,0
notifications-api-00806,3,AWS,2009223,0.0047,0
authentication-api-00807,5,Azure,3662375,0.0036,3
analytics-api-00808,5,Google Cloud,3441113,0.0201,3
shipping-api-00809,5,阿里云,898781,0.0204,0
billing-api-00810,1,腾讯云,758287,0.0015,0
users-api-00811,2,私有云,4580804,0.0027,0
orders-api-00812,4,本地部署,1752956,0.0080,0
payments-api-00813,3,AWS,2145622,0.0000,0
inventory-api-00814,1,Azure,492437,0.0064,0
search-api-00815,1,Google Cloud,4795992,0.0290,0
notifications-api-00816,4,阿里云,4507525,0.0000,1
authentication-api-00817,2,腾讯云,1479253,0.0084,0
analytics-api-00818,3,私有云,1613387,0.0026,0
shipping-api-00819,3,本地部署,1698411,0.0041,0
billing-api-00820,4,AWS,4812532,0.0114,0
users-api-00821,3,Azure,3523899,0.0070,0
orders-api-00822,2,Google Cloud,3861195,0.0000,1
payments-api-00823,4,阿里云,581156,0.0075,1
inventory-api-00824,3,腾讯云,356272,0.0000,8
search-api-00825,1,私有云,4898753,0.0271,0
notifications-api-00826,4,本地部署,4658184,0.0026,0
authentication-api-00827,5,AWS,2264459,0.0023,0
analytics-api-00828,3,Azure,698332,0.0084,1
shipping-api-00829,5,Google Cloud,4860445,0.0017,0
billing-api-00830,2,阿里云,2980222,0.0375,0
users-api-00831,4,腾讯云,2093474,0.0000,2
orders-api-00832,2,私有云,4643691,0.0000,1
payments-api-00833,5,本地部署,396419,0.0098,0
inventory-api-00834,2,AWS,437046,0.0026,0
search-api-00835,2,Azure,3584817,0.0052,0
notifications-api-00836,1,Google Cloud,498747,0.0000,0
authentication-api-00837,5,阿里云,1021170,0.0058,0
analytics-api-00838,3,腾讯云,4011602,0.0000,3
shipping-api-00839,5,私有云,4849889,0.0050,0
billing-api-00840,2,本地部署,3148755,0.0011,1
users-api-00841,2,AWS,1975838,0.0070,5
orders-api-00842,2,Azure,1850822,0.0777,8
payments-api-00843,4,Google Cloud,3150736,0.0036,5
inventory-api-00844,3,阿里云,3737203,0.0021,0
search-api-00845,5,腾讯云,4404490,0.0404,0
notifications-api-00846,3,私有云,935109,0.0068,5
authentication-api-00847,3,本地部署,1321344,0.0016,8
analytics-api-00848,4,AWS,3457676,0.0017,1
shipping-api-00849,4,Azure,1145930,0.0000,2
billing-api-00850,3,Google Cloud,2313420,0.0000,0
users-api-00851,2,阿里云,740502,0.0010,8
orders-api-00852,5,腾讯云,3033954,0.0157,0
payments-api-00853,4,私有云,4682682,0.0052,0
inventory-api-00854,4,本地部署,648987,0.0032,0
search-api-00855,4,AWS,2705190,0.0100,1
notifications-api-00856,3,Azure,2653460,0.0172,1
authentication-api-00857,5,Google Cloud,2520593,0.1047,1
analytics-api-00858,5,阿里云,1309353,0.0076,0
shipping-api-00859,3,腾讯云,3524954,0.0039,2
billing-api-00860,2,私有云,2422689,0.0184,0
users-api-00861,1,本地部署,2982122,0.0035,0
orders-api-00862,5,AWS,1610471,0.0010,5
payments-api-00863,4,Azure,2515005,0.0000,5
inventory-api-00864,5,Google Cloud,1625694,0.0067,1
search-api-00865,1,阿里云,3404368,0.0051,0
notifications-api-00866,2,腾讯云,3265351,0.0041,1
authentication-api-00867,4,私有云,2389806,0.0062,0
analytics-api-00868,4,本地部署,660299,0.0180,0
shipping-api-00869,3,AWS,2867096,0.0357,1
billing-api-00870,5,Azure,4275468,0.0308,0
users-api-00871,4,Google Cloud,2504139,0.0032,1
orders-api-00872,1,阿里云,4666897,0.0042,0
payments-api-00873,5,腾讯云,3671779,0.0043,2
inventory-api-00874,2,私有云,2065085,0.0043,0
search-api-00875,2,本地部署,4718108,0.0099,1
notifications-api-00876,5,AWS,556323,0.1082,2
authentication-api-00877,4,Azure,2535594,0.0315,1
analytics-api-00878,3,Google Cloud,1081165,0.0000,0
shipping-api-00879,5,阿里云,88871,0.0371,8
billing-api-00880,4,腾讯云,177980,0.0091,0
users-api-00881,1,私有云,1763683,0.0239,0
orders-api-00882,3,本地部署,649840,0.0031,1
payments-api-00883,1,AWS,2677979,0.0059,1
inventory-api-00884,4,Azure,2385877,0.0036,3
search-api-00885,4,Google Cloud,4927289,0.0062,0
notifications-api-00886,3,阿里云,2928838,0.0289,0
authentication-api-00887,1,腾讯云,1451214,0.0469,0
analytics-api-00888,4,私有云,2917099,0.0000,0
shipping-api-00889,5,本地部署,2562449,0.0194,0
billing-api-00890,5,AWS,732323,0.0097,0
users-api-00891,1,Azure,4220803,0.0148,0
orders-api-00892,5,Google Cloud,4513556,0.0008,2
payments-api-00893,2,阿里云,2020996,0.0039,0
inventory-api-00894,4,腾讯云,3564238,0.0000,0
search-api-00895,1,私有云,3442659,0.0019,0
notifications-api-00896,2,本地部署,4312045,0.0902,0
authentication-api-00897,5,AWS,4883390,0.0104,1
analytics-api-00898,4,Azure,3063861,0.0076,0
shipping-api-00899,5,Google Cloud,1428374,0.0443,0
billing-api-00900,2,阿里云,1908444,0.0084,0
users-api-00901,4,腾讯云,3511416,0.0076,0
orders-api-00902,4,私有云,3189492,0.0089,5
payments-api-00903,1,本地部署,1733036,0.0000,1
inventory-api-00904,4,AWS,976994,0.0000,0
search-api-00905,5,Azure,1364496,0.0131,2
notifications-api-00906,1,Google Cloud,1143439,0.0983,0
authentication-api-00907,3,阿里云,449585,0.0077,1
analytics-api-00908,4,腾讯云,4846371,0.0000,0
shipping-api-00909,4,私有云,3230420,0.0019,5
billing-api-00910,1,本地部署,2974452,0.0000,0
users-api-00911,4,AWS,2542927,0.0005,1
orders-api-00912,4,Azure,1991815,0.0391,0
payments-api-00913,3,Google Cloud,4945103,0.0056,1
inventory-api-00914,1,阿里云,3878141,0.0077,0
search-api-00915,1,腾讯云,2891606,0.0000,0
notifications-api-00916,4,私有云,4115451,0.0045,0
authentication-api-00917,2,本地部署,299243,0.0076,0
analytics-api-00918,3,AWS,2718345,0.0049,8
shipping-api-00919,3,Azure,2033243,0.0013,1
billing-api-00920,4,Google Cloud,4152806,0.0000,2
users-api-00921,2,阿里云,3593598,0.0025,0
orders-api-00922,5,腾讯云,2418525,0.0381,2
payments-api-00923,5,私有云,3502636,0.0276,0
inventory-api-00924,4,本地部署,1856944,0.0058,0
search-api-00925,1,AWS,1543441,0.0071,3
notifications-api-00926,3,Azure,4017656,0.0065,3
authentication-api-00927,2,Google Cloud,1127676,0.0059,13
analytics-api-00928,1,阿里云,1394571,0.0188,5
shipping-api-00929,2,腾讯云,1202011,0.0063,0
billing-api-00930,2,私有云,1001615,0.0000,0
users-api-00931,2,本地部署,1803581,0.0000,2
orders-api-00932,4,AWS,202697,0.0082,0
payments-api-00933,4,Azure,3440667,0.0100,0
inventory-api-00934,3,Google Cloud,1006301,0.0073,0
search-api-00935,3,阿里云,451155,0.0064,0
notifications-api-00936,1,腾讯云,3152056,0.0065,1
authentication-api-00937,1,私有云,1311377,0.0076,0
analytics-api-00938,3,本地部署,4457605,0.0001,0
shipping-api-00939,1,AWS,2230107,0.0017,1
billing-api-00940,4,Azure,3444536,0.0002,2
users-api-00941,4,Google Cloud,238658,0.0002,5
orders-api-00942,3,阿里云,3043951,0.0040,2
payments-api-00943,3,腾讯云,4036941,0.0006,1
inventory-api-00944,4,私有云,3360417,0.2883,0
search-api-00945,1,本地部署,4508475,0.0028,0
notifications-api-00946,1,AWS,1402145,0.0092,0
authentication-api-00947,4,Azure,3974857,0.0000,0
analytics-api-00948,5,Google Cloud,65661,0.0000,0
shipping-api-00949,2,阿里云,2919416,0.0166,0
billing-api-00950,5,腾讯云,3996555,0.0038,0
users-api-00951,1,私有云,3683833,0.0011,0
orders-api-00952,2,本地部署,4761567,0.0431,1
payments-api-00953,5,AWS,4011057,0.0143,0
inventory-api-00954,4,Azure,1059143,0.0004,8
search-api-00955,1,Google Cloud,3297961,0.0009,2
notifications-api-00956,5,阿里云,3774899,0.0099,5
authentication-api-00957,3,腾讯云,3063375,0.0047,0
analytics-api-00958,5,私有云,4257335,0.0019,0
shipping-api-00959,5,本地部署,3819004,0.0019,0
billing-api-00960,2,AWS,1868133,0.0019,8
users-api-00961,4,Azure,2275306,0.0000,0
orders-api-00962,2,Google Cloud,2055360,0.0070,0
payments-api-00963,5,阿里云,3626990,0.0000,1
inventory-api-00964,1,腾讯云,4284462,0.0000,0
search-api-00965,1,私有云,4104183,0.0018,3
notifications-api-00966,2,本地部署,3573894,0.0009,0
authentication-api-00967,2,AWS,795739,0.0000,0
analytics-api-00968,2,Azure,4411278,0.0015,1
shipping-api-00969,2,Google Cloud,239688,0.0027,0
billing-api-00970,3,阿里云,326305,0.0077,3
users-api-00971,2,腾讯云,3373638,0.0372,1
orders-api-00972,3,私有云,3485746,0.0298,0
payments-api-00973,1,本地部署,3912196,0.0000,0
inventory-api-00974,3,AWS,918780,0.0001,2
search-api-00975,5,Azure,847535,0.0327,0
notifications-api-00976,2,Google Cloud,3431801,0.0378,0
authentication-api-00977,5,阿里云,3319967,0.0085,0
analytics-api-00978,1,腾讯云,2457034,0.0001,0
shipping-api-00979,4,私有云,3334723,0.0033,1
billing-api-00980,1,本地部署,4385205,0.0034,1
users-api-00981,2,AWS,806700,0.0019,0
orders-api-00982,2,Azure,2575582,0.0000,5
payments-api-00983,5,Google Cloud,874544,0.0014,1
inventory-api-00984,5,阿里云,1900054,0.0000,1
search-api-00985,5,腾讯云,1036565,0.0002,1
notifications-api-00986,3,私有云,1657110,0.0051,0
authentication-api-00987,3,本地部署,2709022,0.0084,2
analytics-api-00988,1,AWS,3921359,0.0088,3
shipping-api-00989,2,Azure,1983638,0.0059,5
billing-api-00990,1,Google Cloud,180744,0.0094,2
users-api-00991,4,阿里云,2284576,0.0274,8
orders-api-00992,5,腾讯云,4111689,0.0094,0
payments-api-00993,3,私有云,2490749,0.0164,3
inventory-api-00994,1,本地部署,3509792,0.0000,0
search-api-00995,4,AWS,864466,0.0208,0
notifications-api-00996,5,Azure,3721734,0.0044,0
authentication-api-00997,5,Google Cloud,836136,0.1823,0
analytics-api-00998,3,阿里云,3375950,0.0017,0
shipping-api-00999,1,腾讯云,3597192,0.0254,1
billing-api-01000,1,私有云,2100880,0.0039,0
users-api-01001,3,本地部署,0,0.0000,2
orders-api-01002,5,AWS,4533739,0.0098,0
payments-api-01003,4,Azure,4801266,0.0036,0
inventory-api-01004,1,Google Cloud,2481653,0.0033,0
search-api-01005,5,阿里云,4108477,0.0000,0
notifications-api-01006,3,腾讯云,4876986,0.0065,1
authentication-api-01007,4,私有云,1275110,0.0000,1
analytics-api-01008,2,本地部署,4756824,0.0063,0
shipping-api-01009,5,AWS,3989072,0.0056,1
billing-api-01010,4,Azure,1265017,0.0285,3
users-api-01011,5,Google Cloud,1076410,0.0458,0
orders-api-01012,5,阿里云,806826,0.0055,3
payments-api-01013,2,腾讯云,1313903,0.0000,0
inventory-api-01014,5,私有云,816390,0.0099,5
search-api-01015,5,本地部署,697918,0.0328,0
notifications-api-01016,2,AWS,1349491,0.0045,0
authentication-api-01017,1,Azure,2111446,0.0000,3
analytics-api-01018,3,Google Cloud,2646405,0.0007,0
shipping-api-01019,2,阿里云,1195179,0.0000,0
billing-api-01020,5,腾讯云,1807100,0.0387,0
users-api-01021,1,私有云,528905,0.0005,1
orders-api-01022,5,本地部署,53625,0.0067,0
payments-api-01023,5,AWS,3304368,0.0022,1
inventory-api-01024,3,Azure,1145025,0.0016,8
search-api-01025,2,Google Cloud,2356794,0.0059,0
notifications-api-01026,4,阿里云,1913565,0.0399,2
authentication-api-01027,2,腾讯云,3523563,0.0000,1
analytics-api-01028,4,私有云,57128,0.0194,0
shipping-api-01029,1,本地部署,4227654,0.0038,0
billing-api-01030,3,AWS,2123150,0.1282,2
users-api-01031,5,Azure,4611596,0.0046,0
orders-api-01032,2,Google Cloud,4539853,0.0023,0
payments-api-01033,4,阿里云,470895,0.0032,0
inventory-api-01034,2,腾讯云,1118853,0.0054,2
search-api-01035,3,私有云,2863079,0.0037,1
notifications-api-01036,4,本地部署,1490243,0.0078,0
authentication-api-01037,5,AWS,941547,0.0081,0
analytics-api-01038,1,Azure,4887827,0.0409,0
shipping-api-01039,3,Google Cloud,4797524,0.0014,8
billing-api-01040,3,阿里云,3276185,0.0485,3
users-api-01041,2,腾讯云,4924728,0.0079,0
orders-api-01042,3,私有云,636001,0.0018,1
payments-api-01043,1,本地部署,3777415,0.0088,1
inventory-api-01044,1,AWS,730160,0.0000,0
search-api-01045,3,Azure,2499963,0.0045,0
notifications-api-01046,4,Google Cloud,2639359,0.0036,0
authentication-api-01047,1,阿里云,1249993,0.0000,0
analytics-api-01048,1,腾讯云,2536777,0.0031,1
shipping-api-01049,2,私有云,2585557,0.0082,1
billing-api-01050,4,本地部署,4791413,0.0295,0
users-api-01051,2,AWS,1104267,0.0003,1
orders-api-01052,5,Azure,501514,0.0085,0
payments-api-01053,3,Google Cloud,2697637,0.0472,0
inventory-api-01054,4,阿里云,1873220,0.0054,0
search-api-01055,4,腾讯云,1148928,0.0088,0
notifications-api-01056,2,私有云,1689698,0.0045,1
authentication-api-01057,1,本地部署,2974353,0.0035,1
analytics-api-01058,2,AWS,4604610,0.0415,5
shipping-api-01059,1,Azure,2889642,0.0023,1
billing-api-01060,2,Google Cloud,3014507,0.0000,0
users-api-01061,5,阿里云,173444,0.0000,0
orders-api-01062,3,腾讯云,1894988,0.0024,0
payments-api-01063,4,私有云,4276000,0.0016,0
inventory-api-01064,3,本地部署,2812157,0.0035,0
search-api-01065,4,AWS,2456297,0.0462,1
notifications-api-01066,1,Azure,1894304,0.0131,0
authentication-api-01067,5,Google Cloud,2120585,0.0073,0
analytics-api-01068,4,阿里云,1480944,0.0023,0
shipping-api-01069,5,腾讯云,2673333,0.0475,0
billing-api-01070,4,私有云,1853869,0.0077,0
users-api-01071,5,本地部署,4510224,0.0056,2
orders-api-01072,1,AWS,3973318,0.0314,0
payments-api-01073,5,Azure,3311112,0.0016,0
inventory-api-01074,5,Google Cloud,882635,0.0473,2
search-api-01075,4,阿里云,4818483,0.0000,0
notifications-api-01076,5,腾讯云,4349420,0.0224,0
authentication-api-01077,2,私有云,2708314,0.0008,2
analytics-api-01078,3,本地部署,3941775,0.0084,0
shipping-api-01079,4,AWS,2977843,0.0252,0
billing-api-01080,3,Azure,3834737,0.0090,2
users-api-01081,5,Google Cloud,1358328,0.0092,0
orders-api-01082,4,阿里云,2513975,0.0032,0
payments-api-01083,1,腾讯云,2883499,0.0059,3
inventory-api-01084,2,私有云,2091534,0.0480,5
search-api-01085,4,本地部署,2235698,0.0043,0
notifications-api-01086,4,AWS,1561147,0.0062,0
authentication-api-01087,5,Azure,2731540,0.0007,0
analytics-api-01088,3,Google Cloud,577492,0.0036,0
shipping-api-01089,3,阿里云,342736,0.0067,2
billing-api-01090,2,腾讯云,3740476,0.0057,0
users-api-01091,3,私有云,2918596,0.0084,0
orders-api-01092,3,本地部署,2381450,0.0000,3
payments-api-01093,1,AWS,4883225,0.0007,0
inventory-api-01094,4,Azure,1191154,0.0000,0
search-api-01095,2,Google Cloud,110104,0.0038,0
notifications-api-01096,5,阿里云,2774062,0.0017,1
authentication-api-01097,4,腾讯云,2979049,0.0480,0
analytics-api-01098,5,私有云,468159,0.0123,0
shipping-api-01099,4,本地部署,52737,0.0095,8
billing-api-01100,4,AWS,1149170,0.0072,1
users-api-01101,3,Azure,3175136,0.0384,1
orders-api-01102,2,Google Cloud,3316171,0.0004,0
payments-api-01103,3,阿里云,4261924,0.0379,1
inventory-api-01104,1,腾讯云,3087752,0.0855,0
search-api-01105,3,私有云,630612,0.0000,0
notifications-api-01106,1,本地部署,3257889,0.0056,1
authentication-api-01107,2,AWS,3829445,0.0316,0
analytics-api-01108,2,Azure,2089156,0.0000,0
shipping-api-01109,2,Google Cloud,4037930,0.0215,3
billing-api-01110,5,阿里云,4752428,0.0083,0
users-api-01111,1,腾讯云,1961410,0.0015,1
orders-api-01112,4,私有云,4537411,0.0000,0
payments-api-01113,3,本地部署,296300,0.1613,1
inventory-api-01114,5,AWS,4111221,0.0007,3
search-api-01115,1,Azure,750022,0.0000,5
notifications-api-01116,1,Google Cloud,4586436,0.1702,13
authentication-api-01117,3,阿里云,110437,0.0020,1
analytics-api-01118,1,腾讯云,1789246,0.0067,0
shipping-api-01119,4,私有云,1957592,0.0043,1
billing-api-01120,5,本地部署,1809576,0.0000,0
users-api-01121,4,AWS,4508606,0.0011,0
orders-api-01122,5,Azure,634897,0.0091,1
payments-api-01123,1,Google Cloud,3690586,0.2709,0
inventory-api-01124,3,阿里云,2754577,0.0432,0
search-api-01125,2,腾讯云,3020319,0.0000,2
notifications-api-01126,4,私有云,3291984,0.0322,0
authentication-api-01127,5,本地部署,3080614,0.0458,3
analytics-api-01128,1,AWS,4054204,0.0030,1
shipping-api-01129,2,Azure,2061383,0.0043,1
billing-api-01130,4,Google Cloud,4738360,0.0020,2
users-api-01131,5,阿里云,1759380,0.0052,1
orders-api-01132,4,腾讯云,1072783,0.0052,0
payments-api-01133,2,私有云,1042715,0.0384,0
inventory-api-01134,1,本地部署,2582191,0.0072,2
search-api-01135,5,AWS,2664329,0.0010,0
notifications-api-01136,3,Azure,4524496,0.0000,5
authentication-api-01137,3,Google Cloud,1208875,0.0016,0
analytics-api-01138,2,阿里云,2700736,0.0023,0
shipping-api-01139,1,腾讯云,3765608,0.0189,0
billing-api-01140,2,私有云,4468403,0.1371,1
users-api-01141,1,本地部署,143806,0.0042,5
orders-api-01142,5,AWS,1286058,0.0019,2
payments-api-01143,3,Azure,3984654,0.0065,0
inventory-api-01144,1,Google Cloud,1566011,0.0005,1
search-api-01145,3,阿里云,3865834,0.0416,0
notifications-api-01146,5,腾讯云,1514580,0.0303,3
authentication-api-01147,2,私有云,4375852,0.0091,3
analytics-api-01148,1,本地部署,3766621,0.0000,8
shipping-api-01149,3,AWS,3535281,0.0000,1
billing-api-01150,3,Azure,1090338,0.0000,1
users-api-01151,4,Google Cloud,849749,0.0000,8
orders-api-01152,1,阿里云,40487,0.1246,0
payments-api-01153,3,腾讯云,4931943,0.0000,0
inventory-api-01154,5,私有云,2507828,0.0055,1
search-api-01155,2,本地部署,4133301,0.0067,1
notifications-api-01156,3,AWS,4039374,0.0321,2
authentication-api-01157,1,Azure,3326033,0.0000,0
analytics-api-01158,5,Google Cloud,1780551,0.0344,1
shipping-api-01159,1,阿里云,1065400,0.0000,3
billing-api-01160,4,腾讯云,620467,0.1947,0
users-api-01161,5,私有云,60336,0.0449,3
orders-api-01162,3,本地部署,2968636,0.0076,0
payments-api-01163,4,AWS,3469129,0.0416,0
inventory-api-01164,5,Azure,3900372,0.0065,13
search-api-01165,5,Google Cloud,3295726,0.1594,1
notifications-api-01166,5,阿里云,4464311,0.0455,0
authentication-api-01167,2,腾讯云,2814619,0.0468,0
analytics-api-01168,1,私有云,474325,0.0087,0
shipping-api-01169,2,本地部署,3863183,0.0062,0
billing-api-01170,5,AWS,2900166,0.0040,0
users-api-01171,2,Azure,1818923,0.0000,5
orders-api-01172,3,Google Cloud,2815286,0.0033,5
payments-api-01173,1,阿里云,4601152,0.0073,1
inventory-api-01174,2,腾讯云,3026041,0.0025,0
search-api-01175,5,私有云,4632173,0.0007,1
notifications-api-01176,2,本地部署,371975,0.2302,2
authentication-api-01177,3,AWS,3606865,0.0043,0
analytics-api-01178,4,Azure,73840,0.0034,0
shipping-api-01179,2,Google Cloud,1742988,0.2365,1
billing-api-01180,2,阿里云,3444546,0.0066,2
users-api-01181,1,腾讯云,3766209,0.0277,2
orders-api-01182,3,私有云,2685569,0.0480,2
payments-api-01183,3,本地部署,2170296,0.0066,2
inventory-api-01184,4,AWS,3230588,0.0015,0
search-api-01185,1,Azure,3650575,0.0071,0
notifications-api-01186,2,Google Cloud,433222,0.0082,3
authentication-api-01187,2,阿里云,659587,0.0005,3
analytics-api-01188,1,腾讯云,4386540,0.0073,5
shipping-api-01189,4,私有云,4004173,0.0249,2
billing-api-01190,3,本地部署,3169510,0.0025,5
users-api-01191,5,AWS,4168006,0.0043,0
orders-api-01192,3,Azure,2779160,0.0001,5
payments-api-01193,2,Google Cloud,4778031,0.0034,2
inventory-api-01194,5,阿里云,4370089,0.0072,2
search-api-01195,1,腾讯云,2695086,0.0072,1
notifications-api-01196,1,私有云,4849941,0.0072,0
authentication-api-01197,5,本地部署,160151,0.0063,8
analytics-api-01198,2,AWS,4415439,0.0075,2
shipping-api-01199,3,Azure,3233756,0.0240,0
billing-api-01200,1,Google Cloud,2922658,0.0084,0
users-api-01201,3,阿里云,1038631,0.0095,0
orders-api-01202,3,腾讯云,1702130,0.0063,8
payments-api-01203,4,私有云,244583,0.0204,2
inventory-api-01204,2,本地部署,4352462,0.0090,0
search-api-01205,4,AWS,418710,0.0027,8
notifications-api-01206,3,Azure,4344441,0.0143,0
authentication-api-01207,1,Google Cloud,283668,0.0307,0
analytics-api-01208,5,阿里云,473069,0.0000,0
shipping-api-01209,5,腾讯云,1008269,0.0042,8
billing-api-01210,2,私有云,3806736,0.0080,1
users-api-01211,3,本地部署,4713853,0.2499,2
orders-api-01212,2,AWS,1393180,0.0793,2
payments-api-01213,2,Azure,185644,0.0032,8
inventory-api-01214,2,Google Cloud,1665805,0.0022,2
search-api-01215,5,阿里云,3358404,0.0423,1
notifications-api-01216,1,腾讯云,3137062,0.0073,0
authentication-api-01217,4,私有云,4631599,0.0459,0
analytics-api-01218,3,本地部署,2779005,0.0000,0
shipping-api-01219,1,AWS,568182,0.0155,2
billing-api-01220,1,Azure,249921,0.0065,5
users-api-01221,4,Google Cloud,51358,0.0000,2
orders-api-01222,4,阿里云,4153352,0.0000,0
payments-api-01223,2,腾讯云,877514,0.0000,2
inventory-api-01224,5,私有云,1882972,0.0000,8
search-api-01225,3,本地部署,168252,0.0021,0
notifications-api-01226,4,AWS,3491756,0.0003,5
authentication-api-01227,4,Azure,323487,0.0072,0
analytics-api-01228,2,Google Cloud,3967788,0.0159,0
shipping-api-01229,3,阿里云,94066,0.0072,0
billing-api-01230,3,腾讯云,3601105,0.0019,1
users-api-01231,1,私有云,1551038,0.0093,0
orders-api-01232,4,本地部署,4014584,0.0000,0
payments-api-01233,1,AWS,2334681,0.0076,0
inventory-api-01234,3,Azure,1764884,0.0536,0
search-api-01235,5,Google Cloud,4266284,0.0092,0
notifications-api-01236,3,阿里云,1334437,0.0098,0
authentication-api-01237,1,腾讯云,4950580,0.0418,0
analytics-api-01238,5,私有云,1445868,0.0052,0
shipping-api-01239,2,本地部署,3828488,0.0081,0
billing-api-01240,5,AWS,854192,0.0000,0
users-api-01241,4,Azure,177630,0.0043,0
orders-api-01242,1,Google Cloud,2718806,0.0475,0
payments-api-01243,2,阿里云,3712888,0.0306,0
inventory-api-01244,4,腾讯云,3006097,0.0136,8
search-api-01245,2,私有云,4027597,0.0093,3
notifications-api-01246,2,本地部署,3076468,0.0022,0
authentication-api-01247,5,AWS,3217433,0.0048,0
analytics-api-01248,4,Azure,206017,0.0474,0
shipping-api-01249,3,Google Cloud,3952295,0.0068,3
billing-api-01250,2,阿里云,1254007,0.0000,0
users-api-01251,1,腾讯云,0,0.0000,5
orders-api-01252,5,私有云,2011063,0.0040,0
payments-api-01253,1,本地部署,1208599,0.0421,0
inventory-api-01254,5,AWS,4908178,0.0075,3
search-api-01255,1,Azure,712866,0.0320,1
notifications-api-01256,5,Google Cloud,4388536,0.0010,1
authentication-api-01257,4,阿里云,2552399,0.0002,0
analytics-api-01258,1,腾讯云,1342155,0.0022,0
shipping-api-01259,5,私有云,3731017,0.0009,0
billing-api-01260,1,本地部署,2485125,0.0294,0
users-api-01261,1,AWS,3504503,0.0015,1
orders-api-01262,2,Azure,4143412,0.2828,0
payments-api-01263,1,Google Cloud,534795,0.0071,0
inventory-api-01264,3,阿里云,87276,0.0068,2
search-api-01265,5,腾讯云,1090695,0.0036,2
notifications-api-01266,5,私有云,903485,0.0033,1
authentication-api-01267,1,本地部署,1428175,0.0088,2
analytics-api-01268,5,AWS,2575396,0.0065,0
shipping-api-01269,4,Azure,2730957,0.0040,1
billing-api-01270,5,Google Cloud,2728959,0.0000,0
users-api-01271,5,阿里云,2459039,0.0097,2
orders-api-01272,4,腾讯云,3101985,0.2582,3
payments-api-01273,1,私有云,1424429,0.0037,0
inventory-api-01274,3,本地部署,2284038,0.0026,0
search-api-01275,5,AWS,3429766,0.0000,2
notifications-api-01276,2,Azure,332359,0.0129,1
authentication-api-01277,4,Google Cloud,1663507,0.0033,2
analytics-api-01278,2,阿里云,2944318,0.0000,5
shipping-api-01279,3,腾讯云,4012745,0.0035,1
billing-api-01280,5,私有云,3145103,0.0293,0
users-api-01281,5,本地部署,2387781,0.0057,0
orders-api-01282,5,AWS,4529727,0.0000,2
payments-api-01283,3,Azure,4730900,0.0460,1
inventory-api-01284,2,Google Cloud,993754,0.0012,0
search-api-01285,1,阿里云,4822649,0.0062,5
notifications-api-01286,3,腾讯云,1232809,0.0057,1
authentication-api-01287,2,私有云,2771776,0.0042,1
analytics-api-01288,2,本地部署,2476038,0.0000,1
shipping-api-01289,4,AWS,3832910,0.0065,5
billing-api-01290,4,Azure,4073769,0.0038,13
users-api-01291,1,Google Cloud,3312959,0.0442,0
orders-api-01292,2,阿里云,3802158,0.0364,3
payments-api-01293,5,腾讯云,2390504,0.0096,0
inventory-api-01294,1,私有云,4602067,0.0061,0
search-api-01295,1,本地部署,1921418,0.0000,0
notifications-api-01296,3,AWS,52995,0.0000,3
authentication-api-01297,2,Azure,1769236,0.0421,13
analytics-api-01298,5,Google Cloud,2944018,0.1821,0
shipping-api-01299,1,阿里云,2882722,0.0083,2
billing-api-01300,1,腾讯云,3430290,0.0000,0
users-api-01301,1,私有云,4622091,0.0062,1
orders-api-01302,5,本地部署,3725717,0.0110,1
payments-api-01303,1,AWS,3029926,0.0085,1
inventory-api-01304,1,Azure,1227840,0.0000,5
search-api-01305,2,Google Cloud,3132268,0.0000,0
notifications-api-01306,2,阿里云,1083496,0.0434,0
authentication-api-01307,2,腾讯云,2734954,0.0091,8
analytics-api-01308,4,私有云,3280522,0.0154,0
shipping-api-01309,1,本地部署,60456,0.0054,2
billing-api-01310,5,AWS,4998705,0.0097,2
users-api-01311,4,Azure,4359221,0.0080,1
orders-api-01312,3,Google Cloud,69662,0.1471,0
payments-api-01313,3,阿里云,2026974,0.2239,0
inventory-api-01314,3,腾讯云,3166294,0.0000,2
search-api-01315,1,私有云,1066426,0.0044,0
notifications-api-01316,5,本地部署,610191,0.0329,1
authentication-api-01317,5,AWS,625024,0.0043,0
analytics-api-01318,5,Azure,2993151,0.0024,0
shipping-api-01319,2,Google Cloud,4682131,0.0005,1
billing-api-01320,4,阿里云,4054999,0.0036,0
users-api-01321,1,腾讯云,2189615,0.0077,0
orders-api-01322,3,私有云,3513862,0.0049,3
payments-api-01323,1,本地部署,1802844,0.0715,0
inventory-api-01324,3,AWS,2192616,0.0004,1
search-api-01325,3,Azure,970386,0.2227,0
notifications-api-01326,1,Google Cloud,4332175,0.0014,0
authentication-api-01327,2,阿里云,1868528,0.0078,0
analytics-api-01328,1,腾讯云,889478,0.0000,5
shipping-api-01329,4,私有云,550791,0.0412,2
billing-api-01330,4,本地部署,2047138,0.0079,1
users-api-01331,2,AWS,230784,0.0027,0
orders-api-01332,1,Azure,3875897,0.0319,0
payments-api-01333,4,Google Cloud,4460690,0.0078,0
inventory-api-01334,4,阿里云,1561803,0.0051,0
search-api-01335,4,腾讯云,4101163,0.0000,0
notifications-api-01336,1,私有云,3689577,0.0000,0
authentication-api-01337,4,本地部署,2573872,0.0097,2
analytics-api-01338,3,AWS,4216746,0.0040,0
shipping-api-01339,1,Azure,2890305,0.0071,1
billing-api-01340,4,Google Cloud,176779,0.0000,1
users-api-01341,5,阿里云,4245718,0.0000,1
orders-api-01342,3,腾讯云,2210133,0.0069,3
payments-api-01343,2,私有云,4073895,0.0071,0
inventory-api-01344,4,本地部署,930719,0.0071,0
search-api-01345,5,AWS,2831931,0.0021,0
notifications-api-01346,5,Azure,3437089,0.0001,0
authentication-api-01347,5,Google Cloud,4109444,0.0051,0
analytics-api-01348,5,阿里云,2784268,0.0075,2
shipping-api-01349,3,腾讯云,4306403,0.0058,0
billing-api-01350,4,私有云,3650081,0.0172,0
users-api-01351,2,本地部署,1728502,0.0005,0
orders-api-01352,5,AWS,516645,0.0058,0
payments-api-01353,2,Azure,196773,0.2276,0
inventory-api-01354,3,Google Cloud,2771331,0.0060,0
search-api-01355,3,阿里云,1492034,0.0092,3
notifications-api-01356,5,腾讯云,1694841,0.1695,0
authentication-api-01357,3,私有云,425112,0.0391,2
analytics-api-01358,2,本地部署,4185326,0.0167,0
shipping-api-01359,4,AWS,4192859,0.0052,2
billing-api-01360,3,Azure,555265,0.0000,1
users-api-01361,2,Google Cloud,406656,0.0000,0
orders-api-01362,3,阿里云,200703,0.0000,0
payments-api-01363,3,腾讯云,2388678,0.0052,0
inventory-api-01364,3,私有云,2640143,0.0081,0
search-api-01365,4,本地部署,3464140,0.0063,1
notifications-api-01366,5,AWS,1113956,0.0171,0
authentication-api-01367,1,Azure,2811867,0.0058,0
analytics-api-01368,5,Google Cloud,3577345,0.0000,0
shipping-api-01369,4,阿里云,1565681,0.0039,0
billing-api-01370,2,腾讯云,1731528,0.0020,1
users-api-01371,1,私有云,248287,0.0000,1
orders-api-01372,2,本地部署,2895712,0.0095,3
payments-api-01373,3,AWS,3745227,0.0256,0
inventory-api-01374,5,Azure,1753792,0.0043,2
search-api-01375,5,Google Cloud,3342616,0.0054,1
notifications-api-01376,5,阿里云,2947170,0.0099,0
authentication-api-01377,2,腾讯云,4574630,0.0043,1
analytics-api-01378,1,私有云,773635,0.0301,13
shipping-api-01379,4,本地部署,4446083,0.0089,3
billing-api-01380,3,AWS,1914749,0.2630,0
users-api-01381,4,Azure,2849441,0.0084,0
orders-api-01382,3,Google Cloud,4499429,0.0106,0
payments-api-01383,5,阿里云,1662393,0.0076,0
inventory-api-01384,2,腾讯云,4529641,0.0338,1
search-api-01385,4,私有云,2555382,0.0019,0
notifications-api-01386,4,本地部署,747276,0.0025,1
authentication-api-01387,1,AWS,535185,0.0032,2
analytics-api-01388,3,Azure,3463621,0.0032,0
shipping-api-01389,4,Google Cloud,2308136,0.0000,3
billing-api-01390,4,阿里云,2661007,0.0281,1
users-api-01391,5,腾讯云,4545058,0.0041,1
orders-api-01392,3,私有云,4271651,0.0000,0
payments-api-01393,4,本地部署,3570111,0.0000,0
inventory-api-01394,1,AWS,1082927,0.0039,1
search-api-01395,3,Azure,4305844,0.0122,0
notifications-api-01396,4,Google Cloud,1607524,0.0000,0
authentication-api-01397,4,阿里云,991319,0.0035,0
analytics-api-01398,1,腾讯云,2606178,0.0006,0
shipping-api-01399,1,私有云,1492349,0.0064,3
billing-api-01400,1,本地部署,4935545,0.0383,3
users-api-01401,2,AWS,2123374,0.0000,0
orders-api-01402,5,Azure,4079537,0.0078,0
payments-api-01403,3,Google Cloud,1265931,0.0388,0
inventory-api-01404,4,阿里云,4881952,0.0059,0
search-api-01405,3,腾讯云,3967147,0.0278,0
notifications-api-01406,1,私有云,3241447,0.0000,2
authentication-api-01407,2,本地部署,3506083,0.0299,0
analytics-api-01408,4,AWS,2012138,0.0078,1
shipping-api-01409,4,Azure,1903003,0.0021,1
billing-api-01410,5,Google Cloud,113810,0.0030,0
users-api-01411,5,阿里云,4524365,0.0434,0
orders-api-01412,4,腾讯云,551748,0.0019,0
payments-api-01413,5,私有云,782101,0.0000,0
inventory-api-01414,3,本地部署,4878479,0.0210,0
search-api-01415,1,AWS,229036,0.0029,0
notifications-api-01416,2,Azure,188969,0.0016,1
authentication-api-01417,3,Google Cloud,223167,0.0000,0
analytics-api-01418,4,阿里云,1609836,0.0072,1
shipping-api-01419,5,腾讯云,3286526,0.0194,0
billing-api-01420,5,私有云,4784126,0.0070,1
users-api-01421,3,本地部署,2775824,0.1363,0
orders-api-01422,4,AWS,1252586,0.0029,0
payments-api-01423,2,Azure,130945,0.0043,3
inventory-api-01424,1,Google Cloud,1524193,0.0127,13
search-api-01425,2,阿里云,1879500,0.0070,0
notifications-api-01426,5,腾讯云,712093,0.0058,0
authentication-api-01427,1,私有云,1716446,0.0066,1
analytics-api-01428,4,本地部署,1091602,0.0054,1
shipping-api-01429,5,AWS,3369763,0.0241,0
billing-api-01430,5,Azure,4199126,0.0069,5
users-api-01431,2,Google Cloud,1003810,0.0047,5
orders-api-01432,4,阿里云,4301637,0.0025,0
payments-api-01433,1,腾讯云,870338,0.0028,0
inventory-api-01434,2,私有云,316860,0.0066,2
search-api-01435,3,本地部署,3369271,0.0345,0
notifications-api-01436,5,AWS,806537,0.0000,1
authentication-api-01437,5,Azure,502628,0.0160,0
analytics-api-01438,3,Google Cloud,2613839,0.0109,0
shipping-api-01439,4,阿里云,2594228,0.0000,2
billing-api-01440,2,腾讯云,3907089,0.0000,1
users-api-01441,5,私有云,4971563,0.0020,1
orders-api-01442,2,本地部署,2426614,0.0087,0
payments-api-01443,5,AWS,4988341,0.0020,0
inventory-api-01444,5,Azure,2068455,0.0000,0
search-api-01445,4,Google Cloud,2716778,0.0018,2
notifications-api-01446,2,阿里云,4743155,0.0018,0
authentication-api-01447,4,腾讯云,3806305,0.0044,0
analytics-api-01448,1,私有云,335515,0.0073,0
shipping-api-01449,2,本地部署,1955890,0.0000,0
billing-api-01450,5,AWS,1156903,0.0056,1
users-api-01451,4,Azure,3070964,0.0050,0
orders-api-01452,5,Google Cloud,1845464,0.0061,1
payments-api-01453,3,阿里云,4175182,0.0000,0
inventory-api-01454,4,腾讯云,483237,0.0082,0
search-api-01455,3,私有云,4345392,0.0418,0
notifications-api-01456,3,本地部署,2648589,0.0301,2
authentication-api-01457,3,AWS,2097747,0.0034,0
analytics-api-01458,5,Azure,1654734,0.0148,1
shipping-api-01459,1,Google Cloud,2582537,0.0069,0
billing-api-01460,1,阿里云,4675400,0.0463,0
users-api-01461,3,腾讯云,1323803,0.0292,0
orders-api-01462,4,私有云,297355,0.0028,0
payments-api-01463,5,本地部署,1051876,0.0000,0
inventory-api-01464,1,AWS,616254,0.0221,5
search-api-01465,1,Azure,2472878,0.0132,0
notifications-api-01466,4,Google Cloud,1703626,0.0000,0
authentication-api-01467,4,阿里云,4845753,0.0047,1
analytics-api-01468,3,腾讯云,3702977,0.0075,1
shipping-api-01469,2,私有云,1812263,0.0049,0
billing-api-01470,5,本地部署,2050828,0.0438,0
users-api-01471,4,AWS,1660339,0.0043,1
orders-api-01472,4,Azure,2039809,0.0000,0
payments-api-01473,1,Google Cloud,808711,0.0000,2
inventory-api-01474,5,阿里云,4677098,0.0088,0
search-api-01475,1,腾讯云,1226461,0.0089,0
notifications-api-01476,1,私有云,4236019,0.0049,3
authentication-api-01477,4,本地部署,2715857,0.1133,0
analytics-api-01478,4,AWS,467166,0.0000,2
shipping-api-01479,2,Azure,1907051,0.0020,1
billing-api-01480,3,Google Cloud,1810478,0.0000,0
users-api-01481,1,阿里云,1361343,0.0218,3
orders-api-01482,2,腾讯云,1683713,0.0000,0
payments-api-01483,4,私有云,263966,0.0039,2
inventory-api-01484,5,本地部署,4703350,0.0047,0
search-api-01485,4,AWS,4981140,0.2091,1
notifications-api-01486,4,Azure,1709050,0.0096,0
authentication-api-01487,3,Google Cloud,2794888,0.0000,0
analytics-api-01488,1,阿里云,1306652,0.0061,0
shipping-api-01489,1,腾讯云,1953298,0.0028,0
billing-api-01490,2,私有云,1779902,0.0118,0
users-api-01491,2,本地部署,1280440,0.0071,1
orders-api-01492,3,AWS,3734173,0.0000,0
payments-api-01493,4,Azure,1550283,0.0096,0
inventory-api-01494,5,Google Cloud,1530257,0.0105,0
search-api-01495,3,阿里云,523692,0.0054,2
notifications-api-01496,4,腾讯云,2600899,0.0249,3
authentication-api-01497,1,私有云,3445188,0.0400,3
analytics-api-01498,3,本地部署,414398,0.0000,1
shipping-api-01499,1,AWS,194824,0.0035,1
billing-api-01500,3,Azure,4697400,0.0423,0
users-api-01501,4,Google Cloud,0,0.0000,0
orders-api-01502,5,阿里云,4173922,0.0000,0
payments-api-01503,5,腾讯云,3008828,0.0486,0
inventory-api-01504,2,私有云,2490838,0.0001,0
search-api-01505,2,本地部署,4381481,0.0001,2
notifications-api-01506,4,AWS,1930513,0.0093,0
authentication-api-01507,1,Azure,2261774,0.0011,2
analytics-api-01508,2,Google Cloud,3492735,0.0066,0
shipping-api-01509,5,阿里云,311665,0.0007,1
billing-api-01510,4,腾讯云,4827162,0.0364,1
users-api-01511,3,私有云,2187268,0.0079,2
orders-api-01512,4,本地部署,3964496,0.0100,0
payments-api-01513,4,AWS,1771868,0.0963,0
inventory-api-01514,5,Azure,702536,0.0065,0
search-api-01515,3,Google Cloud,2828206,0.0115,0
notifications-api-01516,1,阿里云,4548294,0.0000,3
authentication-api-01517,2,腾讯云,4898411,0.0113,2
analytics-api-01518,2,私有云,1919075,0.0012,0
shipping-api-01519,1,本地部署,1079153,0.0036,0
billing-api-01520,5,AWS,3500425,0.0000,2
users-api-01521,5,Azure,638947,0.0069,1
orders-api-01522,4,Google Cloud,3771736,0.0063,2
payments-api-01523,4,阿里云,1809942,0.0098,0
inventory-api-01524,5,腾讯云,3291267,0.0480,1
search-api-01525,1,私有云,2837291,0.0087,8
notifications-api-01526,2,本地部署,1813022,0.0024,0
authentication-api-01527,1,AWS,3681634,0.0000,0
analytics-api-01528,1,Azure,2615440,0.0030,0
shipping-api-01529,2,Google Cloud,796263,0.0095,3
billing-api-01530,5,阿里云,2529324,0.0000,0
users-api-01531,4,腾讯云,4374031,0.0416,0
orders-api-01532,4,私有云,3997916,0.0064,3
payments-api-01533,5,本地部署,2566632,0.0071,0
inventory-api-01534,5,AWS,1990736,0.0040,0
search-api-01535,2,Azure,2363100,0.0044,0
notifications-api-01536,3,Google Cloud,915582,0.2801,0
authentication-api-01537,2,阿里云,2260948,0.1256,0
analytics-api-01538,3,腾讯云,4096339,0.0022,3
shipping-api-01539,3,私有云,2243386,0.0037,1
billing-api-01540,3,本地部署,3710699,0.0000,0
users-api-01541,1,AWS,2635781,0.0061,0
orders-api-01542,2,Azure,4554655,0.0000,3
payments-api-01543,3,Google Cloud,2637217,0.0015,0
inventory-api-01544,1,阿里云,239556,0.0000,1
search-api-01545,5,腾讯云,1915401,0.0016,0
notifications-api-01546,2,私有云,122058,0.0038,5
authentication-api-01547,4,本地部署,2609786,0.0001,13
analytics-api-01548,1,AWS,4515922,0.0043,0
shipping-api-01549,2,Azure,4420079,0.0011,0
billing-api-01550,1,Google Cloud,2294607,0.0067,0
users-api-01551,4,阿里云,3043334,0.0070,0
orders-api-01552,5,腾讯云,4371858,0.0438,0
payments-api-01553,3,私有云,1513720,0.0048,13
inventory-api-01554,4,本地部署,4152152,0.2246,1
search-api-01555,1,AWS,536669,0.0011,0
notifications-api-01556,2,Azure,1742292,0.0476,1
authentication-api-01557,4,Google Cloud,1705798,0.0082,0
analytics-api-01558,3,阿里云,3427439,0.0000,0
shipping-api-01559,3,腾讯云,2193744,0.0041,0
billing-api-01560,5,私有云,3319615,0.0000,0
users-api-01561,5,本地部署,1846766,0.0271,0
orders-api-01562,2,AWS,1046346,0.0059,0
payments-api-01563,4,Azure,2081714,0.0029,0
inventory-api-01564,5,Google Cloud,4262235,0.0089,8
search-api-01565,2,阿里云,687619,0.0079,1
notifications-api-01566,5,腾讯云,46571,0.0131,0
authentication-api-01567,3,私有云,1307549,0.0126,2
analytics-api-01568,2,本地部署,1713058,0.0053,0
shipping-api-01569,2,AWS,4547647,0.0017,5
billing-api-01570,2,Azure,27065,0.0092,0
users-api-01571,2,Google Cloud,1394350,0.0057,0
orders-api-01572,4,阿里云,414900,0.0062,0
payments-api-01573,5,腾讯云,4273051,0.0498,0
inventory-api-01574,4,私有云,3897853,0.0098,0
search-api-01575,2,本地部署,3943516,0.0080,0
notifications-api-01576,4,AWS,4476804,0.0072,0
authentication-api-01577,2,Azure,2048881,0.0725,1
analytics-api-01578,5,Google Cloud,1043005,0.0000,0
shipping-api-01579,5,阿里云,1316840,0.0083,0
billing-api-01580,1,腾讯云,1511715,0.0000,0
users-api-01581,3,私有云,402173,0.0029,1
orders-api-01582,5,本地部署,1534626,0.0005,3
payments-api-01583,3,AWS,1565391,0.0041,0
inventory-api-01584,2,Azure,4242675,0.0406,0
search-api-01585,1,Google Cloud,2762403,0.0037,0
notifications-api-01586,1,阿里云,4221553,0.0000,0
authentication-api-01587,5,腾讯云,1273054,0.0028,3
analytics-api-01588,3,私有云,2022108,0.0207,0
shipping-api-01589,4,本地部署,4705805,0.0399,0
billing-api-01590,4,AWS,870484,0.0323,0
users-api-01591,3,Azure,242355,0.0005,1
orders-api-01592,3,Google Cloud,209921,0.0090,0
payments-api-01593,5,阿里云,1925384,0.0390,2
inventory-api-01594,3,腾讯云,4829911,0.0000,0
search-api-01595,1,私有云,3389047,0.0093,0
notifications-api-01596,5,本地部署,3426079,0.0021,2
authentication-api-01597,4,AWS,2020650,0.0079,0
analytics-api-01598,3,Azure,545417,0.0000,0
shipping-api-01599,5,Google Cloud,1493211,0.0000,0
billing-api-01600,5,阿里云,186216,0.0043,2
users-api-01601,4,腾讯云,3770060,0.0000,1
orders-api-01602,1,私有云,1580668,0.0058,1
payments-api-01603,5,本地部署,1372007,0.0041,0
inventory-api-01604,2,AWS,1841065,0.0451,0
search-api-01605,3,Azure,3877526,0.0053,0
notifications-api-01606,1,Google Cloud,4690221,0.0068,2
authentication-api-01607,5,阿里云,2808311,0.0080,1
analytics-api-01608,2,腾讯云,547933,0.0016,1
shipping-api-01609,4,私有云,183772,0.0013,0
billing-api-01610,2,本地部署,3231133,0.0000,0
users-api-01611,5,AWS,3861521,0.0060,0
orders-api-01612,4,Azure,1231321,0.0064,0
payments-api-01613,2,Google Cloud,230661,0.0000,2
inventory-api-01614,5,阿里云,2964422,0.0474,5
search-api-01615,5,腾讯云,2301226,0.0055,0
notifications-api-01616,2,私有云,345576,0.0000,2
authentication-api-01617,2,本地部署,764437,0.0012,0
analytics-api-01618,4,AWS,2951058,0.0205,1
shipping-api-01619,1,Azure,3412086,0.0184,0
billing-api-01620,5,Google Cloud,4856565,0.0044,0
users-api-01621,4,阿里云,2523170,0.0000,0
orders-api-01622,3,腾讯云,4882023,0.0080,0
payments-api-01623,4,私有云,4100762,0.0081,1
inventory-api-01624,3,本地部署,4580624,0.0035,13
search-api-01625,4,AWS,1524665,0.0251,8
notifications-api-01626,4,Azure,2203556,0.0010,0
authentication-api-01627,3,Google Cloud,2076702,0.0025,2
analytics-api-01628,3,阿里云,1253007,0.0018,0
shipping-api-01629,5,腾讯云,1299586,0.0010,3
billing-api-01630,2,私有云,2084066,0.0066,1
users-api-01631,4,本地部署,2752354,0.0120,0
orders-api-01632,5,AWS,4481762,0.0087,1
payments-api-01633,1,Azure,866806,0.0000,0
inventory-api-01634,1,Google Cloud,2449036,0.0095,1
search-api-01635,4,阿里云,396516,0.0022,0
notifications-api-01636,5,腾讯云,488948,0.0000,0
authentication-api-01637,4,私有云,1586944,0.0095,0
analytics-api-01638,3,本地部署,3423775,0.0090,2
shipping-api-01639,1,AWS,1116602,0.0188,1
billing-api-01640,3,Azure,4833852,0.0051,1
users-api-01641,3,Google Cloud,2610684,0.0440,0
orders-api-01642,4,阿里云,346813,0.0024,1
payments-api-01643,5,腾讯云,200118,0.0454,1
inventory-api-01644,1,私有云,1731997,0.0219,0
search-api-01645,2,本地部署,688304,0.0073,5
notifications-api-01646,3,AWS,1199193,0.0039,0
authentication-api-01647,1,Azure,2000302,0.0014,0
analytics-api-01648,5,Google Cloud,3895338,0.0000,5
shipping-api-01649,5,阿里云,2183744,0.0000,1
billing-api-01650,4,腾讯云,3209590,0.0019,0
users-api-01651,1,私有云,3614261,0.0137,1
orders-api-01652,5,本地部署,4313371,0.0009,2
payments-api-01653,2,AWS,252093,0.0092,1
inventory-api-01654,2,Azure,2006620,0.0063,0
search-api-01655,1,Google Cloud,2701287,0.0368,0
notifications-api-01656,2,阿里云,3907512,0.0079,0
authentication-api-01657,1,腾讯云,887988,0.0000,0
analytics-api-01658,3,私有云,3775354,0.0082,0
shipping-api-01659,5,本地部署,935170,0.0802,0
billing-api-01660,2,AWS,968959,0.0017,0
users-api-01661,3,Azure,4422660,0.0323,3
orders-api-01662,4,Google Cloud,2872855,0.0000,0
payments-api-01663,2,阿里云,2964921,0.0082,13
inventory-api-01664,4,腾讯云,1606505,0.0004,3
search-api-01665,3,私有云,508808,0.0088,0
notifications-api-01666,1,本地部署,2456062,0.0094,0
authentication-api-01667,1,AWS,358906,0.0202,0
analytics-api-01668,5,Azure,4525974,0.0000,1
shipping-api-01669,2,Google Cloud,3811690,0.0072,1
billing-api-01670,4,阿里云,4762836,0.0000,0
users-api-01671,1,腾讯云,3041384,0.0080,0
orders-api-01672,5,私有云,4285629,0.0053,0
payments-api-01673,1,本地部署,1173350,0.0005,1
inventory-api-01674,3,AWS,1462932,0.0315,0
search-api-01675,4,Azure,3458550,0.0000,0
notifications-api-01676,5,Google Cloud,2120604,0.1639,0
authentication-api-01677,3,阿里云,4255343,0.0062,0
analytics-api-01678,5,腾讯云,3564994,0.0033,1
shipping-api-01679,3,私有云,1089033,0.0092,0
billing-api-01680,1,本地部署,499630,0.1643,0
users-api-01681,1,AWS,2270444,0.0007,0
orders-api-01682,2,Azure,4723650,0.0061,1
payments-api-01683,2,Google Cloud,4965781,0.0030,1
inventory-api-01684,3,阿里云,4656589,0.0059,0
search-api-01685,2,腾讯云,2993330,0.0338,5
notifications-api-01686,3,私有云,4725311,0.0066,0
authentication-api-01687,2,本地部署,3418496,0.0038,0
analytics-api-01688,1,AWS,929203,0.0000,0
shipping-api-01689,5,Azure,1374188,0.0059,0
billing-api-01690,2,Google Cloud,1671958,0.0184,2
users-api-01691,2,阿里云,2163248,0.1377,0
orders-api-01692,5,腾讯云,4237326,0.0100,0
payments-api-01693,5,私有云,937209,0.0072,1
inventory-api-01694,1,本地部署,1078546,0.2232,1
search-api-01695,3,AWS,4518266,0.0000,0
notifications-api-01696,4,Azure,3955359,0.0016,1
authentication-api-01697,4,Google Cloud,3078514,0.0027,5
analytics-api-01698,1,阿里云,1280947,0.0061,0
shipping-api-01699,1,腾讯云,4585627,0.0089,0
billing-api-01700,5,私有云,1088197,0.0044,0
users-api-01701,5,本地部署,627239,0.0013,3
orders-api-01702,1,AWS,3705522,0.0379,1
payments-api-01703,4,Azure,2726552,0.0081,1
inventory-api-01704,4,Google Cloud,90803,0.0327,1
search-api-01705,4,阿里云,2672946,0.0207,0
notifications-api-01706,4,腾讯云,2489064,0.0029,8
authentication-api-01707,5,私有云,830924,0.0043,1
analytics-api-01708,2,本地部署,1186028,0.0083,8
shipping-api-01709,2,AWS,3176901,0.0000,1
billing-api-01710,4,Azure,365083,0.0000,0
users-api-01711,1,Google Cloud,3352393,0.0024,1
orders-api-01712,2,阿里云,1306671,0.0018,1
payments-api-01713,3,腾讯云,3448276,0.0031,5
inventory-api-01714,3,私有云,1305544,0.0000,2
search-api-01715,1,本地部署,859873,0.0408,13
notifications-api-01716,1,AWS,3164614,0.0094,0
authentication-api-01717,4,Azure,644862,0.0000,0
analytics-api-01718,3,Google Cloud,3393942,0.0074,0
shipping-api-01719,1,阿里云,1055097,0.0358,0
billing-api-01720,2,腾讯云,2860049,0.0275,1
users-api-01721,5,私有云,4450953,0.0000,0
orders-api-01722,4,本地部署,846761,0.0183,0
payments-api-01723,4,AWS,1867333,0.0088,3
inventory-api-01724,5,Azure,232356,0.0035,3
search-api-01725,2,Google Cloud,3141899,0.0428,8
notifications-api-01726,3,阿里云,3080760,0.0057,8
authentication-api-01727,1,腾讯云,687692,0.0231,0
analytics-api-01728,5,私有云,182105,0.0013,1
shipping-api-01729,3,本地部署,1851904,0.0024,0
billing-api-01730,4,AWS,211723,0.0000,0
users-api-01731,3,Azure,2549046,0.0317,8
orders-api-01732,4,Google Cloud,1218036,0.1516,1
payments-api-01733,3,阿里云,372312,0.0000,0
inventory-api-01734,4,腾讯云,3624117,0.0091,1
search-api-01735,5,私有云,1504231,0.0056,1
notifications-api-01736,2,本地部署,1443764,0.0004,5
authentication-api-01737,5,AWS,4902988,0.0037,0
analytics-api-01738,5,Azure,3039083,0.0073,1
shipping-api-01739,5,Google Cloud,1652955,0.0039,0
billing-api-01740,3,阿里云,4456019,0.0062,0
users-api-01741,3,腾讯云,4292657,0.0006,0
orders-api-01742,2,私有云,1559785,0.0027,1
payments-api-01743,4,本地部署,3768283,0.0032,0
inventory-api-01744,5,AWS,4726976,0.0092,0
search-api-01745,1,Azure,4887999,0.0008,0
notifications-api-01746,4,Google Cloud,2506251,0.0177,0
authentication-api-01747,2,阿里云,787829,0.0084,0
analytics-api-01748,3,腾讯云,4000562,0.0000,0
shipping-api-01749,5,私有云,3328494,0.0428,0
billing-api-01750,2,本地部署,3486738,0.0012,0
users-api-01751,3,AWS,0,0.0000,0
orders-api-01752,4,Azure,672083,0.0117,0
payments-api-01753,1,Google Cloud,3396600,0.0010,0
inventory-api-01754,1,阿里云,3962689,0.0009,1
search-api-01755,5,腾讯云,4989316,0.0094,0
notifications-api-01756,2,私有云,4017048,0.0108,0
authentication-api-01757,1,本地部署,2022789,0.0063,0
analytics-api-01758,4,AWS,244610,0.0000,1
shipping-api-01759,2,Azure,1775765,0.0043,0
billing-api-01760,2,Google Cloud,1656235,0.0026,0
users-api-01761,5,阿里云,453043,0.0149,0
orders-api-01762,2,腾讯云,1379147,0.0184,0
payments-api-01763,2,私有云,3468456,0.0007,0
inventory-api-01764,4,本地部署,3365038,0.0031,1
search-api-01765,3,AWS,1558647,0.0440,0
notifications-api-01766,3,Azure,78169,0.0000,3
authentication-api-01767,1,Google Cloud,1034394,0.0000,0
analytics-api-01768,4,阿里云,2107128,0.0196,0
shipping-api-01769,5,腾讯云,1015203,0.0052,1
billing-api-01770,3,私有云,2197693,0.0380,2
users-api-01771,5,本地部署,797819,0.0000,0
orders-api-01772,2,AWS,2737749,0.0027,0
payments-api-01773,5,Azure,1655121,0.0003,3
inventory-api-01774,4,Google Cloud,181849,0.0024,0
search-api-01775,1,阿里云,2651917,0.0020,2
notifications-api-01776,1,腾讯云,2159055,0.0038,0
authentication-api-01777,2,私有云,3054720,0.0070,0
analytics-api-01778,1,本地部署,1168172,0.0050,0
shipping-api-01779,2,AWS,3179753,0.0043,5
billing-api-01780,2,Azure,4292450,0.0968,0
users-api-01781,4,Google Cloud,4426964,0.0880,0
orders-api-01782,5,阿里云,2733980,0.0068,0
payments-api-01783,1,腾讯云,2121673,0.0000,2
inventory-api-01784,2,私有云,3285781,0.0000,3
search-api-01785,1,本地部署,1666895,0.0092,0
notifications-api-01786,1,AWS,4928541,0.0030,0
authentication-api-01787,3,Azure,2903258,0.0048,1
analytics-api-01788,4,Google Cloud,4058802,0.0129,2
shipping-api-01789,1,阿里云,3487707,0.0919,3
billing-api-01790,4,腾讯云,1160616,0.0026,2
users-api-01791,3,私有云,4951062,0.0000,1
orders-api-01792,2,本地部署,1547087,0.0058,0
payments-api-01793,4,AWS,1065693,0.0030,0
inventory-api-01794,5,Azure,206610,0.0016,0
search-api-01795,3,Google Cloud,3153999,0.0390,1
notifications-api-01796,4,阿里云,2034497,0.0030,2
authentication-api-01797,2,腾讯云,3879170,0.0022,1
analytics-api-01798,1,私有云,1451838,0.0019,0
shipping-api-01799,1,本地部署,1628738,0.0027,5
billing-api-01800,1,AWS,4658379,0.0441,0
users-api-01801,1,Azure,1531429,0.0000,0
orders-api-01802,3,Google Cloud,45025,0.0049,0
payments-api-01803,3,阿里云,2400755,0.0070,0
inventory-api-01804,3,腾讯云,690460,0.0055,0
search-api-01805,5,私有云,4427161,0.0030,0
notifications-api-01806,4,本地部署,4089068,0.0082,8
authentication-api-01807,2,AWS,1928917,0.0100,2
analytics-api-01808,2,Azure,1495354,0.0047,0
shipping-api-01809,5,Google Cloud,2008442,0.2908,13
billing-api-01810,3,阿里云,3546634,0.0089,0
users-api-01811,1,腾讯云,2017699,0.0000,3
orders-api-01812,5,私有云,148697,0.0253,8
payments-api-01813,2,本地部署,1107863,0.0000,5
inventory-api-01814,4,AWS,2039266,0.0011,0
search-api-01815,1,Azure,2305318,0.0102,0
notifications-api-01816,5,Google Cloud,2929604,0.0060,13
authentication-api-01817,1,阿里云,1239655,0.0014,1
analytics-api-01818,5,腾讯云,4103367,0.0000,1
shipping-api-01819,4,私有云,655617,0.0021,1
billing-api-01820,4,本地部署,1391661,0.0057,0
users-api-01821,3,AWS,615624,0.0048,8
orders-api-01822,4,Azure,1330024,0.0261,0
payments-api-01823,1,Google Cloud,4333103,0.0000,0
inventory-api-01824,5,阿里云,4705893,0.0019,0
search-api-01825,5,腾讯云,1240557,0.0164,0
notifications-api-01826,2,私有云,4676432,0.0000,8
authentication-api-01827,4,本地部署,3345262,0.0138,3
analytics-api-01828,1,AWS,4822701,0.0000,0
shipping-api-01829,1,Azure,1233148,0.0089,0
billing-api-01830,5,Google Cloud,1876401,0.0000,0
users-api-01831,4,阿里云,4480153,0.0000,1
orders-api-01832,3,腾讯云,4783077,0.0034,0
payments-api-01833,4,私有云,363510,0.1720,0
inventory-api-01834,3,本地部署,939573,0.0000,0
search-api-01835,3,AWS,1166048,0.0048,3
notifications-api-01836,1,Azure,2631696,0.0100,2
authentication-api-01837,5,Google Cloud,3284045,0.0070,1
analytics-api-01838,5,阿里云,4032276,0.0006,0
shipping-api-01839,1,腾讯云,30255,0.0000,0
billing-api-01840,1,私有云,1254500,0.0373,0
users-api-01841,1,本地部署,3535877,0.0001,0
orders-api-01842,2,AWS,2000827,0.0097,0
payments-api-01843,2,Azure,4169741,0.0000,0
inventory-api-01844,5,Google Cloud,81866,0.0097,1
search-api-01845,2,阿里云,2881548,0.0033,0
notifications-api-01846,5,腾讯云,2914443,0.0004,8
authentication-api-01847,3,私有云,3780431,0.0447,1
analytics-api-01848,2,本地部署,2435112,0.0064,0
shipping-api-01849,2,AWS,4357358,0.0434,0
billing-api-01850,2,Azure,1356249,0.0070,0
users-api-01851,4,Google Cloud,4482340,0.0095,1
orders-api-01852,3,阿里云,4582684,0.0069,0
payments-api-01853,1,腾讯云,2456920,0.0358,0
inventory-api-01854,5,私有云,1500803,0.0010,8
search-api-01855,3,本地部署,1884007,0.0068,5
notifications-api-01856,3,AWS,4055064,0.0000,2
authentication-api-01857,3,Azure,292028,0.0324,5
analytics-api-01858,5,Google Cloud,3543908,0.0000,1
shipping-api-01859,4,阿里云,3549827,0.0000,1
billing-api-01860,2,腾讯云,893198,0.0078,0
users-api-01861,2,私有云,465422,0.0168,2
orders-api-01862,2,本地部署,2604691,0.0063,0
payments-api-01863,5,AWS,3512780,0.0043,0
inventory-api-01864,5,Azure,2609705,0.0006,0
search-api-01865,2,Google Cloud,431519,0.0075,3
notifications-api-01866,2,阿里云,262851,0.0081,2
authentication-api-01867,2,腾讯云,3532164,0.0000,0
analytics-api-01868,4,私有云,2434502,0.0068,0
shipping-api-01869,1,本地部署,1015238,0.0067,1
billing-api-01870,1,AWS,1511380,0.0064,1
users-api-01871,5,Azure,920693,0.0096,2
orders-api-01872,3,Google Cloud,986963,0.0375,0
payments-api-01873,5,阿里云,3406637,0.0024,0
inventory-api-01874,2,腾讯云,317757,0.0002,8
search-api-01875,1,私有云,4064270,0.0035,1
notifications-api-01876,5,本地部署,3358916,0.0083,0
authentication-api-01877,4,AWS,2623609,0.0083,8
analytics-api-01878,3,Azure,4315913,0.0044,0
shipping-api-01879,4,Google Cloud,1448137,0.0350,2
billing-api-01880,2,阿里云,4733895,0.0032,0
users-api-01881,2,腾讯云,2823701,0.0008,1
orders-api-01882,4,私有云,1144850,0.0092,13
payments-api-01883,3,本地部署,496182,0.0000,0
inventory-api-01884,4,AWS,4252480,0.0004,0
search-api-01885,2,Azure,3431860,0.0030,1
notifications-api-01886,3,Google Cloud,1369422,0.0476,0
authentication-api-01887,5,阿里云,2145388,0.0001,8
analytics-api-01888,2,腾讯云,3110823,0.0000,1
shipping-api-01889,3,私有云,1506810,0.0018,0
billing-api-01890,4,本地部署,2945568,0.0040,0
users-api-01891,1,AWS,4544748,0.0005,0
orders-api-01892,1,Azure,1559792,0.0064,1
payments-api-01893,3,Google Cloud,2944747,0.0385,2
inventory-api-01894,1,阿里云,3237521,0.0026,2
search-api-01895,2,腾讯云,3040764,0.0155,0
notifications-api-01896,3,私有云,96858,0.0096,0
authentication-api-01897,4,本地部署,2208256,0.0088,3
analytics-api-01898,2,AWS,3815834,0.0060,0
shipping-api-01899,1,Azure,4427348,0.0099,1
billing-api-01900,1,Google Cloud,2134496,0.0100,1
users-api-01901,5,阿里云,3366023,0.0054,1
orders-api-01902,2,腾讯云,4079023,0.0073,1
payments-api-01903,2,私有云,3943246,0.0007,0
inventory-api-01904,2,本地部署,1174983,0.0017,0
search-api-01905,2,AWS,1564351,0.0000,2
notifications-api-01906,5,Azure,1524652,0.0046,3
authentication-api-01907,4,Google Cloud,4505513,0.0170,0
analytics-api-01908,4,阿里云,2855418,0.0074,1
shipping-api-01909,2,腾讯云,2357172,0.0276,3
billing-api-01910,3,私有云,770447,0.0073,0
users-api-01911,3,本地部署,3910841,0.0000,0
orders-api-01912,1,AWS,4168213,0.0006,0
payments-api-01913,3,Azure,1675276,0.0058,0
inventory-api-01914,3,Google Cloud,4029809,0.0000,2
search-api-01915,4,阿里云,2096709,0.0000,1
notifications-api-01916,4,腾讯云,1731651,0.0079,0
authentication-api-01917,2,私有云,3847231,0.0023,0
analytics-api-01918,3,本地部署,424750,0.0044,1
shipping-api-01919,3,AWS,4144534,0.2013,0
billing-api-01920,3,Azure,3961272,0.0080,0
users-api-01921,4,Google Cloud,108050,0.0216,3
orders-api-01922,4,阿里云,2821973,0.0026,0
payments-api-01923,1,腾讯云,4179810,0.0024,2
inventory-api-01924,1,私有云,4079836,0.0055,5
search-api-01925,2,本地部署,4546435,0.0044,0
notifications-api-01926,5,AWS,2172012,0.0025,0
authentication-api-01927,1,Azure,2227734,0.0289,0
analytics-api-01928,1,Google Cloud,871843,0.0019,1
shipping-api-01929,1,阿里云,2496415,0.0090,0
billing-api-01930,3,腾讯云,3963896,0.0000,2
users-api-01931,3,私有云,1351772,0.0088,0
orders-api-01932,4,本地部署,4239597,0.2465,0
payments-api-01933,4,AWS,3382698,0.0062,1
inventory-api-01934,2,Azure,1141743,0.0051,0
search-api-01935,4,Google Cloud,3794513,0.0027,3
notifications-api-01936,2,阿里云,170564,0.0061,0
authentication-api-01937,3,腾讯云,833763,0.0077,0
analytics-api-01938,4,私有云,1445256,0.0095,0
shipping-api-01939,4,本地部署,4398138,0.0058,8
billing-api-01940,4,AWS,4549008,0.0037,0
users-api-01941,5,Azure,1946599,0.0000,1
orders-api-01942,2,Google Cloud,3559413,0.0020,0
payments-api-01943,2,阿里云,2548204,0.0081,1
inventory-api-01944,2,腾讯云,3796404,0.0043,0
search-api-01945,3,私有云,1642602,0.0042,0
notifications-api-01946,2,本地部署,1527167,0.0031,8
authentication-api-01947,4,AWS,2111390,0.0093,1
analytics-api-01948,5,Azure,3820403,0.0374,0
shipping-api-01949,4,Google Cloud,1583930,0.0008,8
billing-api-01950,1,阿里云,1385493,0.0082,1
users-api-01951,2,腾讯云,3019788,0.0008,5
orders-api-01952,5,私有云,34196,0.0149,0
payments-api-01953,1,本地部署,1534419,0.0095,0
inventory-api-01954,4,AWS,4096354,0.0046,0
search-api-01955,4,Azure,52883,0.0017,0
notifications-api-01956,2,Google Cloud,4862632,0.0038,0
authentication-api-01957,3,阿里云,124035,0.0012,1
analytics-api-01958,1,腾讯云,1485185,0.1954,0
shipping-api-01959,3,私有云,4755886,0.0047,0
billing-api-01960,1,本地部署,2046410,0.0452,13
users-api-01961,5,AWS,1940849,0.0069,3
orders-api-01962,4,Azure,1991357,0.0078,0
payments-api-01963,3,Google Cloud,640896,0.0099,0
inventory-api-01964,4,阿里云,2967045,0.0000,0
search-api-01965,3,腾讯云,2114289,0.0029,0
notifications-api-01966,2,私有云,630401,0.0086,0
authentication-api-01967,1,本地部署,4567195,0.0057,3
analytics-api-01968,3,AWS,2124066,0.0426,3
shipping-api-01969,5,Azure,997269,0.0230,2
billing-api-01970,4,Google Cloud,4480970,0.0000,0
users-api-01971,5,阿里云,3897754,0.0474,0
orders-api-01972,1,腾讯云,184774,0.0000,2
payments-api-01973,3,私有云,3199484,0.0056,0
inventory-api-01974,5,本地部署,3918134,0.0098,0
search-api-01975,4,AWS,3467014,0.0082,0
notifications-api-01976,1,Azure,3810391,0.0487,8
authentication-api-01977,5,Google Cloud,3654489,0.0008,0
analytics-api-01978,1,阿里云,1739454,0.0018,0
shipping-api-01979,2,腾讯云,2155709,0.0130,3
billing-api-01980,2,私有云,1876259,0.0058,0
users-api-01981,5,本地部署,73845,0.0458,3
orders-api-01982,4,AWS,1437031,0.0064,3
payments-api-01983,3,Azure,2355275,0.0228,1
inventory-api-01984,3,Google Cloud,2392288,0.0000,0
search-api-01985,4,阿里云,400404,0.0452,1
notifications-api-01986,1,腾讯云,4960777,0.0000,0
authentication-api-01987,3,私有云,1774868,0.0029,0
analytics-api-01988,5,本地部署,1480537,0.0027,0
shipping-api-01989,4,AWS,1815223,0.0085,0
billing-api-01990,1,Azure,2279756,0.0094,0
users-api-01991,2,Google Cloud,1522684,0.0013,3
orders-api-01992,2,阿里云,2844699,0.0026,0
payments-api-01993,4,腾讯云,761676,0.0099,1
inventory-api-01994,5,私有云,4994839,0.0339,0
search-api-01995,5,本地部署,1938712,0.0060,0
notifications-api-01996,5,AWS,1152770,0.0137,1
authentication-api-01997,5,Azure,1531520,0.0485,0
analytics-api-01998,1,Google Cloud,2114393,0.0016,0
shipping-api-01999,5,阿里云,779140,0.0286,0
billing-api-02000,1,腾讯云,4182869,0.0000,0
users-api-02001,1,私有云,0,0.0000,0
orders-api-02002,2,本地部署,126937,0.0081,1
payments-api-02003,4,AWS,2730882,0.0019,2
inventory-api-02004,2,Azure,3441268,0.0076,2
search-api-02005,5,Google Cloud,2796615,0.0031,0
notifications-api-02006,4,阿里云,3737301,0.0050,0
authentication-api-02007,5,腾讯云,88435,0.0023,0
analytics-api-02008,2,私有云,3033659,0.0381,1
shipping-api-02009,4,本地部署,4232559,0.1403,0
billing-api-02010,2,AWS,3893433,0.0067,0
users-api-02011,4,Azure,3604203,0.0666,0
orders-api-02012,2,Google Cloud,304850,0.0000,2
payments-api-02013,2,阿里云,1303438,0.0000,2
inventory-api-02014,2,腾讯云,4891048,0.0000,3
search-api-02015,3,私有云,981539,0.0000,0
notifications-api-02016,1,本地部署,2101832,0.0030,2
authentication-api-02017,2,AWS,3470012,0.0095,0
analytics-api-02018,5,Azure,410231,0.0043,3
shipping-api-02019,1,Google Cloud,2174333,0.0049,1
billing-api-02020,5,阿里云,526208,0.0065,0
users-api-02021,2,腾讯云,2219027,0.0000,0
orders-api-02022,5,私有云,3247970,0.0000,0
payments-api-02023,1,本地部署,2256748,0.0487,3
inventory-api-02024,5,AWS,1090716,0.0027,0
search-api-02025,3,Azure,1605078,0.0018,0
notifications-api-02026,1,Google Cloud,4044949,0.0039,0
authentication-api-02027,2,阿里云,2270246,0.0043,0
analytics-api-02028,5,腾讯云,1236687,0.2998,0
shipping-api-02029,3,私有云,420411,0.0033,1
billing-api-02030,4,本地部署,3479651,0.0039,2
users-api-02031,5,AWS,840415,0.0029,2
orders-api-02032,2,Azure,819489,0.0298,1
payments-api-02033,5,Google Cloud,4665049,0.0407,0
inventory-api-02034,3,阿里云,497757,0.0078,2
search-api-02035,3,腾讯云,3168583,0.0008,0
notifications-api-02036,1,私有云,2400667,0.0000,0
authentication-api-02037,4,本地部署,3685607,0.0215,1
analytics-api-02038,3,AWS,2450798,0.0048,5
shipping-api-02039,4,Azure,8599,0.0000,0
billing-api-02040,2,Google Cloud,926314,0.0451,5
users-api-02041,4,阿里云,1793070,0.0181,0
orders-api-02042,3,腾讯云,2476971,0.0035,3
payments-api-02043,4,私有云,1541573,0.0044,0
inventory-api-02044,1,本地部署,4152565,0.0000,5
search-api-02045,3,AWS,867111,0.0099,0
notifications-api-02046,3,Azure,4484232,0.0367,0
authentication-api-02047,2,Google Cloud,2617844,0.0110,0
analytics-api-02048,4,阿里云,3574609,0.0036,0
shipping-api-02049,3,腾讯云,492745,0.0000,0
billing-api-02050,2,私有云,2827714,0.0019,1
users-api-02051,3,本地部署,2657912,0.0027,0
orders-api-02052,3,AWS,666670,0.0038,2
payments-api-02053,3,Azure,4694188,0.0013,0
inventory-api-02054,3,Google Cloud,3894530,0.0049,2
search-api-02055,3,阿里云,1361749,0.0002,8
notifications-api-02056,5,腾讯云,2816052,0.0021,0
authentication-api-02057,3,私有云,1030330,0.0000,2
analytics-api-02058,1,本地部署,2925764,0.1300,8
shipping-api-02059,4,AWS,245108,0.0092,0
billing-api-02060,2,Azure,4618233,0.0000,0
users-api-02061,4,Google Cloud,2957054,0.0043,1
orders-api-02062,1,阿里云,4241334,0.0000,1
payments-api-02063,4,腾讯云,1945786,0.0238,1
inventory-api-02064,3,私有云,752065,0.0084,1
search-api-02065,5,本地部署,859603,0.0171,0
notifications-api-02066,2,AWS,843784,0.0000,0
authentication-api-02067,4,Azure,4672946,0.0036,0
analytics-api-02068,5,Google Cloud,4715022,0.0046,0
shipping-api-02069,2,阿里云,3811950,0.0305,1
billing-api-02070,5,腾讯云,4209138,0.0075,0
users-api-02071,5,私有云,436169,0.0001,0
orders-api-02072,3,本地部署,779549,0.0435,3
payments-api-02073,2,AWS,4780815,0.0011,0
inventory-api-02074,2,Azure,1862910,0.2288,0
search-api-02075,5,Google Cloud,3666399,0.0000,0
notifications-api-02076,5,阿里云,4697550,0.0000,2
authentication-api-02077,4,腾讯云,975818,0.0000,1
analytics-api-02078,3,私有云,3874369,0.0021,0
shipping-api-02079,4,本地部署,4014113,0.1641,0
billing-api-02080,3,AWS,4695372,0.0425,5
users-api-02081,4,Azure,3145679,0.0037,2
orders-api-02082,5,Google Cloud,2935785,0.0087,8
payments-api-02083,3,阿里云,738999,0.0044,3
inventory-api-02084,3,腾讯云,4430654,0.0000,0
search-api-02085,1,私有云,3588557,0.0025,5
notifications-api-02086,5,本地部署,2876399,0.0086,1
authentication-api-02087,1,AWS,3325026,0.0025,2
analytics-api-02088,3,Azure,4657484,0.0043,0
shipping-api-02089,5,Google Cloud,1691287,0.0068,2
billing-api-02090,3,阿里云,4316827,0.1364,0
users-api-02091,3,腾讯云,4226520,0.2738,2
orders-api-02092,1,私有云,9790,0.0000,0
payments-api-02093,5,本地部署,3269032,0.0093,0
inventory-api-02094,4,AWS,1867669,0.0040,1
search-api-02095,3,Azure,1641423,0.0077,0
notifications-api-02096,2,Google Cloud,3677189,0.0019,3
authentication-api-02097,5,阿里云,4189384,0.0075,0
analytics-api-02098,4,腾讯云,2937816,0.0027,0
shipping-api-02099,4,私有云,2404664,0.0031,1
billing-api-02100,5,本地部署,3332484,0.0027,1
users-api-02101,2,AWS,4353225,0.0000,2
orders-api-02102,4,Azure,770518,0.0020,0
payments-api-02103,5,Google Cloud,2426392,0.0000,2
inventory-api-02104,4,阿里云,4738721,0.0048,3
search-api-02105,5,腾讯云,2607120,0.0050,2
notifications-api-02106,4,私有云,3758083,0.0046,0
authentication-api-02107,5,本地部署,427495,0.0029,0
analytics-api-02108,4,AWS,714704,0.0094,1
shipping-api-02109,1,Azure,49705,0.0012,0
billing-api-02110,3,Google Cloud,3210863,0.0428,0
users-api-02111,5,阿里云,1275131,0.0052,1
orders-api-02112,3,腾讯云,2148891,0.0090,5
payments-api-02113,2,私有云,2211674,0.0035,1
inventory-api-02114,3,本地部署,1478136,0.0092,0
search-api-02115,1,AWS,578548,0.0000,1
notifications-api-02116,4,Azure,2894099,0.0096,0
authentication-api-02117,2,Google Cloud,2818899,0.0000,1
analytics-api-02118,1,阿里云,3127282,0.0000,0
shipping-api-02119,1,腾讯云,1805883,0.0000,2
billing-api-02120,3,私有云,1972717,0.0038,2
users-api-02121,4,本地部署,2334139,0.0060,2
orders-api-02122,4,AWS,3144084,0.0095,0
payments-api-02123,5,Azure,2115247,0.0081,1
inventory-api-02124,5,Google Cloud,3201360,0.0006,0
search-api-02125,3,阿里云,4549885,0.0053,2
notifications-api-02126,5,腾讯云,714987,0.0195,1
authentication-api-02127,1,私有云,3280326,0.0000,1
analytics-api-02128,1,本地部署,4542073,0.0081,0
shipping-api-02129,5,AWS,364660,0.0005,0
billing-api-02130,3,Azure,2896451,0.0021,3
users-api-02131,4,Google Cloud,3412019,0.0010,0
orders-api-02132,3,阿里云,4171107,0.0028,3
payments-api-02133,5,腾讯云,1037500,0.0151,0
inventory-api-02134,4,私有云,999370,0.0209,8
search-api-02135,3,本地部署,2888707,0.0246,1
notifications-api-02136,1,AWS,442166,0.0052,0
authentication-api-02137,4,Azure,1249515,0.0085,8
analytics-api-02138,3,Google Cloud,4791683,0.0000,0
shipping-api-02139,5,阿里云,4003673,0.0070,0
billing-api-02140,5,腾讯云,1604832,0.0049,3
users-api-02141,5,私有云,1344707,0.0308,2
orders-api-02142,2,本地部署,4513800,0.0044,1
payments-api-02143,5,AWS,2759199,0.0099,0
inventory-api-02144,4,Azure,739319,0.0009,1
search-api-02145,4,Google Cloud,1582053,0.0126,0
notifications-api-02146,4,阿里云,3574807,0.2908,0
authentication-api-02147,2,腾讯云,4076990,0.0008,2
analytics-api-02148,5,私有云,940883,0.0339,0
shipping-api-02149,3,本地部署,352502,0.0016,0
billing-api-02150,3,AWS,2369505,0.0000,0
users-api-02151,5,Azure,2923938,0.0057,8
orders-api-02152,2,Google Cloud,4906710,0.0099,2
payments-api-02153,3,阿里云,2503863,0.0086,2
inventory-api-02154,1,腾讯云,3005628,0.0060,0
search-api-02155,3,私有云,1439847,0.0090,0
notifications-api-02156,1,本地部署,4419688,0.0229,0
authentication-api-02157,5,AWS,2585847,0.0046,5
analytics-api-02158,4,Azure,940566,0.0078,3
shipping-api-02159,5,Google Cloud,2993407,0.0017,0
billing-api-02160,3,阿里云,1837029,0.0041,3
users-api-02161,1,腾讯云,1817474,0.0093,0
orders-api-02162,2,私有云,1272566,0.0060,0
payments-api-02163,5,本地部署,2494439,0.0040,0
inventory-api-02164,2,AWS,790067,0.0054,0
search-api-02165,4,Azure,4606820,0.0005,1
notifications-api-02166,5,Google Cloud,1082943,0.0053,0
authentication-api-02167,1,阿里云,4990949,0.0021,3
analytics-api-02168,2,腾讯云,3733800,0.0757,2
shipping-api-02169,1,私有云,3355077,0.0048,0
billing-api-02170,2,本地部署,350263,0.2658,0
users-api-02171,4,AWS,2817256,0.0298,0
orders-api-02172,5,Azure,4942956,0.0093,5
payments-api-02173,2,Google Cloud,3386678,0.2575,0
inventory-api-02174,3,阿里云,748268,0.0000,0
search-api-02175,5,腾讯云,529200,0.0048,0
notifications-api-02176,4,私有云,4701061,0.2535,0
authentication-api-02177,1,本地部署,1314594,0.0248,0
analytics-api-02178,1,AWS,3746963,0.0010,1
shipping-api-02179,3,Azure,1769422,0.0030,0
billing-api-02180,5,Google Cloud,4172800,0.0055,2
users-api-02181,3,阿里云,4157665,0.0994,1
orders-api-02182,1,腾讯云,420436,0.0303,0
payments-api-02183,3,私有云,4294652,0.0086,2
inventory-api-02184,5,本地部署,4414624,0.0051,0
search-api-02185,3,AWS,1978301,0.0070,0
notifications-api-02186,2,Azure,199148,0.0033,0
authentication-api-02187,4,Google Cloud,3657228,0.0438,1
analytics-api-02188,2,阿里云,2709747,0.0434,0
shipping-api-02189,5,腾讯云,3033214,0.0268,3
billing-api-02190,2,私有云,3241197,0.0472,3
users-api-02191,2,本地部署,1608168,0.0015,1
orders-api-02192,3,AWS,1334864,0.0078,1
payments-api-02193,1,Azure,3188840,0.0048,3
inventory-api-02194,1,Google Cloud,330974,0.0074,0
search-api-02195,5,阿里云,510340,0.0021,0
notifications-api-02196,4,腾讯云,4649870,0.0059,3
authentication-api-02197,2,私有云,2675601,0.0274,3
analytics-api-02198,2,本地部署,3113025,0.0041,2
shipping-api-02199,5,AWS,1283736,0.0002,1
billing-api-02200,4,Azure,795641,0.0009,0
users-api-02201,3,Google Cloud,871061,0.0001,0
orders-api-02202,1,阿里云,3309067,0.0378,0
payments-api-02203,5,腾讯云,2970212,0.0049,1
inventory-api-02204,3,私有云,3714161,0.0405,5
search-api-02205,2,本地部署,4984790,0.0007,0
notifications-api-02206,3,AWS,4683746,0.0100,0
authentication-api-02207,5,Azure,1382809,0.0015,0
analytics-api-02208,2,Google Cloud,1120022,0.0176,5
shipping-api-02209,1,阿里云,1956372,0.0076,0
billing-api-02210,5,腾讯云,4911556,0.0043,0
users-api-02211,5,私有云,2066694,0.0008,0
orders-api-02212,1,本地部署,2841514,0.0086,0
payments-api-02213,4,AWS,98741,0.0000,0
inventory-api-02214,5,Azure,3428381,0.0094,0
search-api-02215,4,Google Cloud,1545873,0.0000,2
notifications-api-02216,3,阿里云,2472570,0.0098,1
authentication-api-02217,4,腾讯云,1352307,0.0000,0
analytics-api-02218,3,私有云,2390260,0.0036,0
shipping-api-02219,4,本地部署,860223,0.0077,0
billing-api-02220,1,AWS,2823494,0.0128,2
users-api-02221,1,Azure,1068680,0.0495,0
orders-api-02222,4,Google Cloud,2607996,0.1503,0
payments-api-02223,1,阿里云,1465268,0.0056,0
inventory-api-02224,5,腾讯云,2524436,0.0153,0
search-api-02225,3,私有云,2820642,0.0020,5
notifications-api-02226,4,本地部署,3414931,0.1300,1
authentication-api-02227,5,AWS,3896020,0.2007,0
analytics-api-02228,5,Azure,3611172,0.0046,1
shipping-api-02229,5,Google Cloud,443807,0.1286,2
billing-api-02230,2,阿里云,2621018,0.0227,0
users-api-02231,5,腾讯云,2544630,0.2268,0
orders-api-02232,4,私有云,1291963,0.2098,0
payments-api-02233,3,本地部署,448633,0.0051,0
inventory-api-02234,2,AWS,1443148,0.0000,0
search-api-02235,4,Azure,3385306,0.0316,2
notifications-api-02236,1,Google Cloud,385796,0.0010,0
authentication-api-02237,3,阿里云,1703662,0.0036,0
analytics-api-02238,4,腾讯云,203719,0.0022,1
shipping-api-02239,5,私有云,1522315,0.0000,1
billing-api-02240,3,本地部署,3213225,0.0141,0
users-api-02241,1,AWS,2553726,0.0091,1
orders-api-02242,4,Azure,1986741,0.1624,2
payments-api-02243,1,Google Cloud,264168,0.0074,3
inventory-api-02244,5,阿里云,3763210,0.0000,0
search-api-02245,5,腾讯云,656709,0.0000,0
notifications-api-02246,5,私有云,3548362,0.0344,0
authentication-api-02247,5,本地部署,3825561,0.0083,0
analytics-api-02248,2,AWS,4497969,0.0062,1
shipping-api-02249,4,Azure,1278946,0.1195,2
billing-api-02250,5,Google Cloud,1764900,0.0456,0
users-api-02251,4,阿里云,0,0.0000,0
orders-api-02252,1,腾讯云,3252667,0.0000,1
payments-api-02253,4,私有云,3300399,0.0037,0
inventory-api-02254,3,本地部署,1485915,0.0081,5
search-api-02255,1,AWS,2663889,0.0150,5
notifications-api-02256,3,Azure,1769898,0.0035,8
authentication-api-02257,2,Google Cloud,3560164,0.0024,0
analytics-api-02258,1,阿里云,590063,0.0018,0
shipping-api-02259,2,腾讯云,2472223,0.0022,0
billing-api-02260,4,私有云,429349,0.0014,1
users-api-02261,2,本地部署,2120583,0.0242,2
orders-api-02262,2,AWS,709915,0.0006,0
payments-api-02263,1,Azure,3308300,0.0068,0
inventory-api-02264,2,Google Cloud,993024,0.0021,0
search-api-02265,4,阿里云,1168337,0.0074,5
notifications-api-02266,2,腾讯云,70039,0.0048,1
authentication-api-02267,1,私有云,818930,0.0108,2
analytics-api-02268,1,本地部署,4127535,0.0004,0
shipping-api-02269,5,AWS,3484110,0.0025,1
billing-api-02270,5,Azure,4362153,0.0375,3
users-api-02271,3,Google Cloud,2022902,0.0079,0
orders-api-02272,2,阿里云,2645515,0.0005,0
payments-api-02273,2,腾讯云,1948086,0.0000,0
inventory-api-02274,4,私有云,1368456,0.0013,1
search-api-02275,3,本地部署,1313368,0.0146,0
notifications-api-02276,2,AWS,3786035,0.0000,0
authentication-api-02277,3,Azure,1921590,0.0037,3
analytics-api-02278,3,Google Cloud,476645,0.0019,0
shipping-api-02279,1,阿里云,3178168,0.0098,2
billing-api-02280,3,腾讯云,1125530,0.0093,0
users-api-02281,3,私有云,3518050,0.0087,2
orders-api-02282,4,本地部署,1389493,0.0000,0
payments-api-02283,4,AWS,3950343,0.0066,0
inventory-api-02284,5,Azure,2538404,0.0019,0
search-api-02285,1,Google Cloud,4159503,0.0287,1
notifications-api-02286,2,阿里云,3728554,0.0039,0
authentication-api-02287,5,腾讯云,2658160,0.0329,5
analytics-api-02288,4,私有云,2475553,0.0000,0
shipping-api-02289,5,本地部署,1918358,0.0073,0
billing-api-02290,2,AWS,3666054,0.0010,1
users-api-02291,3,Azure,2268364,0.0006,2
orders-api-02292,2,Google Cloud,3566083,0.0000,0
payments-api-02293,5,阿里云,4791428,0.0090,2
inventory-api-02294,3,腾讯云,912378,0.0002,1
search-api-02295,3,私有云,3198729,0.0183,3
notifications-api-02296,5,本地部署,912281,0.0195,2
authentication-api-02297,4,AWS,1763136,0.0000,0
analytics-api-02298,2,Azure,22526,0.0007,0
shipping-api-02299,1,Google Cloud,3304985,0.0000,2
billing-api-02300,5,阿里云,2038626,0.0053,1
users-api-02301,2,腾讯云,2452072,0.0059,0
orders-api-02302,2,私有云,4786252,0.0000,5
payments-api-02303,4,本地部署,4312264,0.0036,0
inventory-api-02304,4,AWS,4188278,0.0096,1
search-api-02305,2,Azure,3100414,0.0158,2
notifications-api-02306,4,Google Cloud,2686398,0.0281,0
authentication-api-02307,1,阿里云,2413680,0.0321,0
analytics-api-02308,1,腾讯云,391778,0.0000,0
shipping-api-02309,1,私有云,2893310,0.0080,0
billing-api-02310,4,本地部署,3981430,0.0081,5
users-api-02311,4,AWS,2459083,0.0110,0
orders-api-02312,2,Azure,1915926,0.0013,0
payments-api-02313,2,Google Cloud,3175766,0.0042,0
inventory-api-02314,2,阿里云,1530115,0.0278,0
search-api-02315,3,腾讯云,1434663,0.0068,0
notifications-api-02316,1,私有云,735941,0.0051,1
authentication-api-02317,4,本地部署,3475008,0.0000,1
analytics-api-02318,2,AWS,3609753,0.0032,2
shipping-api-02319,5,Azure,4098777,0.0000,0
billing-api-02320,4,Google Cloud,3712398,0.0000,0
users-api-02321,5,阿里云,561329,0.0035,0
orders-api-02322,4,腾讯云,3740736,0.0222,0
payments-api-02323,5,私有云,2919968,0.0486,1
inventory-api-02324,4,本地部署,4848181,0.0040,0
search-api-02325,1,AWS,1467962,0.0067,0
notifications-api-02326,3,Azure,3954638,0.0000,0
authentication-api-02327,1,Google Cloud,4561995,0.0027,2
analytics-api-02328,3,阿里云,3723257,0.0020,0
shipping-api-02329,1,腾讯云,4543451,0.0097,0
billing-api-02330,1,私有云,1113882,0.0060,1
users-api-02331,1,本地部署,1658522,0.0349,3
orders-api-02332,2,AWS,1735740,0.0005,0
payments-api-02333,4,Azure,1788224,0.0075,8
inventory-api-02334,5,Google Cloud,3059373,0.0002,0
search-api-02335,2,阿里云,4590075,0.0007,0
notifications-api-02336,1,腾讯云,2938913,0.0083,3
authentication-api-02337,5,私有云,3268920,0.0149,1
analytics-api-02338,2,本地部署,128981,0.0006,0
shipping-api-02339,1,AWS,3332455,0.0027,1
billing-api-02340,1,Azure,1092559,0.0003,5
users-api-02341,5,Google Cloud,577377,0.0049,0
orders-api-02342,2,阿里云,2718445,0.0058,0
payments-api-02343,1,腾讯云,3590402,0.0482,0
inventory-api-02344,2,私有云,2992874,0.0009,1
search-api-02345,3,本地部署,16173,0.0000,0
notifications-api-02346,5,AWS,1281598,0.1015,0
authentication-api-02347,5,Azure,2691573,0.0053,0
analytics-api-02348,2,Google Cloud,4204089,0.0010,1
shipping-api-02349,3,阿里云,2781836,0.0458,0
billing-api-02350,4,腾讯云,3957145,0.0000,5
users-api-02351,3,私有云,2349363,0.0442,0
orders-api-02352,3,本地部署,3632257,0.0469,0
payments-api-02353,1,AWS,2588460,0.0011,0
inventory-api-02354,5,Azure,1490652,0.0000,0
search-api-02355,2,Google Cloud,960345,0.0023,0
notifications-api-02356,5,阿里云,4274722,0.0093,0
authentication-api-02357,1,腾讯云,3682495,0.0081,2
analytics-api-02358,4,私有云,3691763,0.0000,0
shipping-api-02359,1,本地部署,4911326,0.0001,2
billing-api-02360,2,AWS,1913961,0.0026,2
users-api-02361,5,Azure,870218,0.0031,0
orders-api-02362,4,Google Cloud,3838280,0.0068,0
payments-api-02363,4,阿里云,3974598,0.0000,0
inventory-api-02364,4,腾讯云,3763457,0.0000,0
search-api-02365,3,私有云,1023322,0.0007,1
notifications-api-02366,1,本地部署,1352933,0.0050,0
authentication-api-02367,2,AWS,171896,0.0339,0
analytics-api-02368,3,Azure,2927085,0.0029,0
shipping-api-02369,5,Google Cloud,2943206,0.0013,0
billing-api-02370,4,阿里云,1180737,0.0408,1
users-api-02371,3,腾讯云,2907984,0.0466,2
orders-api-02372,2,私有云,2855681,0.0024,0
payments-api-02373,4,本地部署,1261927,0.0022,0
inventory-api-02374,2,AWS,427790,0.0080,0
search-api-02375,4,Azure,1984966,0.0067,0
notifications-api-02376,2,Google Cloud,2190476,0.0000,3
authentication-api-02377,5,阿里云,3772945,0.0000,8
analytics-api-02378,3,腾讯云,2022344,0.0030,1
shipping-api-02379,5,私有云,3434914,0.0067,1
billing-api-02380,1,本地部署,1536747,0.0070,0
users-api-02381,3,AWS,3869505,0.0201,5
orders-api-02382,1,Azure,2134919,0.0054,0
payments-api-02383,3,Google Cloud,4530855,0.0000,0
inventory-api-02384,1,阿里云,931171,0.0000,1
search-api-02385,5,腾讯云,2147614,0.0057,3
notifications-api-02386,1,私有云,1670578,0.0333,1
authentication-api-02387,4,本地部署,387307,0.0081,0
analytics-api-02388,5,AWS,1920194,0.0091,2
shipping-api-02389,2,Azure,653425,0.0494,3
billing-api-02390,4,Google Cloud,773382,0.0047,1
users-api-02391,1,阿里云,4030843,0.0003,1
orders-api-02392,3,腾讯云,1958315,0.0030,0
payments-api-02393,2,私有云,1752769,0.0418,1
inventory-api-02394,1,本地部署,2954485,0.0058,1
search-api-02395,4,AWS,1266645,0.0041,0
notifications-api-02396,5,Azure,4486326,0.0085,1
authentication-api-02397,2,Google Cloud,2101303,0.0335,1
analytics-api-02398,4,阿里云,1926081,0.0934,3
shipping-api-02399,2,腾讯云,1282025,0.0976,0
billing-api-02400,2,私有云,44608,0.0004,2
users-api-02401,5,本地部署,2856560,0.0480,0
orders-api-02402,5,AWS,2688180,0.0084,1
payments-api-02403,2,Azure,1118341,0.0235,1
inventory-api-02404,5,Google Cloud,3284031,0.0023,8
search-api-02405,5,阿里云,3074186,0.0014,0
notifications-api-02406,4,腾讯云,1101742,0.0023,0
authentication-api-02407,3,私有云,3549610,0.0031,0
analytics-api-02408,5,本地部署,2294580,0.0031,5
shipping-api-02409,1,AWS,4944744,0.0087,0
billing-api-02410,3,Azure,3544514,0.0047,0
users-api-02411,1,Google Cloud,2258386,0.0072,1
orders-api-02412,2,阿里云,523475,0.0038,1
payments-api-02413,2,腾讯云,3030122,0.0056,2
inventory-api-02414,4,私有云,52344,0.0023,2
search-api-02415,1,本地部署,2071816,0.0498,0
notifications-api-02416,2,AWS,2759419,0.0128,5
authentication-api-02417,2,Azure,3655795,0.0053,0
analytics-api-02418,4,Google Cloud,2042345,0.0000,1
shipping-api-02419,5,阿里云,4075731,0.0106,13
billing-api-02420,1,腾讯云,1681555,0.0433,2
users-api-02421,3,私有云,2389027,0.0030,0
orders-api-02422,3,本地部署,1278791,0.0040,0
payments-api-02423,5,AWS,425589,0.0062,0
inventory-api-02424,1,Azure,2772538,0.0377,1
search-api-02425,3,Google Cloud,4226411,0.0033,0
notifications-api-02426,1,阿里云,2544833,0.0074,0
authentication-api-02427,1,腾讯云,1935991,0.0093,1
analytics-api-02428,2,私有云,3545370,0.0000,0
shipping-api-02429,3,本地部署,1362261,0.0039,2
billing-api-02430,3,AWS,4574075,0.0048,0
users-api-02431,4,Azure,4495610,0.0099,0
orders-api-02432,3,Google Cloud,4151560,0.0013,0
payments-api-02433,1,阿里云,2352542,0.0040,1
inventory-api-02434,1,腾讯云,795947,0.0081,0
search-api-02435,3,私有云,4586911,0.0127,0
notifications-api-02436,4,本地部署,3102013,0.0044,1
authentication-api-02437,4,AWS,1939735,0.0080,0
analytics-api-02438,1,Azure,3758971,0.0079,0
shipping-api-02439,5,Google Cloud,721365,0.0072,0
billing-api-02440,5,阿里云,373071,0.0428,1
users-api-02441,4,腾讯云,2627696,0.0191,3
orders-api-02442,4,私有云,7859,0.0096,2
payments-api-02443,4,本地部署,1231628,0.0000,0
inventory-api-02444,3,AWS,891745,0.0023,0
search-api-02445,5,Azure,554048,0.0082,0
notifications-api-02446,5,Google Cloud,3726885,0.0055,0
authentication-api-02447,4,阿里云,537387,0.0048,2
analytics-api-02448,5,腾讯云,2593179,0.0098,1
shipping-api-02449,2,私有云,4623538,0.0095,0
billing-api-02450,1,本地部署,1194748,0.0371,0
users-api-02451,2,AWS,2510825,0.0014,0
orders-api-02452,1,Azure,3410944,0.0067,1
payments-api-02453,5,Google Cloud,1830786,0.0192,0
inventory-api-02454,2,阿里云,1275902,0.0093,5
search-api-02455,4,腾讯云,2420693,0.0016,5
notifications-api-02456,3,私有云,1594676,0.0015,0
authentication-api-02457,3,本地部署,4082685,0.0397,0
analytics-api-02458,4,AWS,2523291,0.0053,3
shipping-api-02459,5,Azure,2734763,0.0000,0
billing-api-02460,4,Google Cloud,2665561,0.0000,0
users-api-02461,1,阿里云,4417312,0.0358,0
orders-api-02462,4,腾讯云,904928,0.0099,2
payments-api-02463,3,私有云,658616,0.0016,2
inventory-api-02464,4,本地部署,2724924,0.0079,0
search-api-02465,5,AWS,4368041,0.0066,5
notifications-api-02466,3,Azure,1588298,0.0059,0
authentication-api-02467,1,Google Cloud,2299854,0.0030,0
analytics-api-02468,1,阿里云,1664496,0.0000,0
shipping-api-02469,1,腾讯云,2033087,0.0095,3
billing-api-02470,2,私有云,713796,0.0028,1
users-api-02471,3,本地部署,4977528,0.0095,1
orders-api-02472,1,AWS,4688112,0.0100,0
payments-api-02473,1,Azure,3677051,0.0324,0
inventory-api-02474,2,Google Cloud,2002362,0.0070,2
search-api-02475,4,阿里云,2307831,0.0034,1
notifications-api-02476,5,腾讯云,1361087,0.0024,8
authentication-api-02477,1,私有云,2263875,0.0475,8
analytics-api-02478,4,本地部署,3730565,0.0000,0
shipping-api-02479,1,AWS,501462,0.0029,0
billing-api-02480,1,Azure,4019874,0.0064,1
users-api-02481,5,Google Cloud,4051535,0.0071,2
orders-api-02482,3,阿里云,3069967,0.0221,8
payments-api-02483,2,腾讯云,4892610,0.0381,1
inventory-api-02484,2,私有云,4702077,0.0005,2
search-api-02485,2,本地部署,3498438,0.0000,0
notifications-api-02486,2,AWS,3624820,0.0000,0
authentication-api-02487,4,Azure,1805282,0.0197,1
analytics-api-02488,5,Google Cloud,3491988,0.0045,0
shipping-api-02489,3,阿里云,2231800,0.1738,5
billing-api-02490,5,腾讯云,1393905,0.0074,0
users-api-02491,5,私有云,373517,0.0000,0
orders-api-02492,3,本地部署,4811320,0.0024,2
payments-api-02493,1,AWS,268469,0.0000,0
inventory-api-02494,3,Azure,1108633,0.0192,0
search-api-02495,5,Google Cloud,3875454,0.0000,0
notifications-api-02496,3,阿里云,2527680,0.0095,0
authentication-api-02497,1,腾讯云,4086464,0.0274,0
analytics-api-02498,1,私有云,568396,0.0167,0
shipping-api-02499,3,本地部署,4031440,0.0015,0
billing-api-02500,5,AWS,1341663,0.0091,2
users-api-02501,4,Azure,0,0.0000,0
orders-api-02502,5,Google Cloud,2294862,0.0049,0
payments-api-02503,1,阿里云,4817017,0.0029,8
inventory-api-02504,4,腾讯云,732376,0.0090,1
search-api-02505,5,私有云,2073054,0.0204,0
notifications-api-02506,2,本地部署,1726459,0.0004,1
authentication-api-02507,4,AWS,2594444,0.0266,0
analytics-api-02508,4,Azure,1084892,0.0098,1
shipping-api-02509,1,Google Cloud,4272802,0.0069,0
billing-api-02510,4,阿里云,262042,0.0014,0
users-api-02511,5,腾讯云,1919398,0.0027,1
orders-api-02512,5,私有云,1578527,0.0056,0
payments-api-02513,3,本地部署,3618527,0.0091,2
inventory-api-02514,2,AWS,632581,0.0169,0
search-api-02515,5,Azure,3055442,0.0076,0
notifications-api-02516,1,Google Cloud,1639943,0.0063,3
authentication-api-02517,4,阿里云,4336502,0.0377,1
analytics-api-02518,2,腾讯云,274152,0.0085,0
shipping-api-02519,5,私有云,1901515,0.0423,0
billing-api-02520,3,本地部署,4443527,0.0285,0
users-api-02521,2,AWS,2152111,0.0279,0
orders-api-02522,3,Azure,1021804,0.0262,0
payments-api-02523,4,Google Cloud,4840715,0.0083,0
inventory-api-02524,1,阿里云,4779172,0.0077,0
search-api-02525,1,腾讯云,101394,0.0176,0
notifications-api-02526,3,私有云,4906082,0.0053,1
authentication-api-02527,1,本地部署,3892028,0.0001,0
analytics-api-02528,4,AWS,532958,0.0091,3
shipping-api-02529,5,Azure,3839970,0.0041,3
billing-api-02530,5,Google Cloud,3329207,0.0093,0
users-api-02531,5,阿里云,1832117,0.0000,0
orders-api-02532,2,腾讯云,407443,0.0189,2
payments-api-02533,4,私有云,2119666,0.0048,5
inventory-api-02534,1,本地部署,1966759,0.0073,0
search-api-02535,2,AWS,2812387,0.0276,0
notifications-api-02536,1,Azure,1780526,0.0000,2
authentication-api-02537,1,Google Cloud,4982740,0.0042,0
analytics-api-02538,3,阿里云,2506218,0.0005,0
shipping-api-02539,2,腾讯云,2639287,0.0031,0
billing-api-02540,5,私有云,1075961,0.0045,0
users-api-02541,5,本地部署,3948426,0.0000,1
orders-api-02542,5,AWS,4183614,0.0050,0
payments-api-02543,4,Azure,2882808,0.0017,0
inventory-api-02544,1,Google Cloud,3753458,0.0070,3
search-api-02545,3,阿里云,3063304,0.0037,0
notifications-api-02546,4,腾讯云,4655963,0.0028,1
authentication-api-02547,3,私有云,673312,0.0000,0
analytics-api-02548,4,本地部署,1896459,0.0006,0
shipping-api-02549,5,AWS,721149,0.0000,0
billing-api-02550,1,Azure,2850158,0.0054,0
users-api-02551,2,Google Cloud,3897911,0.0123,0
orders-api-02552,3,阿里云,4738122,0.0000,0
payments-api-02553,4,腾讯云,3247936,0.0057,0
inventory-api-02554,4,私有云,3043878,0.0075,0
search-api-02555,1,本地部署,2149331,0.0082,0
notifications-api-02556,5,AWS,2098005,0.0189,1
authentication-api-02557,2,Azure,4700737,0.0093,0
analytics-api-02558,4,Google Cloud,3916551,0.0443,3
shipping-api-02559,4,阿里云,3674383,0.0050,1
billing-api-02560,2,腾讯云,2869887,0.1754,0
users-api-02561,2,私有云,3708428,0.0122,0
orders-api-02562,4,本地部署,1387646,0.0051,3
payments-api-02563,3,AWS,4288129,0.0004,5
inventory-api-02564,4,Azure,1433652,0.0354,0
search-api-02565,1,Google Cloud,2541180,0.0198,5
notifications-api-02566,1,阿里云,2611155,0.0000,0
authentication-api-02567,1,腾讯云,1797100,0.0329,2
analytics-api-02568,1,私有云,3120160,0.0060,0
shipping-api-02569,2,本地部署,3175718,0.0092,2
billing-api-02570,1,AWS,978277,0.0303,0
users-api-02571,2,Azure,4828022,0.1744,0
orders-api-02572,3,Google Cloud,2955080,0.0438,0
payments-api-02573,2,阿里云,3581676,0.0497,0
inventory-api-02574,3,腾讯云,1836551,0.0047,1
search-api-02575,3,私有云,2164852,0.0078,0
notifications-api-02576,2,本地部署,1351775,0.0266,1
authentication-api-02577,3,AWS,4656953,0.0012,8
analytics-api-02578,2,Azure,2931163,0.0084,0
shipping-api-02579,3,Google Cloud,1932657,0.0251,0
billing-api-02580,4,阿里云,4968063,0.0023,0
users-api-02581,4,腾讯云,3618363,0.0089,0
orders-api-02582,3,私有云,1317636,0.0035,3
payments-api-02583,2,本地部署,4513123,0.0325,1
inventory-api-02584,5,AWS,335677,0.0000,0
search-api-02585,2,Azure,2306587,0.0303,0
notifications-api-02586,1,Google Cloud,4034007,0.0000,1
authentication-api-02587,2,阿里云,4633035,0.0495,0
analytics-api-02588,4,腾讯云,4472562,0.0129,0
shipping-api-02589,4,私有云,2614366,0.0086,1
billing-api-02590,4,本地部署,3394226,0.0473,5
users-api-02591,1,AWS,918658,0.0000,3
orders-api-02592,4,Azure,4474438,0.0072,1
payments-api-02593,5,Google Cloud,3164552,0.0000,2
inventory-api-02594,4,阿里云,3074813,0.0011,0
search-api-02595,4,腾讯云,725731,0.0000,0
notifications-api-02596,1,私有云,1008293,0.0003,1
authentication-api-02597,5,本地部署,3677098,0.0017,0
analytics-api-02598,2,AWS,1097754,0.0003,0
shipping-api-02599,2,Azure,3704107,0.0070,0
billing-api-02600,1,Google Cloud,554408,0.0368,0
users-api-02601,3,阿里云,201914,0.0100,0
orders-api-02602,5,腾讯云,2558718,0.0139,2
payments-api-02603,4,私有云,154302,0.2716,2
inventory-api-02604,2,本地部署,859333,0.0071,1
search-api-02605,5,AWS,3157814,0.0166,2
notifications-api-02606,3,Azure,3384546,0.0089,1
authentication-api-02607,5,Google Cloud,4212615,0.0089,0
analytics-api-02608,5,阿里云,2713400,0.0167,0
shipping-api-02609,4,腾讯云,630420,0.0090,0
billing-api-02610,4,私有云,2042871,0.0217,0
users-api-02611,4,本地部署,4700962,0.0019,0
orders-api-02612,1,AWS,3578284,0.0098,1
payments-api-02613,5,Azure,142433,0.0029,3
inventory-api-02614,4,Google Cloud,2995398,0.0273,0
search-api-02615,1,阿里云,37900,0.0080,0
notifications-api-02616,5,腾讯云,1697338,0.0027,2
authentication-api-02617,1,私有云,1926059,0.0085,0
analytics-api-02618,1,本地部署,2103610,0.0021,1
shipping-api-02619,1,AWS,973776,0.0454,2
billing-api-02620,4,Azure,2361487,0.0000,1
users-api-02621,1,Google Cloud,2955090,0.0000,0
orders-api-02622,3,阿里云,4885599,0.0050,0
payments-api-02623,2,腾讯云,387700,0.0086,0
inventory-api-02624,4,私有云,4122022,0.0444,1
search-api-02625,4,本地部署,568273,0.0112,0
notifications-api-02626,2,AWS,323028,0.0094,1
authentication-api-02627,5,Azure,1348547,0.0854,8
analytics-api-02628,4,Google Cloud,3997864,0.0100,0
shipping-api-02629,1,阿里云,904025,0.0432,1
billing-api-02630,2,腾讯云,3477773,0.2514,0
users-api-02631,4,私有云,2525268,0.0056,0
orders-api-02632,5,本地部署,3987240,0.1093,1
payments-api-02633,5,AWS,382338,0.0029,1
inventory-api-02634,4,Azure,2204798,0.0097,0
search-api-02635,2,Google Cloud,1125844,0.0002,1
notifications-api-02636,4,阿里云,4201178,0.0069,5
authentication-api-02637,3,腾讯云,4515256,0.0063,2
analytics-api-02638,4,私有云,4671563,0.0091,0
shipping-api-02639,3,本地部署,1221815,0.0000,0
billing-api-02640,3,AWS,1471089,0.0086,0
users-api-02641,2,Azure,2542147,0.0000,1
orders-api-02642,5,Google Cloud,4509999,0.0000,0
payments-api-02643,1,阿里云,4501266,0.0097,0
inventory-api-02644,1,腾讯云,808721,0.0037,1
search-api-02645,4,私有云,4955048,0.0206,0
notifications-api-02646,3,本地部署,780300,0.0232,1
authentication-api-02647,1,AWS,1517537,0.0214,2
analytics-api-02648,4,Azure,1085045,0.0082,0
shipping-api-02649,3,Google Cloud,2088539,0.0000,3
billing-api-02650,5,阿里云,1191108,0.0074,0
users-api-02651,1,腾讯云,4246830,0.0480,0
orders-api-02652,2,私有云,566601,0.0063,0
payments-api-02653,1,本地部署,3034206,0.0099,0
inventory-api-02654,4,AWS,2526577,0.0040,2
search-api-02655,1,Azure,3091747,0.0007,0
notifications-api-02656,1,Google Cloud,1907841,0.0023,0
authentication-api-02657,2,阿里云,2257184,0.0027,2
analytics-api-02658,3,腾讯云,3848401,0.0006,0
shipping-api-02659,2,私有云,4420682,0.0214,0
billing-api-02660,2,本地部署,2918388,0.0038,5
users-api-02661,3,AWS,4299799,0.0004,2
orders-api-02662,3,Azure,667534,0.0409,0
payments-api-02663,3,Google Cloud,2525179,0.0414,0
inventory-api-02664,3,阿里云,4179534,0.0002,0
search-api-02665,3,腾讯云,241759,0.0013,2
notifications-api-02666,3,私有云,3345883,0.0077,2
authentication-api-02667,5,本地部署,3691807,0.0049,2
analytics-api-02668,5,AWS,4342443,0.0053,0
shipping-api-02669,5,Azure,3838360,0.0093,0
billing-api-02670,5,Google Cloud,1933187,0.0126,0
users-api-02671,1,阿里云,983904,0.0078,0
orders-api-02672,3,腾讯云,1071002,0.0825,0
payments-api-02673,2,私有云,1501370,0.0000,0
inventory-api-02674,5,本地部署,353466,0.0024,0
search-api-02675,4,AWS,4550794,0.0074,3
notifications-api-02676,2,Azure,3187756,0.0027,0
authentication-api-02677,3,Google Cloud,860272,0.0099,0
analytics-api-02678,2,阿里云,2929646,0.0010,0
shipping-api-02679,1,腾讯云,2059183,0.0062,2
billing-api-02680,2,私有云,2702739,0.0048,2
users-api-02681,2,本地部署,481149,0.0013,0
orders-api-02682,5,AWS,1550246,0.0000,0
payments-api-02683,4,Azure,1047545,0.0351,3
inventory-api-02684,4,Google Cloud,1445313,0.0026,1
search-api-02685,5,阿里云,1207752,0.0000,2
notifications-api-02686,3,腾讯云,619994,0.0000,0
authentication-api-02687,1,私有云,4547347,0.2962,1
analytics-api-02688,4,本地部署,958417,0.0004,1
shipping-api-02689,4,AWS,4608202,0.0036,0
billing-api-02690,5,Azure,2059632,0.0015,1
users-api-02691,5,Google Cloud,3746714,0.0067,2
orders-api-02692,2,阿里云,1391887,0.0018,3
payments-api-02693,1,腾讯云,1460324,0.0045,1
inventory-api-02694,3,私有云,3309717,0.0000,0
search-api-02695,5,本地部署,3801840,0.0013,0
notifications-api-02696,3,AWS,3323179,0.0040,0
authentication-api-02697,3,Azure,2254632,0.0147,1
analytics-api-02698,5,Google Cloud,4401207,0.0034,8
shipping-api-02699,5,阿里云,2334287,0.0470,0
billing-api-02700,4,腾讯云,1114152,0.0078,0
users-api-02701,4,私有云,1584837,0.0013,0
orders-api-02702,4,本地部署,888389,0.0010,0
payments-api-02703,5,AWS,3995944,0.0004,0
inventory-api-02704,2,Azure,3282527,0.0020,1
search-api-02705,5,Google Cloud,93090,0.0064,1
notifications-api-02706,3,阿里云,4768921,0.0066,2
authentication-api-02707,4,腾讯云,626604,0.0053,3
analytics-api-02708,3,私有云,3893288,0.0000,0
shipping-api-02709,5,本地部署,2838941,0.0052,0
billing-api-02710,5,AWS,3175203,0.0100,0
users-api-02711,5,Azure,718313,0.0000,0
orders-api-02712,2,Google Cloud,273354,0.0060,0
payments-api-02713,3,阿里云,901981,0.0026,5
inventory-api-02714,3,腾讯云,3833430,0.0091,1
search-api-02715,1,私有云,705658,0.0485,3
notifications-api-02716,2,本地部署,3367106,0.0068,3
authentication-api-02717,5,AWS,3016343,0.0025,0
analytics-api-02718,4,Azure,4088642,0.0038,0
shipping-api-02719,3,Google Cloud,2630304,0.2959,0
billing-api-02720,4,阿里云,1982544,0.0008,0
users-api-02721,1,腾讯云,1137052,0.0078,0
orders-api-02722,1,私有云,666346,0.0038,1
payments-api-02723,4,本地部署,703587,0.0000,13
inventory-api-02724,5,AWS,940078,0.0265,0
search-api-02725,5,Azure,3430099,0.0059,1
notifications-api-02726,1,Google Cloud,3503375,0.0367,0
authentication-api-02727,2,阿里云,4993882,0.0306,3
analytics-api-02728,2,腾讯云,2283107,0.0030,0
shipping-api-02729,1,私有云,2235336,0.0034,0
billing-api-02730,1,本地部署,378215,0.0381,3
users-api-02731,2,AWS,1917264,0.0094,0
orders-api-02732,1,Azure,171824,0.0098,0
payments-api-02733,2,Google Cloud,1225430,0.0055,0
inventory-api-02734,4,阿里云,3833201,0.0033,0
search-api-02735,1,腾讯云,2942126,0.0437,5
notifications-api-02736,2,私有云,1372157,0.0015,0
authentication-api-02737,4,本地部署,2312090,0.0176,0
analytics-api-02738,4,AWS,979147,0.2915,0
shipping-api-02739,4,Azure,1917262,0.0326,8
billing-api-02740,1,Google Cloud,669489,0.0326,3
users-api-02741,1,阿里云,3227142,0.0496,0
orders-api-02742,2,腾讯云,1201550,0.0099,3
payments-api-02743,3,私有云,2685596,0.0006,0
inventory-api-02744,2,本地部署,4141691,0.0354,2
search-api-02745,5,AWS,224523,0.0190,0
notifications-api-02746,1,Azure,3251700,0.0018,0
authentication-api-02747,4,Google Cloud,3028162,0.0075,0
analytics-api-02748,3,阿里云,2696120,0.0027,0
shipping-api-02749,1,腾讯云,4584355,0.2729,3
billing-api-02750,2,私有云,2366454,0.0031,0
users-api-02751,4,本地部署,0,0.0000,1
orders-api-02752,1,AWS,2737281,0.0000,1
payments-api-02753,4,Azure,4053110,0.0466,0
inventory-api-02754,2,Google Cloud,3819958,0.0376,0
search-api-02755,1,阿里云,2725783,0.0241,1
notifications-api-02756,4,腾讯云,1837488,0.0001,8
authentication-api-02757,1,私有云,3866050,0.0007,0
analytics-api-02758,5,本地部署,2272308,0.0031,0
shipping-api-02759,3,AWS,1151109,0.0082,0
billing-api-02760,2,Azure,3065184,0.0000,0
users-api-02761,3,Google Cloud,2273713,0.0051,0
orders-api-02762,2,阿里云,382482,0.0000,0
payments-api-02763,3,腾讯云,1481106,0.0416,0
inventory-api-02764,2,私有云,1988900,0.0029,0
search-api-02765,5,本地部署,1302208,0.0043,13
notifications-api-02766,3,AWS,3104179,0.0077,0
authentication-api-02767,5,Azure,4079095,0.0049,1
analytics-api-02768,1,Google Cloud,1262602,0.0000,0
shipping-api-02769,4,阿里云,1769663,0.0000,1
billing-api-02770,4,腾讯云,3653063,0.0431,0
users-api-02771,4,私有云,1096152,0.0043,5
orders-api-02772,3,本地部署,332612,0.2409,0
payments-api-02773,5,AWS,1280677,0.0000,1
inventory-api-02774,5,Azure,1737398,0.0000,0
search-api-02775,1,Google Cloud,4108170,0.0000,0
notifications-api-02776,2,阿里云,1890440,0.0084,0
authentication-api-02777,2,腾讯云,3893753,0.0000,0
analytics-api-02778,4,私有云,3653905,0.0048,2
shipping-api-02779,4,本地部署,1998053,0.0071,0
billing-api-02780,5,AWS,1215318,0.0033,5
users-api-02781,5,Azure,546466,0.0098,1
orders-api-02782,2,Google Cloud,2782164,0.0026,1
payments-api-02783,1,阿里云,712605,0.0084,0
inventory-api-02784,3,腾讯云,513503,0.0440,8
search-api-02785,2,私有云,466730,0.0994,0
notifications-api-02786,5,本地部署,623343,0.0081,0
authentication-api-02787,4,AWS,437993,0.0063,2
analytics-api-02788,5,Azure,4650753,0.0000,1
shipping-api-02789,5,Google Cloud,3267155,0.0293,2
billing-api-02790,5,阿里云,4409976,0.0014,0
users-api-02791,4,腾讯云,4237927,0.0043,1
orders-api-02792,5,私有云,479401,0.0006,0
payments-api-02793,1,本地部署,2168945,0.0436,0
inventory-api-02794,5,AWS,4765852,0.0004,0
search-api-02795,2,Azure,2927197,0.0336,0
notifications-api-02796,1,Google Cloud,1927184,0.0059,0
authentication-api-02797,2,阿里云,4234193,0.0018,1
analytics-api-02798,2,腾讯云,2762625,0.0089,1
shipping-api-02799,4,私有云,4558174,0.0008,0
billing-api-02800,4,本地部署,4269731,0.0000,0
users-api-02801,5,AWS,2888875,0.0154,0
orders-api-02802,5,Azure,296227,0.0066,0
payments-api-02803,2,Google Cloud,4670589,0.0000,0
inventory-api-02804,3,阿里云,4468162,0.0075,2
search-api-02805,2,腾讯云,313543,0.0091,5
notifications-api-02806,3,私有云,4508245,0.0153,3
authentication-api-02807,2,本地部署,342858,0.0082,0
analytics-api-02808,3,AWS,3354440,0.0088,0
shipping-api-02809,4,Azure,3117416,0.0006,0
billing-api-02810,5,Google Cloud,2651879,0.0083,8
users-api-02811,4,阿里云,4709747,0.0335,0
orders-api-02812,3,腾讯云,4977373,0.0000,0
payments-api-02813,5,私有云,3437964,0.0096,2
inventory-api-02814,1,本地部署,3394023,0.0000,0
search-api-02815,2,AWS,949029,0.0022,0
notifications-api-02816,3,Azure,2561882,0.0070,0
authentication-api-02817,4,Google Cloud,3062243,0.0051,2
analytics-api-02818,1,阿里云,3577830,0.0005,2
shipping-api-02819,2,腾讯云,450665,0.0000,2
billing-api-02820,3,私有云,167968,0.0059,5
users-api-02821,5,本地部署,3856766,0.0517,0
orders-api-02822,2,AWS,569485,0.0491,1
payments-api-02823,4,Azure,441548,0.0081,0
inventory-api-02824,4,Google Cloud,3793956,0.1001,0
search-api-02825,1,阿里云,1318707,0.0000,2
notifications-api-02826,2,腾讯云,4308238,0.0128,0
authentication-api-02827,2,私有云,3683668,0.0380,0
analytics-api-02828,4,本地部署,1685613,0.0041,3
shipping-api-02829,2,AWS,628372,0.0046,0
billing-api-02830,3,Azure,2914300,0.0012,0
users-api-02831,4,Google Cloud,1839555,0.0081,0
orders-api-02832,3,阿里云,3727830,0.0433,0
payments-api-02833,5,腾讯云,1583320,0.0000,3
inventory-api-02834,2,私有云,4918733,0.0050,1
search-api-02835,2,本地部署,4848664,0.0431,0
notifications-api-02836,1,AWS,1213916,0.0088,1
authentication-api-02837,3,Azure,1788510,0.0062,2
analytics-api-02838,4,Google Cloud,3977231,0.0075,0
shipping-api-02839,1,阿里云,257420,0.0000,0
billing-api-02840,2,腾讯云,1561099,0.0169,0
users-api-02841,5,私有云,3294319,0.0069,13
orders-api-02842,2,本地部署,2621592,0.0000,1
payments-api-02843,5,AWS,1802297,0.0088,5
inventory-api-02844,3,Azure,4461599,0.0167,0
search-api-02845,4,Google Cloud,2886953,0.0045,1
notifications-api-02846,3,阿里云,2689834,0.0017,0
authentication-api-02847,1,腾讯云,3678457,0.0078,3
analytics-api-02848,2,私有云,2514817,0.0180,1
shipping-api-02849,1,本地部署,604411,0.0000,0
billing-api-02850,1,AWS,3351663,0.1363,1
users-api-02851,4,Azure,4567539,0.0091,0
orders-api-02852,4,Google Cloud,4964507,0.0322,0
payments-api-02853,4,阿里云,2519263,0.0071,8
inventory-api-02854,1,腾讯云,1173041,0.0016,8
search-api-02855,2,私有云,2498872,0.0000,3
notifications-api-02856,2,本地部署,4177652,0.1460,1
authentication-api-02857,2,AWS,808680,0.0387,1
analytics-api-02858,4,Azure,4554002,0.0095,0
shipping-api-02859,2,Google Cloud,84519,0.0053,2
billing-api-02860,3,阿里云,85905,0.1792,0
users-api-02861,3,腾讯云,2630239,0.0029,5
orders-api-02862,3,私有云,4655786,0.0078,3
payments-api-02863,3,本地部署,3874523,0.0007,0
inventory-api-02864,5,AWS,4156937,0.0069,0
search-api-02865,1,Azure,1517698,0.0020,0
notifications-api-02866,4,Google Cloud,4390474,0.0107,1
authentication-api-02867,2,阿里云,1509291,0.0039,0
analytics-api-02868,1,腾讯云,1871567,0.0085,2
shipping-api-02869,5,私有云,4197247,0.0019,0
billing-api-02870,5,本地部署,2437605,0.0088,0
users-api-02871,5,AWS,3573805,0.0055,1
orders-api-02872,3,Azure,4213276,0.0100,0
payments-api-02873,3,Google Cloud,350660,0.0000,1
inventory-api-02874,1,阿里云,3013062,0.0061,0
search-api-02875,1,腾讯云,4489637,0.0021,0
notifications-api-02876,2,私有云,2380745,0.0000,2
authentication-api-02877,1,本地部署,4429540,0.0032,3
analytics-api-02878,3,AWS,3228037,0.0221,2
shipping-api-02879,3,Azure,4019230,0.0000,0
billing-api-02880,1,Google Cloud,4448337,0.0422,0
users-api-02881,3,阿里云,1460599,0.0056,0
orders-api-02882,5,腾讯云,3341225,0.0042,0
payments-api-02883,4,私有云,1211884,0.0057,1
inventory-api-02884,2,本地部署,3615425,0.0011,1
search-api-02885,3,AWS,1095962,0.0058,0
notifications-api-02886,3,Azure,406010,0.0929,0
authentication-api-02887,2,Google Cloud,1333529,0.0076,0
analytics-api-02888,5,阿里云,4650351,0.0054,0
shipping-api-02889,5,腾讯云,1962220,0.0000,0
billing-api-02890,3,私有云,1326943,0.0039,2
users-api-02891,2,本地部署,1136697,0.0043,0
orders-api-02892,2,AWS,3013976,0.0093,1
payments-api-02893,1,Azure,1275928,0.0335,8
inventory-api-02894,3,Google Cloud,700957,0.0419,5
search-api-02895,5,阿里云,3170344,0.0030,0
notifications-api-02896,2,腾讯云,1596782,0.0071,0
authentication-api-02897,3,私有云,1180137,0.0093,0
analytics-api-02898,2,本地部署,1538274,0.0419,2
shipping-api-02899,5,AWS,3905448,0.0017,0
billing-api-02900,4,Azure,483682,0.0423,1
users-api-02901,3,Google Cloud,4882327,0.0001,5
orders-api-02902,3,阿里云,215112,0.0017,0
payments-api-02903,5,腾讯云,3123024,0.0000,0
inventory-api-02904,1,私有云,1737067,0.0045,0
search-api-02905,2,本地部署,320664,0.0048,0
notifications-api-02906,3,AWS,3669444,0.0007,0
authentication-api-02907,3,Azure,4343315,0.0000,0
analytics-api-02908,3,Google Cloud,3297774,0.0027,1
shipping-api-02909,4,阿里云,3187777,0.0028,3
billing-api-02910,3,腾讯云,4717294,0.0000,0
users-api-02911,2,私有云,447882,0.0030,0
orders-api-02912,3,本地部署,2122691,0.0055,0
payments-api-02913,1,AWS,600239,0.0039,1
inventory-api-02914,1,Azure,833948,0.0000,0
search-api-02915,4,Google Cloud,1695963,0.0086,2
notifications-api-02916,4,阿里云,100490,0.0015,2
authentication-api-02917,2,腾讯云,625955,0.0000,0
analytics-api-02918,5,私有云,3200516,0.0037,0
shipping-api-02919,1,本地部署,2402336,0.0062,5
billing-api-02920,3,AWS,1137167,0.0319,3
users-api-02921,5,Azure,4791369,0.0423,0
orders-api-02922,2,Google Cloud,280835,0.0434,2
payments-api-02923,2,阿里云,1189087,0.0275,0
inventory-api-02924,3,腾讯云,3399995,0.0039,1
search-api-02925,4,私有云,2249373,0.0011,0
notifications-api-02926,5,本地部署,3032748,0.0007,0
authentication-api-02927,2,AWS,2602325,0.0020,0
analytics-api-02928,3,Azure,823317,0.0000,0
shipping-api-02929,4,Google Cloud,2981229,0.2278,0
billing-api-02930,3,阿里云,318818,0.0000,1
users-api-02931,4,腾讯云,4812631,0.0081,0
orders-api-02932,5,私有云,4771477,0.2793,1
payments-api-02933,5,本地部署,3497426,0.0000,0
inventory-api-02934,4,AWS,257696,0.0132,0
search-api-02935,2,Azure,1380611,0.0049,1
notifications-api-02936,1,Google Cloud,2772999,0.0075,1
authentication-api-02937,4,阿里云,3373405,0.0041,0
analytics-api-02938,4,腾讯云,254783,0.0152,0
shipping-api-02939,4,私有云,3958757,0.0000,2
billing-api-02940,2,本地部署,4679100,0.0024,0
users-api-02941,1,AWS,237054,0.0126,0
orders-api-02942,4,Azure,2107567,0.0030,2
payments-api-02943,2,Google Cloud,2612990,0.0035,0
inventory-api-02944,5,阿里云,4584122,0.0054,0
search-api-02945,5,腾讯云,460265,0.0083,2
notifications-api-02946,1,私有云,4049187,0.0243,0
authentication-api-02947,4,本地部署,3497259,0.0051,0
analytics-api-02948,3,AWS,959817,0.0014,0
shipping-api-02949,4,Azure,3238324,0.0016,0
billing-api-02950,1,Google Cloud,4054914,0.0013,3
users-api-02951,3,阿里云,2787832,0.2576,0
orders-api-02952,1,腾讯云,1989723,0.0053,0
payments-api-02953,4,私有云,1387568,0.0093,0
inventory-api-02954,3,本地部署,70600,0.0000,0
search-api-02955,1,AWS,1411580,0.0096,2
notifications-api-02956,2,Azure,3941498,0.0073,0
authentication-api-02957,2,Google Cloud,4042744,0.0010,0
analytics-api-02958,5,阿里云,2570013,0.0044,0
shipping-api-02959,1,腾讯云,4064168,0.0000,3
billing-api-02960,5,私有云,2987499,0.0042,8
users-api-02961,1,本地部署,4340804,0.0061,0
orders-api-02962,5,AWS,328891,0.0483,0
payments-api-02963,4,Azure,3467984,0.0000,2
inventory-api-02964,2,Google Cloud,2152955,0.0076,0
search-api-02965,4,阿里云,3771703,0.0335,0
notifications-api-02966,1,腾讯云,917693,0.0029,1
authentication-api-02967,1,私有云,3133785,0.0240,2
analytics-api-02968,5,本地部署,1813525,0.0047,0
shipping-api-02969,4,AWS,3337723,0.0019,0
billing-api-02970,4,Azure,946090,0.0087,0
users-api-02971,1,Google Cloud,2113991,0.0013,0
orders-api-02972,2,阿里云,91070,0.2158,8
payments-api-02973,4,腾讯云,4579378,0.0059,1
inventory-api-02974,2,私有云,3227598,0.0014,13
search-api-02975,2,本地部署,2462675,0.0234,2
notifications-api-02976,2,AWS,737785,0.0013,0
authentication-api-02977,5,Azure,2234718,0.0088,3
analytics-api-02978,2,Google Cloud,278783,0.0021,1
shipping-api-02979,1,阿里云,2437786,0.0061,0
billing-api-02980,3,腾讯云,2244377,0.0337,0
users-api-02981,5,私有云,4276068,0.0000,2
orders-api-02982,2,本地部署,880714,0.0039,2
payments-api-02983,2,AWS,4040271,0.0065,0
inventory-api-02984,2,Azure,1874083,0.0000,0
search-api-02985,3,Google Cloud,4905021,0.0418,0
notifications-api-02986,5,阿里云,1678626,0.0000,0
authentication-api-02987,2,腾讯云,3361857,0.0032,1
analytics-api-02988,2,私有云,2525248,0.0150,5
shipping-api-02989,1,本地部署,216060,0.0094,0
billing-api-02990,3,AWS,1951904,0.0027,1
users-api-02991,1,Azure,1805796,0.0087,0
orders-api-02992,1,Google Cloud,4862846,0.0074,2
payments-api-02993,2,阿里云,965969,0.0044,0
inventory-api-02994,2,腾讯云,1826390,0.0060,1
search-api-02995,2,私有云,1258913,0.0074,1
notifications-api-02996,4,本地部署,170146,0.0021,0
authentication-api-02997,4,AWS,3540460,0.0098,0
analytics-api-02998,1,Azure,72176,0.2010,1
shipping-api-02999,5,Google Cloud,969057,0.0000,0
billing-api-03000,4,阿里云,2296124,0.0004,0
users-api-03001,5,腾讯云,0,0.0000,1
orders-api-03002,1,私有云,4141684,0.0023,2
payments-api-03003,1,本地部署,3003886,0.0055,1
inventory-api-03004,2,AWS,4545066,0.0063,0
search-api-03005,4,Azure,2548091,0.0040,0
notifications-api-03006,1,Google Cloud,321236,0.0092,1
authentication-api-03007,4,阿里云,4753829,0.0076,1
analytics-api-03008,3,腾讯云,2648706,0.0060,0
shipping-api-03009,1,私有云,903800,0.0064,0
billing-api-03010,1,本地部署,2776523,0.0063,0
users-api-03011,1,AWS,1868765,0.0087,2
orders-api-03012,5,Azure,627344,0.0068,0
payments-api-03013,2,Google Cloud,3147452,0.0088,0
inventory-api-03014,5,阿里云,2725667,0.2604,0
search-api-03015,2,腾讯云,3304417,0.0000,2
notifications-api-03016,1,私有云,3361479,0.0050,0
authentication-api-03017,5,本地部署,3267748,0.0069,0
analytics-api-03018,5,AWS,960546,0.0061,3
shipping-api-03019,5,Azure,4674773,0.0023,2
billing-api-03020,1,Google Cloud,888163,0.0056,5
users-api-03021,2,阿里云,1013181,0.0065,2
orders-api-03022,4,腾讯云,1717208,0.1421,3
payments-api-03023,5,私有云,2705057,0.0100,0
inventory-api-03024,5,本地部署,3138075,0.1650,1
search-api-03025,4,AWS,4623802,0.0085,0
notifications-api-03026,2,Azure,3999621,0.0258,2
authentication-api-03027,4,Google Cloud,4479111,0.0046,1
analytics-api-03028,1,阿里云,435804,0.0019,1
shipping-api-03029,3,腾讯云,2749413,0.2633,0
billing-api-03030,3,私有云,3434590,0.0009,0
users-api-03031,3,本地部署,4521032,0.0071,0
orders-api-03032,2,AWS,3950347,0.0098,0
payments-api-03033,3,Azure,4479731,0.1983,1
inventory-api-03034,2,Google Cloud,4897538,0.0059,0
search-api-03035,2,阿里云,1309140,0.0207,2
notifications-api-03036,1,腾讯云,4056928,0.0074,0
authentication-api-03037,4,私有云,4738719,0.0046,0
analytics-api-03038,1,本地部署,4056958,0.0041,3
shipping-api-03039,1,AWS,371181,0.0086,1
billing-api-03040,2,Azure,3631002,0.0028,3
users-api-03041,5,Google Cloud,1974591,0.0059,0
orders-api-03042,5,阿里云,272964,0.0059,1
payments-api-03043,2,腾讯云,72709,0.0000,1
inventory-api-03044,1,私有云,641913,0.0185,0
search-api-03045,2,本地部署,871518,0.0060,0
notifications-api-03046,4,AWS,2775615,0.0078,3
authentication-api-03047,5,Azure,4710997,0.2921,0
analytics-api-03048,1,Google Cloud,1573574,0.0064,1
shipping-api-03049,4,阿里云,346212,0.0020,5
billing-api-03050,1,腾讯云,907333,0.0005,3
users-api-03051,5,私有云,3234910,0.0003,2
orders-api-03052,2,本地部署,3394861,0.0130,2
payments-api-03053,3,AWS,657146,0.0006,8
inventory-api-03054,3,Azure,3836676,0.0217,8
search-api-03055,1,Google Cloud,1220812,0.0189,5
notifications-api-03056,4,阿里云,4847283,0.0294,0
authentication-api-03057,4,腾讯云,2637442,0.0016,0
analytics-api-03058,1,私有云,4786087,0.0008,0
shipping-api-03059,4,本地部署,4621811,0.0075,8
billing-api-03060,1,AWS,4535310,0.0098,1
users-api-03061,4,Azure,271128,0.0053,0
orders-api-03062,4,Google Cloud,1196653,0.0368,0
payments-api-03063,2,阿里云,438046,0.0272,3
inventory-api-03064,2,腾讯云,67950,0.2617,0
search-api-03065,4,私有云,2139462,0.0028,0
notifications-api-03066,1,本地部署,4884580,0.0000,0
authentication-api-03067,2,AWS,272194,0.0016,0
analytics-api-03068,5,Azure,4906905,0.0049,3
shipping-api-03069,3,Google Cloud,4170222,0.0026,0
billing-api-03070,5,阿里云,3812411,0.0259,0
users-api-03071,2,腾讯云,2701721,0.0302,0
orders-api-03072,1,私有云,686061,0.0017,0
payments-api-03073,2,本地部署,2031016,0.0060,3
inventory-api-03074,4,AWS,1222671,0.0000,0
search-api-03075,3,Azure,3161623,0.0085,0
notifications-api-03076,2,Google Cloud,3760563,0.0383,0
authentication-api-03077,3,阿里云,1024166,0.0180,0
analytics-api-03078,3,腾讯云,981700,0.0042,3
shipping-api-03079,4,私有云,4250268,0.0040,1
billing-api-03080,3,本地部署,131724,0.0096,0
users-api-03081,4,AWS,4235952,0.0057,8
orders-api-03082,2,Azure,4893437,0.0044,0
payments-api-03083,1,Google Cloud,599214,0.0004,0
inventory-api-03084,1,阿里云,3754994,0.0295,0
search-api-03085,1,腾讯云,2826040,0.0100,0
notifications-api-03086,3,私有云,2466918,0.0057,3
authentication-api-03087,5,本地部署,2122389,0.0000,3
analytics-api-03088,2,AWS,2264871,0.0063,13
shipping-api-03089,2,Azure,4087406,0.0000,0
billing-api-03090,5,Google Cloud,2944611,0.0381,0
users-api-03091,5,阿里云,4013894,0.0000,0
orders-api-03092,3,腾讯云,4025291,0.0006,0
payments-api-03093,1,私有云,1771717,0.0038,5
inventory-api-03094,5,本地部署,765279,0.0159,8
search-api-03095,4,AWS,569193,0.0000,0
notifications-api-03096,2,Azure,4700959,0.0365,0
authentication-api-03097,3,Google Cloud,2572825,0.0054,0
analytics-api-03098,3,阿里云,843120,0.0008,0
shipping-api-03099,3,腾讯云,1608543,0.0066,1
billing-api-03100,2,私有云,4356757,0.0411,5
users-api-03101,1,本地部署,2113005,0.0345,2
orders-api-03102,1,AWS,2319292,0.0072,1
payments-api-03103,4,Azure,4721831,0.0000,1
inventory-api-03104,5,Google Cloud,3284393,0.0025,0
search-api-03105,5,阿里云,4453353,0.0068,0
notifications-api-03106,4,腾讯云,1811878,0.2132,0
authentication-api-03107,2,私有云,2046024,0.2970,3
analytics-api-03108,2,本地部署,1840397,0.0037,0
shipping-api-03109,1,AWS,2729679,0.0100,3
billing-api-03110,4,Azure,651703,0.0027,8
users-api-03111,5,Google Cloud,971689,0.0075,0
orders-api-03112,3,阿里云,1690412,0.0000,1
payments-api-03113,2,腾讯云,284685,0.0380,0
inventory-api-03114,4,私有云,2079750,0.0092,0
search-api-03115,5,本地部署,2587446,0.2102,0
notifications-api-03116,1,AWS,1435669,0.0066,0
authentication-api-03117,2,Azure,2323514,0.0038,0
analytics-api-03118,4,Google Cloud,4253460,0.0092,0
shipping-api-03119,4,阿里云,4980218,0.0085,1
billing-api-03120,5,腾讯云,2675006,0.0072,2
users-api-03121,1,私有云,608840,0.0064,0
orders-api-03122,2,本地部署,3243814,0.0016,13
payments-api-03123,5,AWS,2239231,0.0163,0
inventory-api-03124,5,Azure,3020259,0.0021,0
search-api-03125,1,Google Cloud,4500477,0.0005,2
notifications-api-03126,3,阿里云,3542115,0.0130,1
authentication-api-03127,2,腾讯云,1774992,0.0080,2
analytics-api-03128,2,私有云,3931113,0.0076,0
shipping-api-03129,1,本地部署,247024,0.0099,0
billing-api-03130,3,AWS,578934,0.0071,1
users-api-03131,5,Azure,1105978,0.0018,5
orders-api-03132,5,Google Cloud,3144047,0.0075,0
payments-api-03133,5,阿里云,1143494,0.0081,2
inventory-api-03134,3,腾讯云,1088740,0.0000,1
search-api-03135,4,私有云,3978283,0.0088,0
notifications-api-03136,3,本地部署,3730748,0.0027,1
authentication-api-03137,4,AWS,1775078,0.0000,0
analytics-api-03138,3,Azure,1154464,0.0497,0
shipping-api-03139,1,Google Cloud,3657915,0.0031,0
billing-api-03140,1,阿里云,1272432,0.0182,1
users-api-03141,1,腾讯云,552976,0.0000,0
orders-api-03142,2,私有云,2126762,0.0023,2
payments-api-03143,2,本地部署,1315294,0.0039,0
inventory-api-03144,2,AWS,1694502,0.0459,0
search-api-03145,1,Azure,3777415,0.0046,0
notifications-api-03146,3,Google Cloud,2673951,0.0454,0
authentication-api-03147,5,阿里云,1835265,0.0092,3
analytics-api-03148,2,腾讯云,3551022,0.0008,0
shipping-api-03149,2,私有云,1728284,0.0005,0
billing-api-03150,4,本地部署,3307291,0.0240,3
users-api-03151,3,AWS,2804735,0.0131,0
orders-api-03152,1,Azure,2515054,0.0049,0
payments-api-03153,3,Google Cloud,1893624,0.0000,8
inventory-api-03154,2,阿里云,3214159,0.0089,0
search-api-03155,2,腾讯云,1258686,0.0021,2
notifications-api-03156,1,私有云,581762,0.0000,1
authentication-api-03157,3,本地部署,637196,0.0004,2
analytics-api-03158,2,AWS,2497025,0.0057,0
shipping-api-03159,1,Azure,2366445,0.0029,0
billing-api-03160,3,Google Cloud,2253653,0.0228,2
users-api-03161,2,阿里云,626115,0.0035,3
orders-api-03162,3,腾讯云,2052424,0.0073,1
payments-api-03163,2,私有云,165888,0.0038,0
inventory-api-03164,1,本地部署,1905172,0.0000,2
search-api-03165,2,AWS,4988864,0.0000,0
notifications-api-03166,3,Azure,2059402,0.0032,13
authentication-api-03167,1,Google Cloud,4800345,0.0009,0
analytics-api-03168,3,阿里云,1622756,0.0079,1
shipping-api-03169,3,腾讯云,537899,0.0155,0
billing-api-03170,1,私有云,1229451,0.0038,1
users-api-03171,1,本地部署,445533,0.0017,0
orders-api-03172,2,AWS,271148,0.0050,1
payments-api-03173,2,Azure,1329887,0.0000,3
inventory-api-03174,4,Google Cloud,3691647,0.0000,8
search-api-03175,4,阿里云,3203397,0.0068,0
notifications-api-03176,3,腾讯云,806117,0.0000,0
authentication-api-03177,5,私有云,4219490,0.2085,0
analytics-api-03178,5,本地部署,3892188,0.1856,3
shipping-api-03179,4,AWS,1265377,0.0001,1
billing-api-03180,2,Azure,4928821,0.0000,1
users-api-03181,2,Google Cloud,3042537,0.0095,5
orders-api-03182,2,阿里云,662449,0.2622,0
payments-api-03183,4,腾讯云,2402948,0.0053,1
inventory-api-03184,2,私有云,1140580,0.0000,1
search-api-03185,1,本地部署,2397092,0.0223,0
notifications-api-03186,3,AWS,1308780,0.0239,2
authentication-api-03187,1,Azure,4587535,0.0000,0
analytics-api-03188,1,Google Cloud,2715533,0.0246,2
shipping-api-03189,2,阿里云,4206413,0.0015,0
billing-api-03190,3,腾讯云,643154,0.0022,0
users-api-03191,4,私有云,3449774,0.0062,8
orders-api-03192,3,本地部署,2710530,0.0000,0
payments-api-03193,2,AWS,3769210,0.1809,0
inventory-api-03194,1,Azure,4634502,0.0073,2
search-api-03195,3,Google Cloud,4257144,0.0003,0
notifications-api-03196,3,阿里云,2398073,0.0747,0
authentication-api-03197,5,腾讯云,1154132,0.0187,0
analytics-api-03198,5,私有云,1341157,0.0004,1
shipping-api-03199,3,本地部署,3841037,0.0007,0
billing-api-03200,4,AWS,3765719,0.0416,1
users-api-03201,3,Azure,1015071,0.0060,0
orders-api-03202,5,Google Cloud,3400129,0.0418,1
payments-api-03203,3,阿里云,3697213,0.0000,0
inventory-api-03204,3,腾讯云,2588619,0.0058,0
search-api-03205,2,私有云,2758211,0.0026,0
notifications-api-03206,4,本地部署,4781593,0.0040,0
authentication-api-03207,1,AWS,1483478,0.0018,3
analytics-api-03208,2,Azure,4252617,0.0112,1
shipping-api-03209,2,Google Cloud,4203136,0.0050,0
billing-api-03210,5,阿里云,714642,0.0081,0
users-api-03211,4,腾讯云,2049006,0.0183,1
orders-api-03212,2,私有云,2645875,0.0455,0
payments-api-03213,2,本地部署,3301409,0.0014,0
inventory-api-03214,3,AWS,3912151,0.0033,5
search-api-03215,5,Azure,368732,0.0022,1
notifications-api-03216,1,Google Cloud,3873503,0.0009,0
authentication-api-03217,5,阿里云,948633,0.0230,3
analytics-api-03218,2,腾讯云,671688,0.0000,0
shipping-api-03219,2,私有云,2692955,0.0179,0
billing-api-03220,5,本地部署,3982778,0.0082,5
users-api-03221,4,AWS,3224626,0.0039,0
orders-api-03222,2,Azure,4313079,0.0256,0
payments-api-03223,1,Google Cloud,4770235,0.0020,0
inventory-api-03224,3,阿里云,1022572,0.0000,0
search-api-03225,4,腾讯云,4616524,0.0000,0
notifications-api-03226,5,私有云,869242,0.0001,0
authentication-api-03227,1,本地部署,4373988,0.0477,3
analytics-api-03228,3,AWS,4473937,0.0000,0
shipping-api-03229,4,Azure,4602720,0.0452,0
billing-api-03230,5,Google Cloud,4859352,0.0382,8
users-api-03231,2,阿里云,4412866,0.0073,1
orders-api-03232,5,腾讯云,1576952,0.0017,3
payments-api-03233,4,私有云,333839,0.0000,1
inventory-api-03234,3,本地部署,3220060,0.0033,2
search-api-03235,5,AWS,2301884,0.0436,5
notifications-api-03236,4,Azure,4663064,0.0023,0
authentication-api-03237,3,Google Cloud,674008,0.0052,0
analytics-api-03238,5,阿里云,701999,0.0365,1
shipping-api-03239,4,腾讯云,3286944,0.0055,2
billing-api-03240,4,私有云,518135,0.0094,3
users-api-03241,1,本地部署,4232247,0.0409,2
orders-api-03242,4,AWS,1071781,0.0169,0
payments-api-03243,2,Azure,1971357,0.0441,0
inventory-api-03244,5,Google Cloud,3570642,0.0037,1
search-api-03245,4,阿里云,2542912,0.0081,0
notifications-api-03246,2,腾讯云,70156,0.0050,1
authentication-api-03247,4,私有云,4821384,0.0060,0
analytics-api-03248,3,本地部署,2376375,0.0085,2
shipping-api-03249,2,AWS,4506967,0.0357,5
billing-api-03250,2,Azure,4129134,0.0015,0
users-api-03251,4,Google Cloud,0,0.0000,0
orders-api-03252,5,阿里云,1346352,0.0000,5
payments-api-03253,5,腾讯云,3328535,0.0000,5
inventory-api-03254,5,私有云,663560,0.0000,2
search-api-03255,3,本地部署,2843404,0.0022,0
notifications-api-03256,3,AWS,2037583,0.0011,0
authentication-api-03257,4,Azure,1879761,0.0081,5
analytics-api-03258,4,Google Cloud,780738,0.0098,0
shipping-api-03259,2,阿里云,1986784,0.0000,0
billing-api-03260,4,腾讯云,856482,0.0025,1
users-api-03261,1,私有云,3626466,0.0059,0
orders-api-03262,3,本地部署,3217903,0.0277,3
payments-api-03263,4,AWS,2232626,0.0072,0
inventory-api-03264,2,Azure,4860452,0.0008,2
search-api-03265,3,Google Cloud,1648645,0.0088,1
notifications-api-03266,5,阿里云,3729440,0.0094,0
authentication-api-03267,2,腾讯云,2164401,0.0458,0
analytics-api-03268,4,私有云,2220943,0.0081,0
shipping-api-03269,3,本地部署,1699798,0.0016,8
billing-api-03270,3,AWS,1928416,0.0000,0
users-api-03271,1,Azure,2521614,0.2361,1
orders-api-03272,2,Google Cloud,3949996,0.0064,0
payments-api-03273,5,阿里云,2982031,0.0086,0
inventory-api-03274,3,腾讯云,4153342,0.0011,0
search-api-03275,3,私有云,3226916,0.0000,0
notifications-api-03276,3,本地部署,2783863,0.0077,0
authentication-api-03277,4,AWS,3390213,0.0000,8
analytics-api-03278,2,Azure,4511925,0.0000,2
shipping-api-03279,3,Google Cloud,1224259,0.0050,5
billing-api-03280,3,阿里云,3861202,0.2702,1
users-api-03281,2,腾讯云,3950613,0.0106,0
orders-api-03282,3,私有云,556942,0.0000,0
payments-api-03283,1,本地部署,4794643,0.0066,0
inventory-api-03284,3,AWS,2394673,0.0013,0
search-api-03285,2,Azure,2609044,0.0062,0
notifications-api-03286,5,Google Cloud,153058,0.0392,1
authentication-api-03287,2,阿里云,800981,0.0079,8
analytics-api-03288,3,腾讯云,899290,0.0014,0
shipping-api-03289,5,私有云,3055615,0.0016,0
billing-api-03290,5,本地部署,741075,0.0000,0
users-api-03291,3,AWS,3156705,0.0000,0
orders-api-03292,1,Azure,2914211,0.0008,1
payments-api-03293,3,Google Cloud,2285215,0.0051,0
inventory-api-03294,2,阿里云,580881,0.0028,0
search-api-03295,5,腾讯云,2168280,0.0032,1
notifications-api-03296,3,私有云,127945,0.0085,3
authentication-api-03297,4,本地部署,4101259,0.0013,2
analytics-api-03298,5,AWS,2427583,0.0012,3
shipping-api-03299,4,Azure,3729532,0.1707,0
billing-api-03300,3,Google Cloud,3459980,0.0000,0
users-api-03301,4,阿里云,4471230,0.0081,2
orders-api-03302,5,腾讯云,2595479,0.0074,0
payments-api-03303,4,私有云,734836,0.0045,0
inventory-api-03304,4,本地部署,2053352,0.0034,0
search-api-03305,4,AWS,2033936,0.0118,0
notifications-api-03306,2,Azure,2307689,0.0437,0
authentication-api-03307,3,Google Cloud,2068439,0.0095,8
analytics-api-03308,3,阿里云,1516844,0.0000,0
shipping-api-03309,1,腾讯云,2985820,0.0056,13
billing-api-03310,3,私有云,1515506,0.0121,1
users-api-03311,4,本地部署,4227254,0.0079,8
orders-api-03312,4,AWS,2050678,0.0077,0
payments-api-03313,2,Azure,2971151,0.0309,3
inventory-api-03314,2,Google Cloud,3338814,0.0055,3
search-api-03315,2,阿里云,4100350,0.0024,0
notifications-api-03316,3,腾讯云,683983,0.0047,1
authentication-api-03317,4,私有云,4057729,0.0006,0
analytics-api-03318,1,本地部署,2551240,0.0019,0
shipping-api-03319,4,AWS,1486192,0.0085,2
billing-api-03320,5,Azure,3668406,0.0051,5
users-api-03321,4,Google Cloud,1106068,0.0009,8
orders-api-03322,1,阿里云,589449,0.0084,0
payments-api-03323,1,腾讯云,2549011,0.0050,5
inventory-api-03324,4,私有云,2407712,0.1263,0
search-api-03325,5,本地部署,2929088,0.0300,0
notifications-api-03326,4,AWS,3533346,0.0364,0
authentication-api-03327,1,Azure,4739987,0.0034,0
analytics-api-03328,4,Google Cloud,3337190,0.0083,1
shipping-api-03329,4,阿里云,2314281,0.0067,0
billing-api-03330,1,腾讯云,389205,0.0000,0
users-api-03331,5,私有云,1282276,0.0077,1
orders-api-03332,2,本地部署,4528190,0.0003,0
payments-api-03333,2,AWS,694971,0.0000,0
inventory-api-03334,4,Azure,1080984,0.0045,5
search-api-03335,1,Google Cloud,1257941,0.0122,1
notifications-api-03336,3,阿里云,2332474,0.0072,3
authentication-api-03337,4,腾讯云,4939837,0.0062,3
analytics-api-03338,1,私有云,944229,0.0047,3
shipping-api-03339,3,本地部署,3566514,0.0000,0
billing-api-03340,3,AWS,726245,0.0077,1
users-api-03341,2,Azure,2789767,0.0000,2
orders-api-03342,2,Google Cloud,4454713,0.0020,3
payments-api-03343,2,阿里云,1947223,0.0091,0
inventory-api-03344,4,腾讯云,1906166,0.0052,0
search-api-03345,2,私有云,1504130,0.0066,1
notifications-api-03346,3,本地部署,1592565,0.0004,1
authentication-api-03347,3,AWS,2202178,0.0000,2
analytics-api-03348,3,Azure,4146742,0.0326,0
shipping-api-03349,5,Google Cloud,749048,0.0011,1
billing-api-03350,5,阿里云,4881191,0.0000,0
users-api-03351,5,腾讯云,917073,0.0098,2
orders-api-03352,2,私有云,949659,0.0017,0
payments-api-03353,2,本地部署,1537840,0.0473,1
inventory-api-03354,3,AWS,1177611,0.0225,1
search-api-03355,1,Azure,4372065,0.0037,3
notifications-api-03356,2,Google Cloud,4477987,0.0035,0
authentication-api-03357,1,阿里云,1966557,0.0034,0
analytics-api-03358,2,腾讯云,3377077,0.2988,0
shipping-api-03359,3,私有云,1278509,0.0046,3
billing-api-03360,5,本地部署,2053573,0.0419,0
users-api-03361,1,AWS,1526750,0.0246,0
orders-api-03362,3,Azure,3549181,0.0068,0
payments-api-03363,3,Google Cloud,4580196,0.0067,0
inventory-api-03364,3,阿里云,1438748,0.0074,2
search-api-03365,5,腾讯云,903766,0.0026,0
notifications-api-03366,4,私有云,2264549,0.0088,0
authentication-api-03367,3,本地部署,2792236,0.0002,1
analytics-api-03368,5,AWS,633598,0.0019,0
shipping-api-03369,1,Azure,1483092,0.0007,0
billing-api-03370,4,Google Cloud,3076866,0.0249,0
users-api-03371,3,阿里云,1914736,0.0067,0
orders-api-03372,5,腾讯云,4176349,0.0088,0
payments-api-03373,4,私有云,3158021,0.0020,1
inventory-api-03374,1,本地部署,2426889,0.0000,0
search-api-03375,4,AWS,2120628,0.0083,0
notifications-api-03376,4,Azure,1584965,0.0463,0
authentication-api-03377,4,Google Cloud,3634971,0.0025,0
analytics-api-03378,4,阿里云,3730655,0.0069,1
shipping-api-03379,5,腾讯云,4391719,0.0025,0
billing-api-03380,4,私有云,327390,0.0067,2
users-api-03381,1,本地部署,66876,0.0025,0
orders-api-03382,1,AWS,2528150,0.0034,1
payments-api-03383,5,Azure,2243162,0.0088,5
inventory-api-03384,3,Google Cloud,3509489,0.0409,3
search-api-03385,5,阿里云,2690560,0.0000,0
notifications-api-03386,5,腾讯云,2384347,0.0108,0
authentication-api-03387,2,私有云,2755835,0.0000,0
analytics-api-03388,4,本地部署,3552437,0.0293,0
shipping-api-03389,4,AWS,1906144,0.0088,0
billing-api-03390,4,Azure,3603530,0.0032,0
users-api-03391,3,Google Cloud,4410584,0.0468,0
orders-api-03392,1,阿里云,1193106,0.0000,0
payments-api-03393,1,腾讯云,4725140,0.0000,0
inventory-api-03394,5,私有云,1200795,0.0024,0
search-api-03395,3,本地部署,1809392,0.0227,1
notifications-api-03396,5,AWS,1744430,0.0064,1
authentication-api-03397,5,Azure,1034027,0.0000,0
analytics-api-03398,3,Google Cloud,1363681,0.0095,2
shipping-api-03399,3,阿里云,880929,0.0094,5
billing-api-03400,3,腾讯云,4158958,0.0005,0
users-api-03401,3,私有云,333782,0.2621,2
orders-api-03402,4,本地部署,2855600,0.0286,3
payments-api-03403,5,AWS,1083820,0.0000,1
inventory-api-03404,1,Azure,3913287,0.0003,0
search-api-03405,1,Google Cloud,2572914,0.0037,0
notifications-api-03406,3,阿里云,1835035,0.0002,0
authentication-api-03407,1,腾讯云,1410761,0.0041,1
analytics-api-03408,4,私有云,4600294,0.0056,0
shipping-api-03409,5,本地部署,367123,0.0097,0
billing-api-03410,1,AWS,814701,0.0300,3
users-api-03411,3,Azure,2122012,0.0030,0
orders-api-03412,3,Google Cloud,3146901,0.0297,0
payments-api-03413,4,阿里云,446533,0.0005,1
inventory-api-03414,3,腾讯云,1308856,0.0485,0
search-api-03415,3,私有云,752101,0.0071,2
notifications-api-03416,3,本地部署,3423939,0.0344,0
authentication-api-03417,1,AWS,3014287,0.0252,0
analytics-api-03418,1,Azure,53753,0.0000,1
shipping-api-03419,3,Google Cloud,4408443,0.0066,0
billing-api-03420,2,阿里云,4729030,0.0364,1
users-api-03421,3,腾讯云,4524640,0.0056,1
orders-api-03422,1,私有云,2026851,0.0074,8
payments-api-03423,1,本地部署,450574,0.0428,1
inventory-api-03424,3,AWS,2101274,0.0063,8
search-api-03425,5,Azure,602213,0.0308,0
notifications-api-03426,1,Google Cloud,714714,0.0051,0
authentication-api-03427,2,阿里云,1819488,0.2723,0
analytics-api-03428,2,腾讯云,34903,0.0053,0
shipping-api-03429,5,私有云,171752,0.0012,8
billing-api-03430,3,本地部署,4081212,0.0000,5
users-api-03431,2,AWS,4822353,0.0000,2
orders-api-03432,2,Azure,4981330,0.0007,2
payments-api-03433,3,Google Cloud,531807,0.0022,3
inventory-api-03434,2,阿里云,1890477,0.0000,2
search-api-03435,4,腾讯云,1519062,0.0064,2
notifications-api-03436,5,私有云,1399206,0.0000,0
authentication-api-03437,1,本地部署,346292,0.0031,3
analytics-api-03438,5,AWS,1928693,0.0072,2
shipping-api-03439,1,Azure,3122015,0.0017,0
billing-api-03440,3,Google Cloud,4745101,0.0064,0
users-api-03441,4,阿里云,3863488,0.0071,2
orders-api-03442,2,腾讯云,4801555,0.0066,1
payments-api-03443,5,私有云,2247836,0.0052,0
inventory-api-03444,4,本地部署,258750,0.0024,2
search-api-03445,3,AWS,2614822,0.1721,1
notifications-api-03446,5,Azure,3451684,0.0090,2
authentication-api-03447,2,Google Cloud,4067131,0.0086,1
analytics-api-03448,5,阿里云,2729284,0.0386,0
shipping-api-03449,4,腾讯云,1085009,0.1228,0
billing-api-03450,2,私有云,4529540,0.0049,0
users-api-03451,3,本地部署,713865,0.0021,0
orders-api-03452,1,AWS,2778053,0.0093,1
payments-api-03453,5,Azure,3615826,0.0000,0
inventory-api-03454,3,Google Cloud,2575193,0.0301,8
search-api-03455,2,阿里云,4264861,0.0082,0
notifications-api-03456,4,腾讯云,1982983,0.0087,0
authentication-api-03457,1,私有云,864648,0.2619,8
analytics-api-03458,1,本地部署,3218212,0.0007,1
shipping-api-03459,4,AWS,3273879,0.0050,3
billing-api-03460,5,Azure,4160472,0.2586,2
users-api-03461,1,Google Cloud,3414783,0.1844,0
orders-api-03462,2,阿里云,1761550,0.0126,2
payments-api-03463,5,腾讯云,426680,0.0106,0
inventory-api-03464,5,私有云,4314275,0.0084,0
search-api-03465,2,本地部署,3882212,0.0083,3
notifications-api-03466,4,AWS,4096412,0.0064,8
authentication-api-03467,3,Azure,1784570,0.0377,3
analytics-api-03468,3,Google Cloud,3732827,0.0210,2
shipping-api-03469,2,阿里云,1359667,0.0290,0
billing-api-03470,2,腾讯云,4985599,0.0025,3
users-api-03471,5,私有云,519097,0.0047,1
orders-api-03472,4,本地部署,1149591,0.0013,0
payments-api-03473,4,AWS,165615,0.0337,0
inventory-api-03474,4,Azure,1478471,0.0018,0
search-api-03475,1,Google Cloud,2111562,0.0026,5
notifications-api-03476,5,阿里云,2881038,0.0497,5
authentication-api-03477,3,腾讯云,374078,0.0020,0
analytics-api-03478,3,私有云,4291411,0.0336,1
shipping-api-03479,2,本地部署,1868798,0.0019,2
billing-api-03480,4,AWS,3761657,0.0030,0
users-api-03481,2,Azure,1447711,0.0416,0
orders-api-03482,1,Google Cloud,1557479,0.0079,5
payments-api-03483,1,阿里云,2895874,0.1177,0
inventory-api-03484,1,腾讯云,3361564,0.0843,1
search-api-03485,5,私有云,4488557,0.0435,0
notifications-api-03486,4,本地部署,1153621,0.0069,1
authentication-api-03487,1,AWS,4467640,0.0224,3
analytics-api-03488,1,Azure,3560784,0.0050,0
shipping-api-03489,4,Google Cloud,2443857,0.0000,2
billing-api-03490,4,阿里云,3571822,0.0040,0
users-api-03491,1,腾讯云,958125,0.0052,1
orders-api-03492,1,私有云,3484732,0.0000,0
payments-api-03493,1,本地部署,828447,0.0087,0
inventory-api-03494,2,AWS,1502530,0.0008,1
search-api-03495,3,Azure,3198012,0.0059,0
notifications-api-03496,5,Google Cloud,158625,0.0000,1
authentication-api-03497,2,阿里云,3107904,0.0428,0
analytics-api-03498,5,腾讯云,156493,0.0089,0
shipping-api-03499,5,私有云,4586272,0.0040,1
billing-api-03500,3,本地部署,2063207,0.0094,0
users-api-03501,5,AWS,0,0.0000,0
orders-api-03502,4,Azure,2975265,0.0050,1
payments-api-03503,1,Google Cloud,4460985,0.0000,0
inventory-api-03504,4,阿里云,1613012,0.0396,1
search-api-03505,1,腾讯云,1850141,0.0034,0
notifications-api-03506,3,私有云,2756159,0.0089,8
authentication-api-03507,2,本地部署,239911,0.0000,5
analytics-api-03508,2,AWS,1206786,0.0047,0
shipping-api-03509,4,Azure,1453280,0.0049,0
billing-api-03510,5,Google Cloud,2098519,0.0132,0
users-api-03511,2,阿里云,2508869,0.0081,1
orders-api-03512,4,腾讯云,3998259,0.0000,1
payments-api-03513,3,私有云,2718761,0.0127,1
inventory-api-03514,4,本地部署,3179720,0.0000,1
search-api-03515,5,AWS,903063,0.0071,2
notifications-api-03516,1,Azure,887448,0.0055,2
authentication-api-03517,3,Google Cloud,4449988,0.0452,1
analytics-api-03518,4,阿里云,264567,0.1298,13
shipping-api-03519,4,腾讯云,1017661,0.0004,0
billing-api-03520,1,私有云,2535767,0.0048,5
users-api-03521,5,本地部署,1744381,0.0000,0
orders-api-03522,2,AWS,478877,0.0070,0
payments-api-03523,5,Azure,1621522,0.0023,2
inventory-api-03524,2,Google Cloud,1778649,0.0060,1
search-api-03525,2,阿里云,3275449,0.0125,0
notifications-api-03526,1,腾讯云,3357619,0.0071,0
authentication-api-03527,4,私有云,612002,0.0096,0
analytics-api-03528,5,本地部署,103377,0.0395,8
shipping-api-03529,1,AWS,1776750,0.1945,0
billing-api-03530,5,Azure,1270936,0.2394,2
users-api-03531,2,Google Cloud,2185309,0.0023,0
orders-api-03532,4,阿里云,1211185,0.0000,2
payments-api-03533,3,腾讯云,1441200,0.0037,1
inventory-api-03534,5,私有云,1350475,0.0097,0
search-api-03535,3,本地部署,1891366,0.0057,1
notifications-api-03536,1,AWS,392549,0.0047,0
authentication-api-03537,5,Azure,571444,0.0045,0
analytics-api-03538,2,Google Cloud,3750367,0.0014,5
shipping-api-03539,2,阿里云,232573,0.2258,8
billing-api-03540,4,腾讯云,840340,0.0106,2
users-api-03541,5,私有云,2828647,0.0153,1
orders-api-03542,3,本地部署,1363427,0.0013,0
payments-api-03543,1,AWS,2533752,0.0030,0
inventory-api-03544,4,Azure,2650790,0.0054,1
search-api-03545,3,Google Cloud,1926201,0.0072,1
notifications-api-03546,2,阿里云,3209463,0.0027,0
authentication-api-03547,3,腾讯云,1380584,0.0084,0
analytics-api-03548,1,私有云,1338400,0.0432,0
shipping-api-03549,5,本地部署,4805344,0.0409,0
billing-api-03550,4,AWS,1348854,0.0000,0
users-api-03551,1,Azure,3382189,0.0004,0
orders-api-03552,2,Google Cloud,3105184,0.0028,0
payments-api-03553,5,阿里云,404262,0.0096,8
inventory-api-03554,2,腾讯云,1417220,0.0000,0
search-api-03555,4,私有云,4406464,0.0000,3
notifications-api-03556,1,本地部署,4785972,0.0385,0
authentication-api-03557,1,AWS,2030213,0.0806,0
analytics-api-03558,1,Azure,85794,0.0000,0
shipping-api-03559,5,Google Cloud,293053,0.0184,2
billing-api-03560,4,阿里云,4345474,0.0067,1
users-api-03561,1,腾讯云,3873119,0.0022,0
orders-api-03562,1,私有云,2158327,0.0057,0
payments-api-03563,2,本地部署,3446752,0.0081,8
inventory-api-03564,5,AWS,3637597,0.0023,3
search-api-03565,5,Azure,1147843,0.0059,2
notifications-api-03566,4,Google Cloud,2159906,0.0098,3
authentication-api-03567,1,阿里云,2665664,0.0089,3
analytics-api-03568,4,腾讯云,950881,0.0097,5
shipping-api-03569,3,私有云,3728395,0.0464,3
billing-api-03570,1,本地部署,373645,0.0000,1
users-api-03571,3,AWS,4747084,0.0065,0
orders-api-03572,4,Azure,2088970,0.0385,0
payments-api-03573,3,Google Cloud,195724,0.0083,0
inventory-api-03574,5,阿里云,3714511,0.0157,0
search-api-03575,5,腾讯云,1969253,0.0049,0
notifications-api-03576,1,私有云,2807057,0.0086,0
authentication-api-03577,3,本地部署,336837,0.0031,1
analytics-api-03578,5,AWS,169634,0.0071,2
shipping-api-03579,5,Azure,48995,0.0000,0
billing-api-03580,5,Google Cloud,2024805,0.0377,0
users-api-03581,3,阿里云,4708311,0.0043,0
orders-api-03582,3,腾讯云,3269772,0.0062,0
payments-api-03583,5,私有云,289090,0.0747,0
inventory-api-03584,3,本地部署,1800630,0.0000,0
search-api-03585,4,AWS,986120,0.0053,2
notifications-api-03586,1,Azure,2052543,0.0009,2
authentication-api-03587,3,Google Cloud,1580692,0.2724,1
analytics-api-03588,4,阿里云,2495960,0.0082,0
shipping-api-03589,5,腾讯云,4564125,0.0000,0
billing-api-03590,2,私有云,2418527,0.0000,0
users-api-03591,3,本地部署,1941441,0.0019,1
orders-api-03592,5,AWS,2587542,0.0356,0
payments-api-03593,2,Azure,3275836,0.0326,3
inventory-api-03594,5,Google Cloud,3745157,0.2561,5
search-api-03595,2,阿里云,1214220,0.0480,0
notifications-api-03596,3,腾讯云,102572,0.0405,13
authentication-api-03597,2,私有云,3011874,0.1970,0
analytics-api-03598,3,本地部署,1960240,0.0099,1
shipping-api-03599,3,AWS,2910276,0.0313,8
billing-api-03600,2,Azure,3500334,0.0093,5
users-api-03601,3,Google Cloud,2780647,0.0034,0
orders-api-03602,4,阿里云,4034489,0.0001,2
payments-api-03603,5,腾讯云,1149505,0.0411,0
inventory-api-03604,2,私有云,3449110,0.0014,0
search-api-03605,4,本地部署,4430950,0.0308,1
notifications-api-03606,4,AWS,1365423,0.0008,0
authentication-api-03607,1,Azure,3049374,0.0045,0
analytics-api-03608,4,Google Cloud,3255331,0.0084,1
shipping-api-03609,1,阿里云,2630009,0.0421,3
billing-api-03610,4,腾讯云,119164,0.0320,0
users-api-03611,1,私有云,2126319,0.0070,1
orders-api-03612,3,本地部署,1661492,0.0057,5
payments-api-03613,1,AWS,2555361,0.0064,0
inventory-api-03614,5,Azure,3134423,0.0054,0
search-api-03615,5,Google Cloud,3838116,0.0056,0
notifications-api-03616,5,阿里云,3447305,0.0059,0
authentication-api-03617,5,腾讯云,319325,0.0073,0
analytics-api-03618,4,私有云,972732,0.0033,0
shipping-api-03619,5,本地部署,4108431,0.0014,0
billing-api-03620,1,AWS,1895869,0.0207,3
users-api-03621,4,Azure,717594,0.0099,0
orders-api-03622,1,Google Cloud,4548452,0.0022,3
payments-api-03623,2,阿里云,4139577,0.0725,0
inventory-api-03624,3,腾讯云,3478588,0.0069,1
search-api-03625,5,私有云,4361509,0.0016,0
notifications-api-03626,5,本地部署,536933,0.0026,0
authentication-api-03627,2,AWS,3970740,0.0214,13
analytics-api-03628,3,Azure,3704469,0.0029,0
shipping-api-03629,3,Google Cloud,461361,0.1979,0
billing-api-03630,3,阿里云,2602358,0.0981,3
users-api-03631,5,腾讯云,1562216,0.0494,0
orders-api-03632,5,私有云,2902618,0.0037,0
payments-api-03633,5,本地部署,627930,0.0025,0
inventory-api-03634,2,AWS,3765191,0.0000,1
search-api-03635,1,Azure,4132917,0.0017,0
notifications-api-03636,1,Google Cloud,1734803,0.0028,0
authentication-api-03637,2,阿里云,1255354,0.0021,2
analytics-api-03638,1,腾讯云,3881304,0.0006,0
shipping-api-03639,1,私有云,4490774,0.0000,1
billing-api-03640,5,本地部署,3171049,0.0085,1
users-api-03641,4,AWS,2371965,0.0025,0
orders-api-03642,2,Azure,4403232,0.0013,5
payments-api-03643,3,Google Cloud,2220942,0.0019,1
inventory-api-03644,4,阿里云,4518634,0.0069,0
search-api-03645,4,腾讯云,3040906,0.0036,0
notifications-api-03646,3,私有云,863813,0.0016,1
authentication-api-03647,1,本地部署,4968238,0.0084,2
analytics-api-03648,1,AWS,405748,0.0372,3
shipping-api-03649,5,Azure,83217,0.0000,0
billing-api-03650,3,Google Cloud,32752,0.0185,1
users-api-03651,2,阿里云,4390145,0.0474,0
orders-api-03652,4,腾讯云,2906250,0.0052,2
payments-api-03653,5,私有云,549886,0.0036,0
inventory-api-03654,3,本地部署,4932629,0.0089,0
search-api-03655,1,AWS,3268078,0.0098,0
notifications-api-03656,1,Azure,2414714,0.0324,0
authentication-api-03657,3,Google Cloud,646695,0.0008,0
analytics-api-03658,5,阿里云,318369,0.0038,3
shipping-api-03659,4,腾讯云,794984,0.0031,0
billing-api-03660,2,私有云,3245760,0.0016,0
users-api-03661,4,本地部署,3668770,0.0110,2
orders-api-03662,3,AWS,2031975,0.0000,0
payments-api-03663,2,Azure,4670192,0.0061,0
inventory-api-03664,2,Google Cloud,840708,0.0240,1
search-api-03665,3,阿里云,3701469,0.0014,0
notifications-api-03666,1,腾讯云,3619861,0.0000,1
authentication-api-03667,1,私有云,4166911,0.0012,1
analytics-api-03668,1,本地部署,2148663,0.0355,0
shipping-api-03669,3,AWS,3966234,0.0040,0
billing-api-03670,4,Azure,4704330,0.0022,0
users-api-03671,5,Google Cloud,77397,0.0071,0
orders-api-03672,2,阿里云,3328041,0.0000,0
payments-api-03673,3,腾讯云,1625848,0.0095,2
inventory-api-03674,2,私有云,808236,0.0042,0
search-api-03675,3,本地部署,1079418,0.0441,0
notifications-api-03676,1,AWS,964672,0.0128,0
authentication-api-03677,1,Azure,4882609,0.0000,1
analytics-api-03678,4,Google Cloud,3890896,0.0014,2
shipping-api-03679,2,阿里云,3229271,0.0011,1
billing-api-03680,1,腾讯云,2532452,0.0471,0
users-api-03681,3,私有云,1589053,0.0000,0
orders-api-03682,5,本地部署,1241305,0.2381,1
payments-api-03683,1,AWS,659379,0.0024,0
inventory-api-03684,4,Azure,3156670,0.0011,0
search-api-03685,2,Google Cloud,2805443,0.0051,0
notifications-api-03686,2,阿里云,4685254,0.0381,0
authentication-api-03687,3,腾讯云,4567870,0.0000,0
analytics-api-03688,4,私有云,787921,0.0044,13
shipping-api-03689,2,本地部署,982962,0.0100,0
billing-api-03690,4,AWS,1506149,0.0085,2
users-api-03691,1,Azure,3909861,0.2328,1
orders-api-03692,1,Google Cloud,2634288,0.0210,0
payments-api-03693,5,阿里云,1932507,0.0000,0
inventory-api-03694,2,腾讯云,1581371,0.2333,3
search-api-03695,2,私有云,3009354,0.1208,0
notifications-api-03696,3,本地部署,4589112,0.0013,3
authentication-api-03697,4,AWS,3968048,0.0087,0
analytics-api-03698,2,Azure,1975955,0.0000,3
shipping-api-03699,5,Google Cloud,1952701,0.0472,1
billing-api-03700,4,阿里云,609125,0.0065,0
users-api-03701,5,腾讯云,930382,0.0077,1
orders-api-03702,3,私有云,959573,0.0056,0
payments-api-03703,5,本地部署,4270118,0.0000,1
inventory-api-03704,3,AWS,2150904,0.0057,3
search-api-03705,4,Azure,4244422,0.0000,2
notifications-api-03706,4,Google Cloud,1602991,0.0079,0
authentication-api-03707,3,阿里云,1033197,0.0184,3
analytics-api-03708,1,腾讯云,4450406,0.0434,0
shipping-api-03709,4,私有云,2233183,0.0000,8
billing-api-03710,1,本地部署,1950904,0.0009,8
users-api-03711,1,AWS,2419694,0.0253,0
orders-api-03712,1,Azure,1032010,0.0048,1
payments-api-03713,2,Google Cloud,3685276,0.0371,0
inventory-api-03714,1,阿里云,3323626,0.0392,1
search-api-03715,5,腾讯云,1249385,0.0000,2
notifications-api-03716,4,私有云,1952447,0.0243,0
authentication-api-03717,5,本地部署,3549684,0.0370,1
analytics-api-03718,4,AWS,199264,0.2393,0
shipping-api-03719,5,Azure,2493935,0.0098,3
billing-api-03720,1,Google Cloud,2084052,0.0173,2
users-api-03721,4,阿里云,3715674,0.0077,0
orders-api-03722,5,腾讯云,1060547,0.0000,8
payments-api-03723,2,私有云,3621612,0.0007,2
inventory-api-03724,4,本地部署,1698345,0.0044,8
search-api-03725,1,AWS,4097393,0.0334,2
notifications-api-03726,2,Azure,3243123,0.0076,0
authentication-api-03727,2,Google Cloud,600831,0.0044,1
analytics-api-03728,3,阿里云,2459838,0.0000,0
shipping-api-03729,5,腾讯云,2041146,0.0020,1
billing-api-03730,3,私有云,1008220,0.0055,2
users-api-03731,1,本地部署,4852560,0.0548,3
orders-api-03732,1,AWS,3946351,0.0048,0
payments-api-03733,3,Azure,2308719,0.0078,2
inventory-api-03734,3,Google Cloud,1768062,0.0036,0
search-api-03735,5,阿里云,1051760,0.0060,0
notifications-api-03736,4,腾讯云,2625819,0.0011,0
authentication-api-03737,4,私有云,1200370,0.0028,0
analytics-api-03738,1,本地部署,3926702,0.0018,0
shipping-api-03739,2,AWS,134955,0.0421,2
billing-api-03740,2,Azure,1179723,0.0000,1
users-api-03741,3,Google Cloud,2354283,0.0045,0
orders-api-03742,4,阿里云,1731060,0.0022,0
payments-api-03743,2,腾讯云,2376965,0.0073,0
inventory-api-03744,1,私有云,1325119,0.0142,0
search-api-03745,3,本地部署,466864,0.0094,2
notifications-api-03746,2,AWS,4898569,0.0291,2
authentication-api-03747,3,Azure,3307364,0.0110,3
analytics-api-03748,1,Google Cloud,4684063,0.0073,1
shipping-api-03749,3,阿里云,1442438,0.0037,3
billing-api-03750,2,腾讯云,357789,0.0144,0
users-api-03751,3,私有云,0,0.0000,0
orders-api-03752,5,本地部署,3577072,0.0090,1
payments-api-03753,1,AWS,4838462,0.0042,0
inventory-api-03754,2,Azure,4636955,0.0024,0
search-api-03755,3,Google Cloud,1284293,0.0092,1
notifications-api-03756,2,阿里云,2319367,0.2359,0
authentication-api-03757,5,腾讯云,3374562,0.0005,2
analytics-api-03758,2,私有云,1552585,0.0468,1
shipping-api-03759,1,本地部署,1949590,0.0085,2
billing-api-03760,1,AWS,16511,0.0000,5
users-api-03761,1,Azure,2116760,0.0088,0
orders-api-03762,1,Google Cloud,3015466,0.0000,0
payments-api-03763,3,阿里云,1567589,0.0463,2
inventory-api-03764,4,腾讯云,4116882,0.0000,0
search-api-03765,1,私有云,2112110,0.0002,2
notifications-api-03766,1,本地部署,1379719,0.0042,1
authentication-api-03767,1,AWS,4330753,0.0006,0
analytics-api-03768,5,Azure,4605248,0.0000,0
shipping-api-03769,5,Google Cloud,2605316,0.0053,0
billing-api-03770,1,阿里云,3310049,0.0018,2
users-api-03771,5,腾讯云,2882841,0.0000,0
orders-api-03772,5,私有云,4259909,0.0000,3
payments-api-03773,4,本地部署,198351,0.0098,2
inventory-api-03774,4,AWS,4045577,0.0086,0
search-api-03775,3,Azure,2354386,0.0066,0
notifications-api-03776,5,Google Cloud,3968227,0.0077,1
authentication-api-03777,2,阿里云,4852614,0.0192,0
analytics-api-03778,1,腾讯云,3000029,0.0005,2
shipping-api-03779,2,私有云,1469445,0.0015,0
billing-api-03780,2,本地部署,4904296,0.0039,0
users-api-03781,1,AWS,3262532,0.0086,2
orders-api-03782,4,Azure,2973725,0.0469,0
payments-api-03783,4,Google Cloud,2056223,0.0000,0
inventory-api-03784,2,阿里云,181932,0.0051,0
search-api-03785,1,腾讯云,4512863,0.0231,0
notifications-api-03786,2,私有云,2118076,0.0028,1
authentication-api-03787,4,本地部署,697559,0.0005,0
analytics-api-03788,5,AWS,2518707,0.0034,3
shipping-api-03789,1,Azure,82363,0.0070,0
billing-api-03790,2,Google Cloud,3577748,0.0024,3
users-api-03791,2,阿里云,4788643,0.0055,0
orders-api-03792,1,腾讯云,2065409,0.0097,1
payments-api-03793,1,私有云,1808484,0.0430,0
inventory-api-03794,3,本地部署,1708975,0.0049,1
search-api-03795,1,AWS,1830556,0.0100,8
notifications-api-03796,5,Azure,469671,0.0085,2
authentication-api-03797,1,Google Cloud,1139389,0.0464,5
analytics-api-03798,4,阿里云,2100496,0.0020,1
shipping-api-03799,5,腾讯云,920682,0.0072,1
billing-api-03800,3,私有云,542974,0.0357,2
users-api-03801,3,本地部署,4125152,0.0090,5
orders-api-03802,3,AWS,3767914,0.0033,2
payments-api-03803,2,Azure,4985237,0.0000,2
inventory-api-03804,4,Google Cloud,4057044,0.0249,2
search-api-03805,3,阿里云,3345726,0.0023,0
notifications-api-03806,1,腾讯云,4407783,0.0344,1
authentication-api-03807,1,私有云,479246,0.0000,0
analytics-api-03808,2,本地部署,1465226,0.0002,1
shipping-api-03809,2,AWS,4070887,0.0091,0
billing-api-03810,4,Azure,2812776,0.0041,2
users-api-03811,5,Google Cloud,970150,0.0400,8
orders-api-03812,1,阿里云,800589,0.0482,2
payments-api-03813,4,腾讯云,1665632,0.0030,1
inventory-api-03814,2,私有云,3988439,0.0027,8
search-api-03815,3,本地部署,2043886,0.0470,0
notifications-api-03816,4,AWS,3314542,0.0000,0
authentication-api-03817,2,Azure,3347773,0.0016,0
analytics-api-03818,1,Google Cloud,1330265,0.0000,1
shipping-api-03819,1,阿里云,2481825,0.0467,1
billing-api-03820,3,腾讯云,928465,0.0046,1
users-api-03821,3,私有云,3289039,0.0016,0
orders-api-03822,2,本地部署,3139407,0.0080,3
payments-api-03823,1,AWS,4677537,0.0059,0
inventory-api-03824,3,Azure,1935566,0.0371,0
search-api-03825,4,Google Cloud,2068273,0.0097,0
notifications-api-03826,5,阿里云,3463703,0.2333,0
authentication-api-03827,2,腾讯云,1522726,0.0066,0
analytics-api-03828,2,私有云,4350057,0.0023,0
shipping-api-03829,5,本地部署,265546,0.0021,2
billing-api-03830,4,AWS,4055399,0.0048,0
users-api-03831,2,Azure,2862258,0.0007,1
orders-api-03832,3,Google Cloud,2631950,0.0020,0
payments-api-03833,1,阿里云,4185030,0.0056,0
inventory-api-03834,1,腾讯云,3161300,0.0007,3
search-api-03835,3,私有云,1193029,0.0079,1
notifications-api-03836,4,本地部署,4888718,0.0459,2
authentication-api-03837,5,AWS,1603405,0.0000,2
analytics-api-03838,5,Azure,4471403,0.0141,0
shipping-api-03839,2,Google Cloud,1583797,0.0460,0
billing-api-03840,2,阿里云,136390,0.0023,1
users-api-03841,1,腾讯云,1607043,0.0056,3
orders-api-03842,3,私有云,424618,0.0043,0
payments-api-03843,2,本地部署,3860354,0.0078,0
inventory-api-03844,3,AWS,4577469,0.0097,1
search-api-03845,2,Azure,3796851,0.0078,8
notifications-api-03846,3,Google Cloud,3661656,0.0082,0
authentication-api-03847,3,阿里云,2643147,0.0314,1
analytics-api-03848,5,腾讯云,2188123,0.0019,1
shipping-api-03849,3,私有云,1869527,0.0479,0
billing-api-03850,3,本地部署,3749475,0.0031,1
users-api-03851,1,AWS,2424414,0.0263,0
orders-api-03852,1,Azure,186319,0.0033,0
payments-api-03853,5,Google Cloud,1564717,0.0000,2
inventory-api-03854,4,阿里云,1479984,0.0313,1
search-api-03855,4,腾讯云,4858751,0.0059,0
notifications-api-03856,4,私有云,4229729,0.0065,1
authentication-api-03857,3,本地部署,194598,0.0000,1
analytics-api-03858,5,AWS,3226358,0.0077,2
shipping-api-03859,2,Azure,3600975,0.0009,0
billing-api-03860,5,Google Cloud,2713194,0.2749,3
users-api-03861,3,阿里云,3922764,0.0257,2
orders-api-03862,3,腾讯云,3988360,0.0362,0
payments-api-03863,4,私有云,4552509,0.0000,0
inventory-api-03864,3,本地部署,1294085,0.0058,0
search-api-03865,4,AWS,884810,0.0296,0
notifications-api-03866,2,Azure,597300,0.0004,2
authentication-api-03867,3,Google Cloud,1420664,0.1144,0
analytics-api-03868,4,阿里云,2515829,0.0037,1
shipping-api-03869,3,腾讯云,4560302,0.0059,0
billing-api-03870,5,私有云,4688652,0.0000,0
users-api-03871,2,本地部署,4334008,0.0000,5
orders-api-03872,3,AWS,3749232,0.0367,0
payments-api-03873,5,Azure,2272087,0.0138,1
inventory-api-03874,4,Google Cloud,2327911,0.0040,0
search-api-03875,5,阿里云,783122,0.0086,0
notifications-api-03876,1,腾讯云,2018313,0.0121,0
authentication-api-03877,2,私有云,506274,0.0061,5
analytics-api-03878,5,本地部署,3093630,0.0070,0
shipping-api-03879,3,AWS,4388948,0.0183,0
billing-api-03880,3,Azure,3493240,0.0082,5
users-api-03881,2,Google Cloud,2726707,0.0148,1
orders-api-03882,2,阿里云,1536119,0.0041,0
payments-api-03883,1,腾讯云,3940560,0.0063,1
inventory-api-03884,2,私有云,4028096,0.0094,0
search-api-03885,4,本地部署,1296736,0.0061,0
notifications-api-03886,4,AWS,2213506,0.0000,0
authentication-api-03887,4,Azure,837930,0.0339,0
analytics-api-03888,5,Google Cloud,978390,0.0000,1
shipping-api-03889,4,阿里云,401245,0.0073,0
billing-api-03890,5,腾讯云,1053296,0.0059,0
users-api-03891,1,私有云,1161876,0.0273,0
orders-api-03892,4,本地部署,4607424,0.0090,0
payments-api-03893,3,AWS,3445021,0.0000,0
inventory-api-03894,5,Azure,2863047,0.1178,3
search-api-03895,3,Google Cloud,3862331,0.0002,0
notifications-api-03896,2,阿里云,2621074,0.0088,0
authentication-api-03897,3,腾讯云,3042052,0.2984,3
analytics-api-03898,5,私有云,1187602,0.0000,0
shipping-api-03899,5,本地部署,1861955,0.0064,1
billing-api-03900,2,AWS,2233736,0.0010,3
users-api-03901,4,Azure,1313947,0.0028,1
orders-api-03902,5,Google Cloud,3852774,0.0000,5
payments-api-03903,3,阿里云,3163784,0.0058,1
inventory-api-03904,5,腾讯云,2182402,0.0002,0
search-api-03905,1,私有云,532049,0.0307,0
notifications-api-03906,5,本地部署,2623428,0.0085,0
authentication-api-03907,2,AWS,4267415,0.0000,1
analytics-api-03908,5,Azure,722282,0.0091,0
shipping-api-03909,1,Google Cloud,1741562,0.0080,1
billing-api-03910,2,阿里云,735085,0.0001,0
users-api-03911,4,腾讯云,1455071,0.0187,0
orders-api-03912,5,私有云,3864216,0.0167,2
payments-api-03913,2,本地部署,4005322,0.0000,8
inventory-api-03914,2,AWS,1994868,0.0091,0
search-api-03915,3,Azure,4817826,0.0000,0
notifications-api-03916,5,Google Cloud,839608,0.0076,0
authentication-api-03917,5,阿里云,3804089,0.0000,0
analytics-api-03918,3,腾讯云,4787981,0.0000,0
shipping-api-03919,5,私有云,4259934,0.0007,13
billing-api-03920,4,本地部署,454289,0.0000,5
users-api-03921,3,AWS,665153,0.0001,2
orders-api-03922,1,Azure,2796792,0.0003,0
payments-api-03923,5,Google Cloud,2282627,0.0033,0
inventory-api-03924,5,阿里云,4983222,0.0005,0
search-api-03925,5,腾讯云,3030956,0.0099,0
notifications-api-03926,5,私有云,3041017,0.0087,0
authentication-api-03927,2,本地部署,4944600,0.0017,1
analytics-api-03928,2,AWS,3481088,0.0073,3
shipping-api-03929,2,Azure,1983408,0.0000,0
billing-api-03930,3,Google Cloud,13474,0.0000,3
users-api-03931,1,阿里云,1772289,0.0454,8
orders-api-03932,1,腾讯云,4297439,0.0000,0
payments-api-03933,2,私有云,1994540,0.0389,1
inventory-api-03934,3,本地部署,545744,0.0498,0
search-api-03935,3,AWS,3374847,0.0349,0
notifications-api-03936,4,Azure,2531987,0.0377,0
authentication-api-03937,4,Google Cloud,2071502,0.0022,2
analytics-api-03938,4,阿里云,2072253,0.0084,3
shipping-api-03939,4,腾讯云,4325389,0.0101,0
billing-api-03940,1,私有云,2080233,0.0048,0
users-api-03941,5,本地部署,2928716,0.0095,13
orders-api-03942,5,AWS,3648292,0.0260,1
payments-api-03943,1,Azure,1712836,0.0095,8
inventory-api-03944,1,Google Cloud,1289346,0.0034,0
search-api-03945,1,阿里云,2765890,0.0080,0
notifications-api-03946,3,腾讯云,2157097,0.0000,2
authentication-api-03947,1,私有云,1569589,0.0968,0
analytics-api-03948,2,本地部署,3215946,0.0068,1
shipping-api-03949,4,AWS,257709,0.0000,0
billing-api-03950,5,Azure,2770052,0.0002,1
users-api-03951,1,Google Cloud,2790645,0.0278,1
orders-api-03952,3,阿里云,679411,0.0011,0
payments-api-03953,2,腾讯云,2917593,0.0061,0
inventory-api-03954,3,私有云,4106887,0.0000,1
search-api-03955,3,本地部署,1655271,0.0000,0
notifications-api-03956,2,AWS,497627,0.0209,2
authentication-api-03957,3,Azure,2775909,0.0467,5
analytics-api-03958,4,Google Cloud,2763665,0.0414,0
shipping-api-03959,4,阿里云,4278386,0.2740,0
billing-api-03960,1,腾讯云,4070224,0.0025,0
users-api-03961,5,私有云,2004887,0.0005,1
orders-api-03962,2,本地部署,367284,0.0026,0
payments-api-03963,4,AWS,2946398,0.0463,3
inventory-api-03964,4,Azure,2207517,0.0021,0
search-api-03965,3,Google Cloud,3534633,0.0000,0
notifications-api-03966,2,阿里云,1083934,0.0019,8
authentication-api-03967,2,腾讯云,654920,0.0055,0
analytics-api-03968,4,私有云,2368763,0.0037,0
shipping-api-03969,2,本地部署,1824019,0.0453,2
billing-api-03970,5,AWS,1661229,0.0243,0
users-api-03971,1,Azure,1842771,0.0010,0
orders-api-03972,3,Google Cloud,4033694,0.0350,0
payments-api-03973,5,阿里云,4314772,0.0119,1
inventory-api-03974,2,腾讯云,916801,0.0053,2
search-api-03975,3,私有云,877906,0.0945,0
notifications-api-03976,2,本地部署,1628572,0.0056,5
authentication-api-03977,2,AWS,602597,0.0064,5
analytics-api-03978,5,Azure,819883,0.0092,1
shipping-api-03979,5,Google Cloud,4783205,0.0026,2
billing-api-03980,1,阿里云,204992,0.0083,0
users-api-03981,3,腾讯云,1833529,0.0030,0
orders-api-03982,4,私有云,2710085,0.0074,0
payments-api-03983,1,本地部署,4077704,0.0059,3
inventory-api-03984,5,AWS,2127136,0.0000,0
search-api-03985,3,Azure,3968032,0.0000,3
notifications-api-03986,3,Google Cloud,3035089,0.0000,0
authentication-api-03987,3,阿里云,2619257,0.0248,0
analytics-api-03988,1,腾讯云,3009098,0.0061,3
shipping-api-03989,4,私有云,1464828,0.0034,1
billing-api-03990,3,本地部署,23836,0.0036,2
users-api-03991,1,AWS,1581660,0.0069,2
orders-api-03992,3,Azure,4966184,0.0090,0
payments-api-03993,4,Google Cloud,641917,0.0065,0
inventory-api-03994,3,阿里云,3968686,0.0045,0
search-api-03995,1,腾讯云,1118930,0.0077,2
notifications-api-03996,2,私有云,973834,0.1575,1
authentication-api-03997,4,本地部署,4869416,0.0000,0
analytics-api-03998,2,AWS,3991222,0.0036,0
shipping-api-03999,2,Azure,14720,0.0096,0
billing-api-04000,2,Google Cloud,159880,0.0005,1
users-api-04001,4,阿里云,0,0.0000,0
orders-api-04002,5,腾讯云,4531081,0.0021,2
payments-api-04003,1,私有云,2774638,0.0296,0
inventory-api-04004,3,本地部署,4584517,0.0030,3
search-api-04005,4,AWS,4732205,0.0140,0
notifications-api-04006,5,Azure,1783760,0.0022,1
authentication-api-04007,5,Google Cloud,3834149,0.0045,0
analytics-api-04008,1,阿里云,334470,0.0371,0
shipping-api-04009,5,腾讯云,477047,0.0484,5
billing-api-04010,3,私有云,4663482,0.0469,1
users-api-04011,1,本地部署,3885517,0.0190,3
orders-api-04012,2,AWS,964762,0.0000,0
payments-api-04013,2,Azure,2979030,0.0248,2
inventory-api-04014,5,Google Cloud,3483287,0.0024,0
search-api-04015,3,阿里云,3389526,0.0000,0
notifications-api-04016,2,腾讯云,2185175,0.0067,0
authentication-api-04017,1,私有云,469290,0.0000,0
analytics-api-04018,1,本地部署,3777821,0.0476,0
shipping-api-04019,4,AWS,3521756,0.0087,1
billing-api-04020,1,Azure,2051192,0.0321,3
users-api-04021,1,Google Cloud,818208,0.0068,3
orders-api-04022,4,阿里云,1561298,0.0193,0
payments-api-04023,1,腾讯云,4895833,0.0374,5
inventory-api-04024,2,私有云,4187397,0.0000,0
search-api-04025,2,本地部署,827942,0.0000,0
notifications-api-04026,2,AWS,4108913,0.0001,0
authentication-api-04027,3,Azure,3840141,0.0059,1
analytics-api-04028,5,Google Cloud,1132986,0.0285,0
shipping-api-04029,3,阿里云,131183,0.0084,2
billing-api-04030,1,腾讯云,4619207,0.0035,0
users-api-04031,5,私有云,1333896,0.0292,0
orders-api-04032,1,本地部署,4669302,0.0000,0
payments-api-04033,1,AWS,2338501,0.0008,0
inventory-api-04034,3,Azure,148189,0.0348,1
search-api-04035,1,Google Cloud,501492,0.0004,1
notifications-api-04036,4,阿里云,2403037,0.0030,1
authentication-api-04037,5,腾讯云,957821,0.0049,1
analytics-api-04038,3,私有云,433366,0.0064,3
shipping-api-04039,1,本地部署,2568175,0.0052,0
billing-api-04040,2,AWS,2053452,0.0059,5
users-api-04041,5,Azure,4922569,0.0041,1
orders-api-04042,1,Google Cloud,4471981,0.0144,2
payments-api-04043,1,阿里云,1811166,0.0089,0
inventory-api-04044,1,腾讯云,2046824,0.0095,0
search-api-04045,1,私有云,2349327,0.0060,1
notifications-api-04046,3,本地部署,3492632,0.0221,0
authentication-api-04047,3,AWS,3176372,0.0000,3
analytics-api-04048,1,Azure,1983757,0.0077,0
shipping-api-04049,5,Google Cloud,1899817,0.0053,0
billing-api-04050,4,阿里云,4001582,0.0074,1
users-api-04051,3,腾讯云,56271,0.0005,3
orders-api-04052,3,私有云,4950128,0.0096,0
payments-api-04053,1,本地部署,3639262,0.0000,0
inventory-api-04054,1,AWS,1986162,0.0058,0
search-api-04055,1,Azure,1595666,0.0007,3
notifications-api-04056,5,Google Cloud,3698368,0.0065,3
authentication-api-04057,5,阿里云,837910,0.0000,1
analytics-api-04058,5,腾讯云,1424689,0.0034,0
shipping-api-04059,4,私有云,4994634,0.0034,2
billing-api-04060,5,本地部署,3456498,0.0000,0
users-api-04061,2,AWS,2254295,0.0033,0
orders-api-04062,2,Azure,4478520,0.0820,1
payments-api-04063,2,Google Cloud,189744,0.0013,1
inventory-api-04064,4,阿里云,4048522,0.0060,0
search-api-04065,3,腾讯云,1834887,0.0084,0
notifications-api-04066,3,私有云,3471728,0.0000,0
authentication-api-04067,3,本地部署,1020094,0.0052,2
analytics-api-04068,4,AWS,2706494,0.0000,2
shipping-api-04069,1,Azure,3480589,0.0249,0
billing-api-04070,4,Google Cloud,647907,0.0015,0
users-api-04071,5,阿里云,654290,0.0000,0
orders-api-04072,4,腾讯云,948178,0.0017,0
payments-api-04073,3,私有云,2576338,0.0217,2
inventory-api-04074,5,本地部署,1741716,0.0049,0
search-api-04075,5,AWS,1232885,0.0052,2
notifications-api-04076,3,Azure,2899271,0.0060,0
authentication-api-04077,2,Google Cloud,298325,0.0000,5
analytics-api-04078,4,阿里云,3114828,0.0075,0
shipping-api-04079,5,腾讯云,4495836,0.0053,0
billing-api-04080,2,私有云,3444729,0.0000,0
users-api-04081,3,本地部署,3491081,0.0016,0
orders-api-04082,1,AWS,4483611,0.0094,2
payments-api-04083,1,Azure,2687175,0.0079,0
inventory-api-04084,4,Google Cloud,4199422,0.0000,1
search-api-04085,4,阿里云,61914,0.0000,1
notifications-api-04086,1,腾讯云,1031441,0.0039,0
authentication-api-04087,1,私有云,4670841,0.0043,0
analytics-api-04088,5,本地部署,2243319,0.0048,0
shipping-api-04089,2,AWS,3845904,0.0093,0
billing-api-04090,5,Azure,2758865,0.0000,2
users-api-04091,5,Google Cloud,2712646,0.0040,1
orders-api-04092,5,阿里云,1285003,0.2652,0
payments-api-04093,3,腾讯云,1555755,0.0000,0
inventory-api-04094,5,私有云,1148987,0.1827,0
search-api-04095,4,本地部署,2425479,0.0372,0
notifications-api-04096,2,AWS,33386,0.0097,0
authentication-api-04097,3,Azure,1594544,0.0309,0
analytics-api-04098,3,Google Cloud,388243,0.0000,1
shipping-api-04099,2,阿里云,2405009,0.0077,0
billing-api-04100,3,腾讯云,1854579,0.0048,2
users-api-04101,4,私有云,112481,0.1491,2
orders-api-04102,4,本地部署,2113490,0.0058,0
payments-api-04103,3,AWS,3603871,0.0274,3
inventory-api-04104,2,Azure,4097142,0.1133,3
search-api-04105,4,Google Cloud,1995673,0.0003,0
notifications-api-04106,2,阿里云,4804431,0.0000,1
authentication-api-04107,3,腾讯云,4589043,0.0043,1
analytics-api-04108,5,私有云,62370,0.0060,0
shipping-api-04109,4,本地部署,4745011,0.0000,0
billing-api-04110,2,AWS,4114861,0.0000,0
users-api-04111,1,Azure,3169132,0.0013,1
orders-api-04112,1,Google Cloud,2252815,0.0074,0
payments-api-04113,1,阿里云,176169,0.0711,0
inventory-api-04114,5,腾讯云,2480265,0.0087,1
search-api-04115,2,私有云,4443948,0.0452,0
notifications-api-04116,1,本地部署,2199103,0.0482,3
authentication-api-04117,3,AWS,2281124,0.0000,1
analytics-api-04118,2,Azure,2379795,0.0125,2
shipping-api-04119,3,Google Cloud,2981582,0.0307,1
billing-api-04120,1,阿里云,2796836,0.0004,3
users-api-04121,3,腾讯云,1446212,0.0368,5
orders-api-04122,4,私有云,4042045,0.0073,1
payments-api-04123,4,本地部署,3573306,0.0027,0
inventory-api-04124,2,AWS,4909269,0.1793,0
search-api-04125,4,Azure,576208,0.0002,0
notifications-api-04126,2,Google Cloud,927144,0.0078,0
authentication-api-04127,3,阿里云,3988433,0.0048,0
analytics-api-04128,5,腾讯云,3206593,0.0001,0
shipping-api-04129,3,私有云,2753988,0.0444,3
billing-api-04130,4,本地部署,4362785,0.0000,0
users-api-04131,2,AWS,4585378,0.0421,0
orders-api-04132,5,Azure,4760322,0.0004,1
payments-api-04133,4,Google Cloud,1692739,0.0153,0
inventory-api-04134,5,阿里云,3567523,0.0048,0
search-api-04135,1,腾讯云,4147833,0.0036,5
notifications-api-04136,5,私有云,4864107,0.0000,0
authentication-api-04137,4,本地部署,4666682,0.0091,1
analytics-api-04138,4,AWS,1177806,0.0024,2
shipping-api-04139,2,Azure,3101270,0.0023,1
billing-api-04140,3,Google Cloud,1070377,0.0086,3
users-api-04141,5,阿里云,3720003,0.0069,1
orders-api-04142,4,腾讯云,4036199,0.0000,1
payments-api-04143,3,私有云,625765,0.0787,1
inventory-api-04144,3,本地部署,4243127,0.0223,3
search-api-04145,3,AWS,53544,0.0047,0
notifications-api-04146,4,Azure,1088910,0.0081,0
authentication-api-04147,5,Google Cloud,1180284,0.0058,0
analytics-api-04148,4,阿里云,3049189,0.0006,3
shipping-api-04149,2,腾讯云,531219,0.0105,3
billing-api-04150,1,私有云,4095280,0.0058,1
users-api-04151,4,本地部署,134215,0.0081,1
orders-api-04152,1,AWS,584238,0.0000,1
payments-api-04153,1,Azure,153225,0.0291,0
inventory-api-04154,3,Google Cloud,1583216,0.0062,1
search-api-04155,4,阿里云,3451167,0.0479,0
notifications-api-04156,5,腾讯云,4306836,0.0433,13
authentication-api-04157,4,私有云,286464,0.0055,2
analytics-api-04158,1,本地部署,4858442,0.0000,5
shipping-api-04159,5,AWS,3956894,0.0223,0
billing-api-04160,5,Azure,2021206,0.0482,1
users-api-04161,2,Google Cloud,982887,0.0482,1
orders-api-04162,3,阿里云,4842405,0.0000,13
payments-api-04163,3,腾讯云,3321455,0.0028,0
inventory-api-04164,5,私有云,4173302,0.0077,0
search-api-04165,5,本地部署,3762560,0.0000,0
notifications-api-04166,2,AWS,4550637,0.0371,0
authentication-api-04167,2,Azure,4144773,0.0044,1
analytics-api-04168,5,Google Cloud,1444337,0.0077,0
shipping-api-04169,1,阿里云,3307290,0.0118,0
billing-api-04170,2,腾讯云,2444161,0.0003,0
users-api-04171,4,私有云,2563424,0.0000,0
orders-api-04172,4,本地部署,3573575,0.0121,0
payments-api-04173,3,AWS,3113126,0.0060,1
inventory-api-04174,2,Azure,4356769,0.0438,0
search-api-04175,1,Google Cloud,1697525,0.0080,0
notifications-api-04176,4,阿里云,2632118,0.0008,0
authentication-api-04177,3,腾讯云,2772410,0.0338,0
analytics-api-04178,5,私有云,4350961,0.0032,0
shipping-api-04179,2,本地部署,1381794,0.0000,8
billing-api-04180,2,AWS,2544544,0.0000,8
users-api-04181,3,Azure,4625335,0.1828,0
orders-api-04182,4,Google Cloud,4008154,0.0053,0
payments-api-04183,1,阿里云,2930852,0.0310,1
inventory-api-04184,4,腾讯云,1109559,0.0073,1
search-api-04185,4,私有云,2431435,0.0006,2
notifications-api-04186,3,本地部署,1298090,0.0041,0
authentication-api-04187,2,AWS,1405068,0.0014,2
analytics-api-04188,1,Azure,4498818,0.0010,0
shipping-api-04189,5,Google Cloud,477636,0.0045,0
billing-api-04190,1,阿里云,2022634,0.1137,0
users-api-04191,2,腾讯云,2598918,0.0202,0
orders-api-04192,1,私有云,1362770,0.0000,1
payments-api-04193,5,本地部署,2676273,0.0000,3
inventory-api-04194,4,AWS,3296785,0.0432,0
search-api-04195,1,Azure,990906,0.0039,0
notifications-api-04196,3,Google Cloud,3250524,0.0410,0
authentication-api-04197,3,阿里云,2619624,0.0026,0
analytics-api-04198,1,腾讯云,3552606,0.0356,8
shipping-api-04199,5,私有云,2697513,0.0379,0
billing-api-04200,4,本地部署,3365944,0.1140,3
users-api-04201,1,AWS,2502264,0.0065,0
orders-api-04202,3,Azure,580716,0.0000,2
payments-api-04203,2,Google Cloud,3453310,0.0087,0
inventory-api-04204,4,阿里云,3428171,0.0433,0
search-api-04205,4,腾讯云,15446,0.0041,0
notifications-api-04206,4,私有云,817806,0.0003,3
authentication-api-04207,2,本地部署,4527531,0.0092,8
analytics-api-04208,4,AWS,1126486,0.0000,0
shipping-api-04209,2,Azure,648821,0.0088,0
billing-api-04210,3,Google Cloud,463325,0.0086,0
users-api-04211,4,阿里云,3962557,0.0040,0
orders-api-04212,2,腾讯云,2320391,0.0081,1
payments-api-04213,3,私有云,3940733,0.0000,0
inventory-api-04214,3,本地部署,1382540,0.0000,2
search-api-04215,4,AWS,4882646,0.0280,1
notifications-api-04216,4,Azure,4708047,0.0018,0
authentication-api-04217,1,Google Cloud,3759455,0.0022,0
analytics-api-04218,2,阿里云,3591613,0.0032,1
shipping-api-04219,2,腾讯云,825820,0.0495,2
billing-api-04220,4,私有云,3678609,0.0044,0
users-api-04221,3,本地部署,3342051,0.0105,0
orders-api-04222,4,AWS,2064559,0.0249,1
payments-api-04223,1,Azure,2914005,0.0018,5
inventory-api-04224,1,Google Cloud,2199377,0.0044,2
search-api-04225,2,阿里云,3636754,0.0054,0
notifications-api-04226,4,腾讯云,2735996,0.0026,1
authentication-api-04227,4,私有云,3203743,0.0000,1
analytics-api-04228,4,本地部署,3620290,0.0175,0
shipping-api-04229,1,AWS,3775586,0.0035,1
billing-api-04230,4,Azure,406595,0.0032,0
users-api-04231,3,Google Cloud,512070,0.0095,0
orders-api-04232,3,阿里云,2679736,0.0216,1
payments-api-04233,2,腾讯云,900478,0.0073,0
inventory-api-04234,2,私有云,4139605,0.0037,0
search-api-04235,2,本地部署,3568267,0.0047,0
notifications-api-04236,2,AWS,1809399,0.0166,0
authentication-api-04237,2,Azure,4626893,0.0087,2
analytics-api-04238,3,Google Cloud,2625223,0.0009,0
shipping-api-04239,2,阿里云,2640835,0.0094,0
billing-api-04240,4,腾讯云,397840,0.0065,0
users-api-04241,3,私有云,3332183,0.0406,1
orders-api-04242,2,本地部署,2074118,0.0081,3
payments-api-04243,2,AWS,3499974,0.0000,0
inventory-api-04244,5,Azure,1316730,0.0365,2
search-api-04245,2,Google Cloud,3758226,0.0250,0
notifications-api-04246,3,阿里云,3101469,0.0088,3
authentication-api-04247,3,腾讯云,482088,0.0451,0
analytics-api-04248,4,私有云,4810568,0.0096,5
shipping-api-04249,2,本地部署,2549106,0.0009,0
billing-api-04250,5,AWS,2507873,0.0054,2
users-api-04251,5,Azure,0,0.0000,0
orders-api-04252,5,Google Cloud,2897287,0.0452,0
payments-api-04253,5,阿里云,33795,0.0000,0
inventory-api-04254,3,腾讯云,1744322,0.0092,2
search-api-04255,3,私有云,139432,0.0000,0
notifications-api-04256,3,本地部署,1647740,0.0188,1
authentication-api-04257,2,AWS,518221,0.0009,0
analytics-api-04258,4,Azure,4530252,0.0064,0
shipping-api-04259,3,Google Cloud,417227,0.0098,0
billing-api-04260,2,阿里云,1563212,0.0074,0
users-api-04261,4,腾讯云,1024084,0.0281,5
orders-api-04262,4,私有云,2042217,0.0187,1
payments-api-04263,1,本地部署,3699277,0.0000,1
inventory-api-04264,4,AWS,4149253,0.0010,2
search-api-04265,2,Azure,4210353,0.0000,1
notifications-api-04266,1,Google Cloud,3312460,0.0320,2
authentication-api-04267,3,阿里云,3541363,0.0004,3
analytics-api-04268,4,腾讯云,1889102,0.0039,3
shipping-api-04269,4,私有云,2700956,0.0049,3
billing-api-04270,3,本地部署,3863149,0.0097,0
users-api-04271,4,AWS,2645514,0.2692,0
orders-api-04272,4,Azure,3080864,0.0008,0
payments-api-04273,1,Google Cloud,2791634,0.0022,0
inventory-api-04274,3,阿里云,3556330,0.0009,0
search-api-04275,4,腾讯云,4423929,0.0000,0
notifications-api-04276,3,私有云,3660475,0.0011,0
authentication-api-04277,3,本地部署,4032480,0.0494,0
analytics-api-04278,3,AWS,2811361,0.0029,0
shipping-api-04279,2,Azure,3539825,0.0048,0
billing-api-04280,3,Google Cloud,3407067,0.0020,0
users-api-04281,2,阿里云,1805627,0.0042,0
orders-api-04282,5,腾讯云,2390104,0.0018,0
payments-api-04283,1,私有云,2112590,0.0000,0
inventory-api-04284,5,本地部署,4199744,0.0008,1
search-api-04285,3,AWS,703436,0.0399,0
notifications-api-04286,4,Azure,346943,0.0000,5
authentication-api-04287,5,Google Cloud,616801,0.0043,0
analytics-api-04288,5,阿里云,960982,0.0084,0
shipping-api-04289,3,腾讯云,4755234,0.0053,13
billing-api-04290,1,私有云,3814689,0.0000,2
users-api-04291,5,本地部署,33352,0.0010,2
orders-api-04292,1,AWS,3749414,0.0000,1
payments-api-04293,4,Azure,1043399,0.0043,2
inventory-api-04294,3,Google Cloud,642963,0.0361,0
search-api-04295,3,阿里云,1734383,0.0092,3
notifications-api-04296,4,腾讯云,4250056,0.0000,2
authentication-api-04297,1,私有云,4267317,0.0454,1
analytics-api-04298,5,本地部署,4401460,0.0079,0
shipping-api-04299,1,AWS,1669251,0.0050,0
billing-api-04300,4,Azure,972257,0.0000,0
users-api-04301,1,Google Cloud,2053075,0.0033,2
orders-api-04302,4,阿里云,1076320,0.0023,0
payments-api-04303,5,腾讯云,452392,0.2797,1
inventory-api-04304,5,私有云,809258,0.0002,0
search-api-04305,2,本地部署,2282758,0.0026,0
notifications-api-04306,2,AWS,4979619,0.0253,0
authentication-api-04307,2,Azure,4407199,0.0393,2
analytics-api-04308,5,Google Cloud,4805634,0.0039,0
shipping-api-04309,2,阿里云,4045070,0.0068,8
billing-api-04310,2,腾讯云,3692389,0.0718,1
users-api-04311,3,私有云,1946662,0.0006,0
orders-api-04312,4,本地部署,424707,0.1790,0
payments-api-04313,3,AWS,4565268,0.0099,2
inventory-api-04314,2,Azure,1507057,0.0388,1
search-api-04315,4,Google Cloud,1436569,0.0075,3
notifications-api-04316,3,阿里云,929309,0.0829,0
authentication-api-04317,2,腾讯云,3615037,0.0098,1
analytics-api-04318,1,私有云,3968821,0.0224,1
shipping-api-04319,3,本地部署,4919674,0.0020,1
billing-api-04320,2,AWS,146226,0.0042,0
users-api-04321,4,Azure,3755320,0.0024,3
orders-api-04322,4,Google Cloud,174126,0.0068,0
payments-api-04323,4,阿里云,2214983,0.0003,0
inventory-api-04324,2,腾讯云,4210027,0.0029,3
search-api-04325,1,私有云,3248083,0.0000,5
notifications-api-04326,3,本地部署,716707,0.0050,2
authentication-api-04327,2,AWS,362248,0.0035,0
analytics-api-04328,5,Azure,3716673,0.0068,13
shipping-api-04329,1,Google Cloud,4013059,0.0053,13
billing-api-04330,5,阿里云,1530866,0.0021,1
users-api-04331,1,腾讯云,4361829,0.0291,0
orders-api-04332,4,私有云,2821049,0.0153,0
payments-api-04333,5,本地部署,1749508,0.0047,0
inventory-api-04334,4,AWS,2585480,0.0089,0
search-api-04335,1,Azure,2008198,0.0000,0
notifications-api-04336,3,Google Cloud,128343,0.0015,3
authentication-api-04337,1,阿里云,1044574,0.0012,0
analytics-api-04338,5,腾讯云,4280372,0.0046,0
shipping-api-04339,4,私有云,4864802,0.0003,1
billing-api-04340,4,本地部署,1339878,0.2377,1
users-api-04341,5,AWS,440291,0.0039,2
orders-api-04342,5,Azure,584760,0.2637,0
payments-api-04343,5,Google Cloud,2436513,0.0060,0
inventory-api-04344,1,阿里云,2771163,0.2846,0
search-api-04345,2,腾讯云,2475176,0.0000,0
notifications-api-04346,4,私有云,1374004,0.0087,0
authentication-api-04347,2,本地部署,4804003,0.0064,0
analytics-api-04348,3,AWS,1214978,0.0000,2
shipping-api-04349,5,Azure,544982,0.0450,2
billing-api-04350,2,Google Cloud,3767690,0.0333,3
users-api-04351,2,阿里云,3055680,0.0078,1
orders-api-04352,1,腾讯云,222862,0.0051,0
payments-api-04353,3,私有云,4397137,0.0037,5
inventory-api-04354,1,本地部署,2835440,0.0050,1
search-api-04355,5,AWS,354020,0.0027,0
notifications-api-04356,4,Azure,940422,0.0021,0
authentication-api-04357,3,Google Cloud,4925630,0.0088,3
analytics-api-04358,1,阿里云,1617722,0.0148,3
shipping-api-04359,4,腾讯云,890023,0.0070,0
billing-api-04360,4,私有云,1710655,0.0047,8
users-api-04361,2,本地部署,3733380,0.0050,0
orders-api-04362,3,AWS,3405445,0.0215,8
payments-api-04363,5,Azure,513582,0.0054,1
inventory-api-04364,5,Google Cloud,2132988,0.0142,2
search-api-04365,5,阿里云,2763474,0.0020,0
notifications-api-04366,1,腾讯云,772760,0.0457,0
authentication-api-04367,2,私有云,1888558,0.0083,1
analytics-api-04368,2,本地部署,3674318,0.0066,0
shipping-api-04369,5,AWS,1012811,0.0000,0
billing-api-04370,1,Azure,2483346,0.0031,0
users-api-04371,4,Google Cloud,4436900,0.0043,2
orders-api-04372,5,阿里云,3873242,0.0001,0
payments-api-04373,1,腾讯云,1115980,0.0035,1
inventory-api-04374,1,私有云,2639828,0.0000,3
search-api-04375,3,本地部署,2650962,0.0014,1
notifications-api-04376,2,AWS,4901717,0.1114,0
authentication-api-04377,4,Azure,3943525,0.0474,1
analytics-api-04378,4,Google Cloud,2404808,0.0001,0
shipping-api-04379,3,阿里云,4213052,0.0070,8
billing-api-04380,4,腾讯云,4511509,0.0282,1
users-api-04381,5,私有云,1458663,0.0000,0
orders-api-04382,3,本地部署,891618,0.0079,0
payments-api-04383,4,AWS,4636074,0.0000,0
inventory-api-04384,3,Azure,382668,0.0025,1
search-api-04385,5,Google Cloud,1005972,0.0070,0
notifications-api-04386,3,阿里云,545938,0.0054,0
authentication-api-04387,5,腾讯云,1872843,0.0032,1
analytics-api-04388,3,私有云,868158,0.0026,1
shipping-api-04389,2,本地部署,6606,0.0000,2
billing-api-04390,2,AWS,2232594,0.0395,0
users-api-04391,1,Azure,1482456,0.0000,0
orders-api-04392,5,Google Cloud,1056349,0.0063,1
payments-api-04393,5,阿里云,3243972,0.0017,3
inventory-api-04394,1,腾讯云,2898444,0.0057,0
search-api-04395,4,私有云,4729058,0.0085,2
notifications-api-04396,5,本地部署,2237905,0.0059,0
authentication-api-04397,3,AWS,1386798,0.0031,5
analytics-api-04398,2,Azure,1360802,0.0000,1
shipping-api-04399,5,Google Cloud,2334447,0.0427,0
billing-api-04400,4,阿里云,754533,0.0064,1
users-api-04401,2,腾讯云,3312920,0.0000,1
orders-api-04402,4,私有云,1578401,0.0090,0
payments-api-04403,3,本地部署,972027,0.0002,5
inventory-api-04404,3,AWS,2290069,0.0086,5
search-api-04405,1,Azure,1546447,0.0000,0
notifications-api-04406,5,Google Cloud,1944309,0.0081,1
authentication-api-04407,1,阿里云,4956647,0.0097,0
analytics-api-04408,1,腾讯云,4654311,0.0324,0
shipping-api-04409,2,私有云,1357224,0.0000,2
billing-api-04410,4,本地部署,597162,0.0130,2
users-api-04411,2,AWS,2690462,0.0497,0
orders-api-04412,5,Azure,3933731,0.0037,0
payments-api-04413,2,Google Cloud,528529,0.0083,3
inventory-api-04414,5,阿里云,4249618,0.0032,1
search-api-04415,3,腾讯云,3903507,0.0069,0
notifications-api-04416,2,私有云,4948579,0.0024,0
authentication-api-04417,2,本地部署,3011395,0.2938,1
analytics-api-04418,5,AWS,23578,0.0080,0
shipping-api-04419,5,Azure,564808,0.0089,0
billing-api-04420,1,Google Cloud,842586,0.0053,0
users-api-04421,1,阿里云,2054444,0.0089,0
orders-api-04422,3,腾讯云,3864699,0.0069,0
payments-api-04423,4,私有云,4361254,0.0021,0
inventory-api-04424,3,本地部署,1659309,0.0000,5
search-api-04425,4,AWS,1435982,0.0020,1
notifications-api-04426,3,Azure,1886059,0.0001,0
authentication-api-04427,1,Google Cloud,2527164,0.0043,1
analytics-api-04428,5,阿里云,4088524,0.0192,0
shipping-api-04429,5,腾讯云,1071139,0.0031,0
billing-api-04430,1,私有云,392600,0.0000,2
users-api-04431,1,本地部署,3420681,0.0074,0
orders-api-04432,4,AWS,1318047,0.0036,2
payments-api-04433,4,Azure,453970,0.0004,0
inventory-api-04434,5,Google Cloud,813340,0.0067,0
search-api-04435,4,阿里云,4121769,0.0015,3
notifications-api-04436,4,腾讯云,1380303,0.0000,0
authentication-api-04437,3,私有云,4528537,0.2717,2
analytics-api-04438,5,本地部署,304513,0.0000,2
shipping-api-04439,3,AWS,2457940,0.0082,3
billing-api-04440,3,Azure,3942605,0.0722,1
users-api-04441,2,Google Cloud,1925933,0.0000,5
orders-api-04442,1,阿里云,1084186,0.0035,1
payments-api-04443,3,腾讯云,3321746,0.0456,3
inventory-api-04444,5,私有云,3161482,0.0131,0
search-api-04445,3,本地部署,738577,0.0012,1
notifications-api-04446,2,AWS,2547800,0.0483,1
authentication-api-04447,4,Azure,4918004,0.0081,0
analytics-api-04448,3,Google Cloud,4007309,0.0059,1
shipping-api-04449,3,阿里云,291978,0.0070,8
billing-api-04450,4,腾讯云,4116113,0.0000,8
users-api-04451,4,私有云,2694171,0.0048,0
orders-api-04452,5,本地部署,4418621,0.0000,5
payments-api-04453,3,AWS,1303577,0.0003,3
inventory-api-04454,3,Azure,3164481,0.0070,0
search-api-04455,5,Google Cloud,1977000,0.0000,0
notifications-api-04456,5,阿里云,1095383,0.0000,2
authentication-api-04457,1,腾讯云,1690541,0.0066,0
analytics-api-04458,1,私有云,1191455,0.0062,1
shipping-api-04459,2,本地部署,1219473,0.0000,2
billing-api-04460,5,AWS,1640680,0.0025,0
users-api-04461,2,Azure,3139844,0.0000,0
orders-api-04462,3,Google Cloud,33985,0.0208,0
payments-api-04463,1,阿里云,1703544,0.0004,0
inventory-api-04464,3,腾讯云,3596404,0.0063,2
search-api-04465,5,私有云,3394983,0.0061,0
notifications-api-04466,5,本地部署,2247838,0.0448,3
authentication-api-04467,1,AWS,2043419,0.0481,0
analytics-api-04468,5,Azure,2293042,0.0036,3
shipping-api-04469,2,Google Cloud,908294,0.0148,1
billing-api-04470,4,阿里云,707642,0.0421,0
users-api-04471,2,腾讯云,2182678,0.0402,0
orders-api-04472,4,私有云,3804031,0.0000,0
payments-api-04473,3,本地部署,633097,0.0449,0
inventory-api-04474,3,AWS,1551980,0.0091,0
search-api-04475,4,Azure,2478550,0.0074,5
notifications-api-04476,1,Google Cloud,2229423,0.0004,1
authentication-api-04477,3,阿里云,3397845,0.0000,0
analytics-api-04478,1,腾讯云,248683,0.0414,1
shipping-api-04479,3,私有云,2764506,0.0015,0
billing-api-04480,1,本地部署,4282930,0.0387,0
users-api-04481,1,AWS,4324618,0.0014,0
orders-api-04482,2,Azure,3903743,0.0000,1
payments-api-04483,4,Google Cloud,2921699,0.0000,2
inventory-api-04484,2,阿里云,3551039,0.0048,1
search-api-04485,5,腾讯云,4515139,0.0057,0
notifications-api-04486,3,私有云,1387897,0.0050,2
authentication-api-04487,4,本地部署,386128,0.0100,0
analytics-api-04488,1,AWS,919440,0.0168,2
shipping-api-04489,1,Azure,2739064,0.0013,1
billing-api-04490,4,Google Cloud,1565631,0.0000,0
users-api-04491,1,阿里云,1302607,0.0085,1
orders-api-04492,3,腾讯云,4121432,0.0182,0
payments-api-04493,2,私有云,2083478,0.0000,1
inventory-api-04494,5,本地部署,48377,0.0308,0
search-api-04495,2,AWS,700503,0.0081,0
notifications-api-04496,2,Azure,1913510,0.0316,0
authentication-api-04497,3,Google Cloud,267423,0.0000,2
analytics-api-04498,1,阿里云,68906,0.0030,1
shipping-api-04499,4,腾讯云,4666093,0.0287,0
billing-api-04500,5,私有云,2315693,0.0000,0
users-api-04501,5,本地部署,0,0.0000,0
orders-api-04502,3,AWS,2618489,0.0316,0
payments-api-04503,3,Azure,4703998,0.0541,1
inventory-api-04504,5,Google Cloud,2643028,0.0244,0
search-api-04505,3,阿里云,1323369,0.0070,0
notifications-api-04506,4,腾讯云,4350631,0.0000,5
authentication-api-04507,5,私有云,2722276,0.0089,0
analytics-api-04508,3,本地部署,845931,0.0042,5
shipping-api-04509,4,AWS,3439104,0.0029,5
billing-api-04510,1,Azure,3366043,0.0628,0
users-api-04511,2,Google Cloud,4505471,0.0254,0
orders-api-04512,5,阿里云,4130770,0.0037,1
payments-api-04513,5,腾讯云,4907512,0.0000,0
inventory-api-04514,5,私有云,2042306,0.0035,5
search-api-04515,2,本地部署,2712797,0.0391,0
notifications-api-04516,2,AWS,3762221,0.0091,1
authentication-api-04517,4,Azure,2604804,0.0053,0
analytics-api-04518,3,Google Cloud,4091599,0.0052,0
shipping-api-04519,2,阿里云,1911948,0.0128,3
billing-api-04520,3,腾讯云,575333,0.0036,0
users-api-04521,1,私有云,723096,0.0139,1
orders-api-04522,3,本地部署,4318250,0.0622,1
payments-api-04523,5,AWS,2027987,0.0269,0
inventory-api-04524,4,Azure,3146551,0.0491,0
search-api-04525,4,Google Cloud,2186407,0.0000,0
notifications-api-04526,5,阿里云,3465980,0.0000,0
authentication-api-04527,4,腾讯云,2150923,0.0051,0
analytics-api-04528,1,私有云,3168438,0.0197,0
shipping-api-04529,3,本地部署,1433458,0.0029,2
billing-api-04530,3,AWS,685734,0.0001,2
users-api-04531,1,Azure,639868,0.0071,0
orders-api-04532,4,Google Cloud,3864093,0.0041,3
payments-api-04533,1,阿里云,1447314,0.0076,0
inventory-api-04534,5,腾讯云,4215516,0.0068,5
search-api-04535,1,私有云,1902087,0.0095,0
notifications-api-04536,4,本地部署,3997894,0.0071,0
authentication-api-04537,5,AWS,391368,0.0098,0
analytics-api-04538,1,Azure,1246293,0.0026,1
shipping-api-04539,4,Google Cloud,2873610,0.0003,0
billing-api-04540,1,阿里云,946279,0.0003,0
users-api-04541,2,腾讯云,1976806,0.0000,0
orders-api-04542,3,私有云,4456501,0.0010,0
payments-api-04543,2,本地部署,1062079,0.0044,0
inventory-api-04544,1,AWS,4791695,0.2378,0
search-api-04545,4,Azure,698269,0.0000,0
notifications-api-04546,3,Google Cloud,3521744,0.0082,0
authentication-api-04547,5,阿里云,3531143,0.0000,0
analytics-api-04548,5,腾讯云,1796086,0.0008,0
shipping-api-04549,1,私有云,851554,0.0025,0
billing-api-04550,5,本地部署,2611426,0.0065,0
users-api-04551,4,AWS,121509,0.0000,0
orders-api-04552,5,Azure,4258373,0.0004,3
payments-api-04553,4,Google Cloud,4758849,0.0052,0
inventory-api-04554,2,阿里云,142834,0.0010,3
search-api-04555,1,腾讯云,2441778,0.0049,8
notifications-api-04556,5,私有云,1092821,0.0000,0
authentication-api-04557,2,本地部署,4531548,0.0029,1
analytics-api-04558,4,AWS,4561853,0.0022,5
shipping-api-04559,2,Azure,3478501,0.0008,0
billing-api-04560,5,Google Cloud,4099716,0.0020,0
users-api-04561,2,阿里云,1437967,0.0000,0
orders-api-04562,3,腾讯云,402429,0.0039,0
payments-api-04563,3,私有云,2843579,0.0145,0
inventory-api-04564,4,本地部署,809065,0.0015,1
search-api-04565,4,AWS,1306844,0.0174,0
notifications-api-04566,3,Azure,3245634,0.0061,0
authentication-api-04567,3,Google Cloud,794075,0.0199,0
analytics-api-04568,3,阿里云,2260749,0.0055,0
shipping-api-04569,3,腾讯云,4313330,0.0010,2
billing-api-04570,3,私有云,993364,0.0091,0
users-api-04571,2,本地部署,951713,0.0024,3
orders-api-04572,2,AWS,742637,0.0028,0
payments-api-04573,4,Azure,1661857,0.0000,0
inventory-api-04574,3,Google Cloud,1354008,0.0000,0
search-api-04575,4,阿里云,4965982,0.0047,0
notifications-api-04576,3,腾讯云,3239857,0.0027,0
authentication-api-04577,5,私有云,1087752,0.0139,1
analytics-api-04578,2,本地部署,4688503,0.0037,0
shipping-api-04579,5,AWS,1133307,0.0432,0
billing-api-04580,5,Azure,4003859,0.0263,0
users-api-04581,3,Google Cloud,4481064,0.0181,13
orders-api-04582,4,阿里云,2474710,0.0000,0
payments-api-04583,1,腾讯云,1087097,0.0255,0
inventory-api-04584,4,私有云,4541875,0.0069,0
search-api-04585,1,本地部署,853486,0.0007,0
notifications-api-04586,1,AWS,4610122,0.0351,8
authentication-api-04587,5,Azure,304076,0.0026,2
analytics-api-04588,3,Google Cloud,1480138,0.0006,1
shipping-api-04589,5,阿里云,4940814,0.0082,1
billing-api-04590,2,腾讯云,1088294,0.0065,0
users-api-04591,1,私有云,4652506,0.1799,3
orders-api-04592,2,本地部署,633379,0.0018,2
payments-api-04593,5,AWS,680433,0.0186,1
inventory-api-04594,4,Azure,4458612,0.0412,0
search-api-04595,4,Google Cloud,1072073,0.0410,0
notifications-api-04596,4,阿里云,3385585,0.1612,13
authentication-api-04597,1,腾讯云,906500,0.0037,1
analytics-api-04598,1,私有云,3798477,0.0007,1
shipping-api-04599,4,本地部署,3853508,0.0013,3
billing-api-04600,4,AWS,1716318,0.0000,0
users-api-04601,5,Azure,2700283,0.0031,1
orders-api-04602,3,Google Cloud,2152050,0.0077,2
payments-api-04603,3,阿里云,3462232,0.0312,0
inventory-api-04604,5,腾讯云,1618960,0.0000,3
search-api-04605,3,私有云,4283235,0.0089,0
notifications-api-04606,3,本地部署,573347,0.0000,1
authentication-api-04607,3,AWS,2889827,0.0021,3
analytics-api-04608,4,Azure,3666275,0.0012,0
shipping-api-04609,1,Google Cloud,301488,0.1138,1
billing-api-04610,1,阿里云,2921223,0.0022,0
users-api-04611,2,腾讯云,3387119,0.0050,1
orders-api-04612,4,私有云,3207584,0.0050,2
payments-api-04613,4,本地部署,4200487,0.0077,0
inventory-api-04614,2,AWS,135636,0.0000,0
search-api-04615,5,Azure,4171960,0.0003,0
notifications-api-04616,3,Google Cloud,1615203,0.0049,5
authentication-api-04617,4,阿里云,2684543,0.0018,3
analytics-api-04618,3,腾讯云,1725218,0.0078,0
shipping-api-04619,4,私有云,1812320,0.0212,3
billing-api-04620,2,本地部署,1382071,0.1204,3
users-api-04621,4,AWS,2036141,0.0018,0
orders-api-04622,3,Azure,3230681,0.0051,0
payments-api-04623,2,Google Cloud,4497343,0.0000,1
inventory-api-04624,3,阿里云,1081520,0.0028,0
search-api-04625,3,腾讯云,2360747,0.0088,1
notifications-api-04626,1,私有云,1406479,0.0043,1
authentication-api-04627,2,本地部署,2599604,0.0012,1
analytics-api-04628,3,AWS,1623747,0.0093,0
shipping-api-04629,4,Azure,1856785,0.0086,0
billing-api-04630,2,Google Cloud,1707257,0.0026,0
users-api-04631,3,阿里云,1459933,0.0075,1
orders-api-04632,3,腾讯云,756106,0.0014,1
payments-api-04633,3,私有云,4547467,0.0017,0
inventory-api-04634,1,本地部署,3597648,0.0220,2
search-api-04635,5,AWS,2827923,0.0000,0
notifications-api-04636,1,Azure,3942789,0.0736,0
authentication-api-04637,2,Google Cloud,3116481,0.0042,1
analytics-api-04638,4,阿里云,2615303,0.0079,2
shipping-api-04639,4,腾讯云,4347365,0.0023,0
billing-api-04640,1,私有云,177166,0.0096,0
users-api-04641,4,本地部署,1931619,0.0228,0
orders-api-04642,1,AWS,2033098,0.0056,1
payments-api-04643,4,Azure,4647563,0.0041,1
inventory-api-04644,1,Google Cloud,649022,0.0080,3
search-api-04645,3,阿里云,2811887,0.0034,0
notifications-api-04646,1,腾讯云,163219,0.0000,0
authentication-api-04647,1,私有云,546294,0.0022,2
analytics-api-04648,3,本地部署,1889102,0.0378,0
shipping-api-04649,1,AWS,1013869,0.0000,0
billing-api-04650,1,Azure,4854657,0.0038,0
users-api-04651,4,Google Cloud,1065275,0.0034,1
orders-api-04652,3,阿里云,1916846,0.0004,1
payments-api-04653,2,腾讯云,3194681,0.0041,1
inventory-api-04654,5,私有云,2293106,0.0000,1
search-api-04655,1,本地部署,4514392,0.0222,2
notifications-api-04656,5,AWS,966822,0.0000,1
authentication-api-04657,2,Azure,3758538,0.0000,0
analytics-api-04658,1,Google Cloud,4538700,0.0144,1
shipping-api-04659,5,阿里云,2992504,0.0003,0
billing-api-04660,3,腾讯云,1098913,0.0320,1
users-api-04661,2,私有云,3452633,0.0368,0
orders-api-04662,5,本地部署,4795101,0.0037,0
payments-api-04663,5,AWS,1590993,0.0067,0
inventory-api-04664,1,Azure,4549186,0.0042,0
search-api-04665,3,Google Cloud,2798137,0.0000,1
notifications-api-04666,2,阿里云,2629702,0.0000,1
authentication-api-04667,1,腾讯云,3365935,0.0000,2
analytics-api-04668,4,私有云,2238886,0.0052,0
shipping-api-04669,4,本地部署,981290,0.0077,1
billing-api-04670,3,AWS,3627202,0.0097,0
users-api-04671,4,Azure,1028848,0.0022,0
orders-api-04672,3,Google Cloud,39183,0.0185,8
payments-api-04673,1,阿里云,1749613,0.0067,0
inventory-api-04674,1,腾讯云,1292502,0.0033,0
search-api-04675,4,私有云,896803,0.0041,0
notifications-api-04676,2,本地部署,2567030,0.0000,0
authentication-api-04677,5,AWS,3065261,0.0042,2
analytics-api-04678,1,Azure,3416167,0.0070,0
shipping-api-04679,4,Google Cloud,3119852,0.0028,0
billing-api-04680,1,阿里云,1422659,0.0053,1
users-api-04681,3,腾讯云,839792,0.0000,1
orders-api-04682,1,私有云,2746021,0.0776,0
payments-api-04683,2,本地部署,1094638,0.0310,0
inventory-api-04684,1,AWS,2813542,0.0048,0
search-api-04685,5,Azure,1248293,0.0426,8
notifications-api-04686,2,Google Cloud,421669,0.0050,0
authentication-api-04687,3,阿里云,1210992,0.0001,1
analytics-api-04688,1,腾讯云,586455,0.0014,1
shipping-api-04689,4,私有云,2935140,0.0015,2
billing-api-04690,2,本地部署,1815320,0.0099,0
users-api-04691,4,AWS,1368683,0.0077,0
orders-api-04692,4,Azure,1285171,0.0000,1
payments-api-04693,5,Google Cloud,809894,0.0019,1
inventory-api-04694,2,阿里云,4453031,0.0000,0
search-api-04695,2,腾讯云,1712309,0.0043,0
notifications-api-04696,1,私有云,2983950,0.0025,3
authentication-api-04697,5,本地部署,1842587,0.0022,2
analytics-api-04698,4,AWS,2210245,0.0000,1
shipping-api-04699,3,Azure,3445819,0.0000,3
billing-api-04700,4,Google Cloud,1028076,0.0067,0
users-api-04701,4,阿里云,415488,0.0043,0
orders-api-04702,5,腾讯云,2262932,0.0020,0
payments-api-04703,3,私有云,3634471,0.0082,0
inventory-api-04704,1,本地部署,3593991,0.0000,0
search-api-04705,4,AWS,543273,0.0000,5
notifications-api-04706,1,Azure,1257155,0.0000,1
authentication-api-04707,1,Google Cloud,2016996,0.0082,0
analytics-api-04708,2,阿里云,1990148,0.0017,2
shipping-api-04709,5,腾讯云,4543890,0.0092,1
billing-api-04710,1,私有云,1428164,0.0041,0
users-api-04711,2,本地部署,145256,0.0072,0
orders-api-04712,1,AWS,3314973,0.0048,0
payments-api-04713,2,Azure,4824585,0.0020,1
inventory-api-04714,3,Google Cloud,1757677,0.0135,1
search-api-04715,1,阿里云,4984019,0.0000,1
notifications-api-04716,3,腾讯云,3549211,0.0051,5
authentication-api-04717,3,私有云,4112856,0.0038,1
analytics-api-04718,4,本地部署,3400977,0.0068,3
shipping-api-04719,5,AWS,2817840,0.0418,0
billing-api-04720,1,Azure,115650,0.0463,0
users-api-04721,4,Google Cloud,2228550,0.0000,0
orders-api-04722,2,阿里云,4106229,0.0026,0
payments-api-04723,5,腾讯云,1034946,0.0048,0
inventory-api-04724,2,私有云,2711838,0.0213,1
search-api-04725,1,本地部署,4460079,0.0030,0
notifications-api-04726,3,AWS,4044893,0.0095,0
authentication-api-04727,1,Azure,4718396,0.0094,0
analytics-api-04728,2,Google Cloud,2162802,0.0049,0
shipping-api-04729,4,阿里云,244454,0.0002,0
billing-api-04730,4,腾讯云,3557653,0.0314,0
users-api-04731,2,私有云,684750,0.0013,8
orders-api-04732,5,本地部署,1878647,0.0423,0
payments-api-04733,5,AWS,1160861,0.0020,0
inventory-api-04734,2,Azure,798127,0.0000,0
search-api-04735,5,Google Cloud,2440846,0.0011,0
notifications-api-04736,1,阿里云,4200099,0.0346,3
authentication-api-04737,1,腾讯云,130171,0.0000,2
analytics-api-04738,4,私有云,1060740,0.0072,0
shipping-api-04739,1,本地部署,4188289,0.0028,0
billing-api-04740,4,AWS,3514511,0.0050,0
users-api-04741,3,Azure,2553122,0.0000,0
orders-api-04742,3,Google Cloud,2203805,0.1172,0
payments-api-04743,5,阿里云,2382453,0.0021,0
inventory-api-04744,4,腾讯云,1136859,0.0000,1
search-api-04745,2,私有云,1084453,0.0015,1
notifications-api-04746,1,本地部署,2346304,0.0069,1
authentication-api-04747,4,AWS,3402186,0.0010,0
analytics-api-04748,1,Azure,380567,0.0137,0
shipping-api-04749,3,Google Cloud,2424920,0.0289,1
billing-api-04750,4,阿里云,4773945,0.0033,2
users-api-04751,4,腾讯云,0,0.0000,2
orders-api-04752,1,私有云,2938398,0.0346,2
payments-api-04753,4,本地部署,2423374,0.0009,5
inventory-api-04754,1,AWS,2940881,0.0445,1
search-api-04755,1,Azure,706140,0.0311,0
notifications-api-04756,4,Google Cloud,3907314,0.0245,1
authentication-api-04757,3,阿里云,4397104,0.2839,2
analytics-api-04758,1,腾讯云,3050237,0.0036,2
shipping-api-04759,3,私有云,277738,0.0052,1
billing-api-04760,5,本地部署,4379091,0.0026,8
users-api-04761,4,AWS,4284758,0.0045,3
orders-api-04762,3,Azure,4582409,0.0345,0
payments-api-04763,3,Google Cloud,2909132,0.0072,0
inventory-api-04764,4,阿里云,1305065,0.0069,0
search-api-04765,1,腾讯云,1988913,0.0003,5
notifications-api-04766,4,私有云,1960836,0.0055,0
authentication-api-04767,3,本地部署,2330477,0.0162,5
analytics-api-04768,2,AWS,4069695,0.0051,8
shipping-api-04769,2,Azure,4599701,0.1107,2
billing-api-04770,5,Google Cloud,4066962,0.0065,0
users-api-04771,5,阿里云,3319733,0.0134,0
orders-api-04772,5,腾讯云,4565904,0.0065,1
payments-api-04773,2,私有云,4674310,0.0037,0
inventory-api-04774,3,本地部署,3852506,0.0000,1
search-api-04775,5,AWS,4597790,0.0000,0
notifications-api-04776,2,Azure,4208258,0.0000,0
authentication-api-04777,5,Google Cloud,3527137,0.0000,3
analytics-api-04778,3,阿里云,1070145,0.0071,1
shipping-api-04779,1,腾讯云,3700806,0.0026,1
billing-api-04780,1,私有云,968440,0.0097,0
users-api-04781,3,本地部署,1024227,0.0047,0
orders-api-04782,3,AWS,3916733,0.0103,1
payments-api-04783,1,Azure,3760303,0.0000,1
inventory-api-04784,4,Google Cloud,1852174,0.0159,0
search-api-04785,5,阿里云,1951135,0.0059,0
notifications-api-04786,4,腾讯云,973459,0.0002,1
authentication-api-04787,5,私有云,1549108,0.0003,1
analytics-api-04788,5,本地部署,3657414,0.0096,13
shipping-api-04789,5,AWS,2560562,0.0062,8
billing-api-04790,3,Azure,4878216,0.0071,0
users-api-04791,3,Google Cloud,133892,0.0087,0
orders-api-04792,4,阿里云,3564845,0.1792,1
payments-api-04793,1,腾讯云,4707427,0.0004,0
inventory-api-04794,4,私有云,4547313,0.0039,0
search-api-04795,5,本地部署,3109909,0.0048,5
notifications-api-04796,4,AWS,3503709,0.0011,0
authentication-api-04797,1,Azure,626961,0.0000,8
analytics-api-04798,4,Google Cloud,648580,0.0000,0
shipping-api-04799,2,阿里云,26643,0.0400,2
billing-api-04800,4,腾讯云,3626518,0.0072,0
users-api-04801,4,私有云,4442867,0.0334,0
orders-api-04802,1,本地部署,491596,0.0082,0
payments-api-04803,1,AWS,1425193,0.0052,1
inventory-api-04804,4,Azure,4001310,0.0085,0
search-api-04805,4,Google Cloud,4216117,0.0044,3
notifications-api-04806,1,阿里云,3309060,0.0013,0
authentication-api-04807,4,腾讯云,2176288,0.0263,0
analytics-api-04808,2,私有云,3436139,0.0018,0
shipping-api-04809,4,本地部署,3468460,0.0097,0
billing-api-04810,4,AWS,2135211,0.0196,0
users-api-04811,3,Azure,2476908,0.0412,2
orders-api-04812,3,Google Cloud,3264062,0.0161,3
payments-api-04813,4,阿里云,1263805,0.0418,2
inventory-api-04814,4,腾讯云,4709941,0.0459,0
search-api-04815,1,私有云,630650,0.0074,0
notifications-api-04816,5,本地部署,3057754,0.0015,3
authentication-api-04817,5,AWS,113367,0.0008,1
analytics-api-04818,2,Azure,1329085,0.0096,1
shipping-api-04819,1,Google Cloud,2440353,0.0034,0
billing-api-04820,3,阿里云,4899180,0.0426,8
users-api-04821,4,腾讯云,2792733,0.0076,0
orders-api-04822,5,私有云,1611823,0.0026,0
payments-api-04823,4,本地部署,2970092,0.0434,0
inventory-api-04824,4,AWS,614434,0.0000,3
search-api-04825,3,Azure,919876,0.0015,0
notifications-api-04826,1,Google Cloud,3745653,0.0304,0
authentication-api-04827,4,阿里云,4698269,0.0023,0
analytics-api-04828,1,腾讯云,2194005,0.0017,2
shipping-api-04829,3,私有云,810031,0.0051,0
billing-api-04830,2,本地部署,958180,0.0087,0
users-api-04831,3,AWS,2502628,0.0038,3
orders-api-04832,3,Azure,4898190,0.0005,1
payments-api-04833,1,Google Cloud,4323796,0.0088,2
inventory-api-04834,4,阿里云,2602060,0.0019,0
search-api-04835,2,腾讯云,1825826,0.0085,2
notifications-api-04836,4,私有云,2917138,0.0048,0
authentication-api-04837,2,本地部署,814113,0.0000,0
analytics-api-04838,2,AWS,3420350,0.0060,0
shipping-api-04839,2,Azure,4739367,0.0374,1
billing-api-04840,3,Google Cloud,3764145,0.0091,0
users-api-04841,4,阿里云,2938973,0.0000,1
orders-api-04842,2,腾讯云,4237507,0.2259,0
payments-api-04843,4,私有云,1032021,0.0089,2
inventory-api-04844,4,本地部署,182402,0.0067,0
search-api-04845,2,AWS,1880199,0.0084,0
notifications-api-04846,1,Azure,1296894,0.0551,1
authentication-api-04847,3,Google Cloud,2674803,0.0066,8
analytics-api-04848,1,阿里云,4756451,0.0072,2
shipping-api-04849,1,腾讯云,3675204,0.0000,0
billing-api-04850,1,私有云,2460706,0.0252,8
users-api-04851,3,本地部署,1023755,0.0000,0
orders-api-04852,5,AWS,2008885,0.0000,1
payments-api-04853,5,Azure,4859782,0.0343,0
inventory-api-04854,3,Google Cloud,593268,0.0036,8
search-api-04855,5,阿里云,4650808,0.2385,0
notifications-api-04856,3,腾讯云,44701,0.0069,2
authentication-api-04857,5,私有云,3371800,0.0021,3
analytics-api-04858,2,本地部署,4240027,0.0093,2
shipping-api-04859,1,AWS,1374230,0.0082,0
billing-api-04860,5,Azure,3951121,0.0066,0
users-api-04861,4,Google Cloud,762780,0.0030,0
orders-api-04862,4,阿里云,1084440,0.0052,0
payments-api-04863,5,腾讯云,2748983,0.0041,2
inventory-api-04864,3,私有云,2587201,0.0046,0
search-api-04865,1,本地部署,4390576,0.0054,2
notifications-api-04866,3,AWS,1100519,0.0000,0
authentication-api-04867,4,Azure,108256,0.0073,0
analytics-api-04868,3,Google Cloud,2609355,0.0182,0
shipping-api-04869,2,阿里云,4515105,0.0000,0
billing-api-04870,1,腾讯云,666977,0.0026,0
users-api-04871,1,私有云,3699729,0.0061,0
orders-api-04872,1,本地部署,744671,0.0091,0
payments-api-04873,5,AWS,4334195,0.0032,1
inventory-api-04874,1,Azure,1036366,0.0066,0
search-api-04875,3,Google Cloud,2736644,0.0045,0
notifications-api-04876,3,阿里云,1031248,0.0038,2
authentication-api-04877,3,腾讯云,4213311,0.0075,3
analytics-api-04878,5,私有云,20363,0.0017,8
shipping-api-04879,3,本地部署,3856350,0.0097,0
billing-api-04880,5,AWS,2105884,0.0001,13
users-api-04881,2,Azure,495454,0.0061,0
orders-api-04882,2,Google Cloud,4351992,0.0089,0
payments-api-04883,5,阿里云,1011768,0.0292,8
inventory-api-04884,5,腾讯云,545410,0.0095,3
search-api-04885,2,私有云,126281,0.0390,0
notifications-api-04886,3,本地部署,3173154,0.0080,0
authentication-api-04887,4,AWS,1964973,0.0021,2
analytics-api-04888,2,Azure,1460798,0.0000,1
shipping-api-04889,5,Google Cloud,2112120,0.0037,1
billing-api-04890,3,阿里云,1350895,0.0000,0
users-api-04891,2,腾讯云,2405494,0.0024,1
orders-api-04892,5,私有云,403994,0.0075,1
payments-api-04893,5,本地部署,3227066,0.0000,0
inventory-api-04894,4,AWS,1678445,0.0001,0
search-api-04895,3,Azure,1232950,0.0014,0
notifications-api-04896,5,Google Cloud,3032805,0.0068,0
authentication-api-04897,3,阿里云,3923587,0.0051,0
analytics-api-04898,1,腾讯云,4240318,0.0050,0
shipping-api-04899,4,私有云,1502647,0.0968,2
billing-api-04900,1,本地部署,2758014,0.0049,0
users-api-04901,5,AWS,4983305,0.0000,0
orders-api-04902,5,Azure,691182,0.0089,2
payments-api-04903,3,Google Cloud,4710405,0.0053,0
inventory-api-04904,4,阿里云,3726180,0.0383,0
search-api-04905,4,腾讯云,4987528,0.0313,0
notifications-api-04906,4,私有云,2644787,0.0019,0
authentication-api-04907,4,本地部署,4108199,0.0405,1
analytics-api-04908,4,AWS,3323626,0.0000,1
shipping-api-04909,4,Azure,3997943,0.0034,0
billing-api-04910,5,Google Cloud,2327351,0.0010,0
users-api-04911,3,阿里云,4843013,0.0088,1
orders-api-04912,3,腾讯云,1296092,0.0000,3
payments-api-04913,5,私有云,4758598,0.0060,8
inventory-api-04914,1,本地部署,859653,0.0048,2
search-api-04915,2,AWS,4132900,0.0000,1
notifications-api-04916,4,Azure,1162019,0.0077,1
authentication-api-04917,4,Google Cloud,4110289,0.0039,0
analytics-api-04918,3,阿里云,3213244,0.0222,5
shipping-api-04919,3,腾讯云,1536269,0.0000,0
billing-api-04920,3,私有云,4254270,0.0009,0
users-api-04921,3,本地部署,2173892,0.0087,0
orders-api-04922,4,AWS,2867367,0.0000,2
payments-api-04923,5,Azure,112654,0.0064,5
inventory-api-04924,1,Google Cloud,2793363,0.0000,2
search-api-04925,1,阿里云,2015821,0.0031,0
notifications-api-04926,4,腾讯云,2069546,0.0318,0
authentication-api-04927,3,私有云,4417795,0.0042,3
analytics-api-04928,5,本地部署,2181187,0.0009,1
shipping-api-04929,5,AWS,2791050,0.0016,5
billing-api-04930,1,Azure,2494324,0.0091,0
users-api-04931,2,Google Cloud,1865914,0.0048,1
orders-api-04932,2,阿里云,4326637,0.0087,0
payments-api-04933,2,腾讯云,1593284,0.0160,0
inventory-api-04934,2,私有云,800320,0.0025,2
search-api-04935,4,本地部署,127009,0.0043,0
notifications-api-04936,2,AWS,2546464,0.0113,0
authentication-api-04937,2,Azure,964270,0.0000,1
analytics-api-04938,1,Google Cloud,76508,0.0067,1
shipping-api-04939,4,阿里云,780911,0.0076,0
billing-api-04940,1,腾讯云,1396223,0.0306,1
users-api-04941,3,私有云,4826607,0.0083,13
orders-api-04942,1,本地部署,1541829,0.0050,3
payments-api-04943,4,AWS,4158132,0.0050,1
inventory-api-04944,3,Azure,763512,0.0072,0
search-api-04945,2,Google Cloud,4768937,0.0455,1
notifications-api-04946,1,阿里云,3088842,0.0064,0
authentication-api-04947,4,腾讯云,1454965,0.0209,2
analytics-api-04948,1,私有云,3906805,0.0043,1
shipping-api-04949,3,本地部署,4417950,0.0068,1
billing-api-04950,5,AWS,4850832,0.0066,0
users-api-04951,2,Azure,3284466,0.0000,1
orders-api-04952,4,Google Cloud,3952474,0.0354,1
payments-api-04953,1,阿里云,3155450,0.0499,2
inventory-api-04954,3,腾讯云,4330090,0.0084,0
search-api-04955,5,私有云,3081559,0.0000,8
notifications-api-04956,1,本地部署,4244718,0.0007,0
authentication-api-04957,5,AWS,1044472,0.0055,1
analytics-api-04958,3,Azure,1134766,0.0202,3
shipping-api-04959,3,Google Cloud,3094784,0.1680,3
billing-api-04960,5,阿里云,2240046,0.0024,2
users-api-04961,1,腾讯云,507085,0.0000,3
orders-api-04962,4,私有云,4570091,0.0081,0
payments-api-04963,2,本地部署,2730311,0.0038,0
inventory-api-04964,1,AWS,4540912,0.0000,1
search-api-04965,1,Azure,3918344,0.0081,0
notifications-api-04966,3,Google Cloud,2829425,0.0014,0
authentication-api-04967,5,阿里云,4359534,0.0370,0
analytics-api-04968,4,腾讯云,2672357,0.0000,1
shipping-api-04969,4,私有云,1090690,0.0162,0
billing-api-04970,2,本地部署,2840757,0.0000,0
users-api-04971,5,AWS,4234524,0.0052,2
orders-api-04972,2,Azure,4614388,0.0341,0
payments-api-04973,1,Google Cloud,3567091,0.0042,0
inventory-api-04974,5,阿里云,8601,0.0122,0
search-api-04975,1,腾讯云,4521616,0.0598,1
notifications-api-04976,2,私有云,217965,0.0407,0
authentication-api-04977,4,本地部署,2842959,0.0029,2
analytics-api-04978,4,AWS,1856836,0.0020,2
shipping-api-04979,2,Azure,1861942,0.0031,2
billing-api-04980,5,Google Cloud,2827464,0.0066,0
users-api-04981,4,阿里云,1981232,0.0024,5
orders-api-04982,4,腾讯云,3423067,0.0067,0
payments-api-04983,1,私有云,2804295,0.0424,0
inventory-api-04984,3,本地部署,4422128,0.0085,1
search-api-04985,5,AWS,4924920,0.0068,1
notifications-api-04986,1,Azure,4184951,0.0030,0
authentication-api-04987,5,Google Cloud,4629219,0.0026,1
analytics-api-04988,1,阿里云,1051236,0.0065,0
shipping-api-04989,3,腾讯云,1875989,0.0007,1
billing-api-04990,1,私有云,3066223,0.0070,0
users-api-04991,5,本地部署,2735353,0.0636,0
orders-api-04992,2,AWS,2740420,0.0064,1
payments-api-04993,3,Azure,2844912,0.0000,0
inventory-api-04994,3,Google Cloud,1553682,0.0003,0
search-api-04995,3,阿里云,3622824,0.0012,0
notifications-api-04996,4,腾讯云,1305970,0.0020,0
authentication-api-04997,1,私有云,2305279,0.0000,0
analytics-api-04998,1,本地部署,2890716,0.2989,0
shipping-api-04999,5,AWS,1499619,0.0000,2
billing-api-05000,4,Azure,2513186,0.0078,2
users-api-05001,4,Google Cloud,0,0.0000,0
orders-api-05002,2,阿里云,2410465,0.0079,0
payments-api-05003,2,腾讯云,1975283,0.0078,0
inventory-api-05004,4,私有云,1275484,0.0019,0
search-api-05005,1,本地部署,4215944,0.0000,2
notifications-api-05006,4,AWS,1655223,0.0028,1
authentication-api-05007,3,Azure,3391856,0.0029,5
analytics-api-05008,4,Google Cloud,1322530,0.0098,1
shipping-api-05009,5,阿里云,4517865,0.0058,3
billing-api-05010,5,腾讯云,2171023,0.0402,0
users-api-05011,1,私有云,1038949,0.0085,3
orders-api-05012,5,本地部署,2885960,0.0444,8
payments-api-05013,2,AWS,421311,0.0070,2
inventory-api-05014,1,Azure,1769350,0.0043,0
search-api-05015,4,Google Cloud,680849,0.0030,1
notifications-api-05016,5,阿里云,1066147,0.0019,0
authentication-api-05017,5,腾讯云,936905,0.0044,5
analytics-api-05018,4,私有云,2214000,0.0382,0
shipping-api-05019,4,本地部署,1971051,0.0022,0
billing-api-05020,3,AWS,2457850,0.0000,5
users-api-05021,4,Azure,292662,0.0065,1
orders-api-05022,2,Google Cloud,2340605,0.0062,2
payments-api-05023,4,阿里云,4041404,0.0001,0
inventory-api-05024,4,腾讯云,3760350,0.0176,0
search-api-05025,2,私有云,1505254,0.0000,0
notifications-api-05026,1,本地部署,751521,0.0000,0
authentication-api-05027,2,AWS,868475,0.0061,0
analytics-api-05028,2,Azure,3350068,0.0000,1
shipping-api-05029,3,Google Cloud,4367924,0.0054,3
billing-api-05030,1,阿里云,873127,0.0043,0
users-api-05031,2,腾讯云,4150160,0.0035,0
orders-api-05032,3,私有云,4542594,0.0102,0
payments-api-05033,3,本地部署,2369432,0.0157,5
inventory-api-05034,2,AWS,3021332,0.0000,0
search-api-05035,5,Azure,2597862,0.0025,0
notifications-api-05036,4,Google Cloud,740568,0.0095,0
authentication-api-05037,5,阿里云,4975791,0.0063,2
analytics-api-05038,2,腾讯云,3094757,0.0004,0
shipping-api-05039,1,私有云,2181822,0.0000,0
billing-api-05040,2,本地部署,760083,0.0055,5
users-api-05041,1,AWS,1647407,0.1748,0
orders-api-05042,1,Azure,2105225,0.0060,1
payments-api-05043,1,Google Cloud,3688676,0.0000,0
inventory-api-05044,5,阿里云,3002384,0.0046,1
search-api-05045,4,腾讯云,798916,0.0016,0
notifications-api-05046,5,私有云,1943720,0.0441,0
authentication-api-05047,1,本地部署,4423058,0.0099,2
analytics-api-05048,2,AWS,2456035,0.0321,3
shipping-api-05049,4,Azure,2939457,0.0012,0
billing-api-05050,4,Google Cloud,744968,0.0020,0
users-api-05051,3,阿里云,1201374,0.0084,0
orders-api-05052,2,腾讯云,4887955,0.0000,0
payments-api-05053,2,私有云,3546698,0.1686,2
inventory-api-05054,1,本地部署,2810375,0.1141,0
search-api-05055,1,AWS,4130731,0.0293,3
notifications-api-05056,3,Azure,3291952,0.0000,1
authentication-api-05057,5,Google Cloud,1541564,0.0035,0
analytics-api-05058,1,阿里云,1267482,0.0000,0
shipping-api-05059,2,腾讯云,3114862,0.0082,0
billing-api-05060,5,私有云,3782746,0.0080,3
users-api-05061,1,本地部署,1966858,0.0000,3
orders-api-05062,1,AWS,4362139,0.0313,0
payments-api-05063,3,Azure,1368426,0.0076,2
inventory-api-05064,3,Google Cloud,4600680,0.0100,0
search-api-05065,1,阿里云,2457356,0.0010,1
notifications-api-05066,2,腾讯云,2288260,0.0100,1
authentication-api-05067,4,私有云,3002512,0.0042,1
analytics-api-05068,1,本地部署,3777941,0.0010,0
shipping-api-05069,4,AWS,1569075,0.2760,0
billing-api-05070,2,Azure,1573217,0.0021,0
users-api-05071,3,Google Cloud,424063,0.0071,0
orders-api-05072,1,阿里云,2615379,0.0080,2
payments-api-05073,5,腾讯云,2822410,0.0011,0
inventory-api-05074,2,私有云,993797,0.0078,0
search-api-05075,3,本地部署,3642357,0.1890,13
notifications-api-05076,4,AWS,1195800,0.0045,1
authentication-api-05077,5,Azure,1380199,0.0061,0
analytics-api-05078,3,Google Cloud,4569006,0.0045,0
shipping-api-05079,4,阿里云,1689751,0.0329,0
billing-api-05080,3,腾讯云,409703,0.0065,0
users-api-05081,2,私有云,4760473,0.0314,0
orders-api-05082,2,本地部署,1913551,0.0299,0
payments-api-05083,2,AWS,2532250,0.0020,0
inventory-api-05084,4,Azure,1380013,0.0057,0
search-api-05085,5,Google Cloud,1723439,0.0041,1
notifications-api-05086,5,阿里云,3263411,0.0183,0
authentication-api-05087,5,腾讯云,854282,0.0000,1
analytics-api-05088,2,私有云,3812174,0.0000,2
shipping-api-05089,5,本地部署,1541458,0.0000,8
billing-api-05090,4,AWS,4699524,0.0000,2
users-api-05091,2,Azure,3880867,0.0002,0
orders-api-05092,2,Google Cloud,1657693,0.0000,2
payments-api-05093,5,阿里云,2757696,0.0169,5
inventory-api-05094,4,腾讯云,70441,0.0024,1
search-api-05095,1,私有云,844699,0.0061,0
notifications-api-05096,4,本地部署,4761846,0.0056,0
authentication-api-05097,5,AWS,4032462,0.0016,0
analytics-api-05098,2,Azure,4910109,0.0008,2
shipping-api-05099,2,Google Cloud,3983513,0.0073,0
billing-api-05100,3,阿里云,1087483,0.0000,1
users-api-05101,2,腾讯云,2893401,0.0047,5
orders-api-05102,3,私有云,2356409,0.0088,0
payments-api-05103,4,本地部署,3220589,0.2275,0
inventory-api-05104,2,AWS,2976482,0.0000,2
search-api-05105,3,Azure,2446863,0.0068,0
notifications-api-05106,3,Google Cloud,3151444,0.0000,0
authentication-api-05107,4,阿里云,4250945,0.0000,1
analytics-api-05108,1,腾讯云,676615,0.0013,0
shipping-api-05109,4,私有云,3372658,0.0028,1
billing-api-05110,2,本地部署,3206267,0.0000,5
users-api-05111,5,AWS,4196287,0.0065,1
orders-api-05112,5,Azure,2010857,0.0000,2
payments-api-05113,3,Google Cloud,3996422,0.0095,0
inventory-api-05114,3,阿里云,3081359,0.0433,2
search-api-05115,4,腾讯云,3436595,0.0008,1
notifications-api-05116,1,私有云,1647424,0.0248,0
authentication-api-05117,4,本地部署,1312558,0.0000,0
analytics-api-05118,5,AWS,859296,0.0098,0
shipping-api-05119,4,Azure,4247317,0.0032,0
billing-api-05120,5,Google Cloud,4396994,0.0086,1
users-api-05121,5,阿里云,1302306,0.0192,0
orders-api-05122,5,腾讯云,1354887,0.0000,1
payments-api-05123,2,私有云,1878461,0.0303,0
inventory-api-05124,3,本地部署,4184335,0.0000,1
search-api-05125,1,AWS,1490259,0.0187,0
notifications-api-05126,3,Azure,1167481,0.0034,0
authentication-api-05127,2,Google Cloud,147433,0.0087,2
analytics-api-05128,3,阿里云,1319675,0.0005,0
shipping-api-05129,2,腾讯云,3923120,0.0041,0
billing-api-05130,3,私有云,1430031,0.0000,0
users-api-05131,3,本地部署,2528752,0.0011,0
orders-api-05132,1,AWS,3423413,0.0018,1
payments-api-05133,1,Azure,2309711,0.0035,1
inventory-api-05134,1,Google Cloud,4834957,0.0097,3
search-api-05135,3,阿里云,832801,0.0000,2
notifications-api-05136,3,腾讯云,2243306,0.0000,1
authentication-api-05137,2,私有云,1395721,0.0000,1
analytics-api-05138,2,本地部署,3283297,0.0093,3
shipping-api-05139,1,AWS,4934913,0.0000,5
billing-api-05140,3,Azure,3210560,0.0030,0
users-api-05141,2,Google Cloud,3771899,0.0038,0
orders-api-05142,2,阿里云,3907617,0.0000,1
payments-api-05143,2,腾讯云,4996543,0.0057,0
inventory-api-05144,1,私有云,2970016,0.0376,0
search-api-05145,5,本地部署,1121110,0.0000,2
notifications-api-05146,2,AWS,2256134,0.0085,0
authentication-api-05147,1,Azure,1971479,0.0845,1
analytics-api-05148,2,Google Cloud,3819592,0.0000,1
shipping-api-05149,2,阿里云,1760150,0.0070,2
billing-api-05150,2,腾讯云,138106,0.0048,5
users-api-05151,1,私有云,2625272,0.0000,1
orders-api-05152,3,本地部署,2050067,0.0034,0
payments-api-05153,4,AWS,2410885,0.0000,0
inventory-api-05154,5,Azure,4267958,0.0067,1
search-api-05155,5,Google Cloud,367496,0.0082,0
notifications-api-05156,5,阿里云,4177304,0.0371,0
authentication-api-05157,4,腾讯云,3753887,0.0033,3
analytics-api-05158,3,私有云,3018807,0.0078,0
shipping-api-05159,1,本地部署,4169277,0.0028,0
billing-api-05160,3,AWS,2593669,0.0089,0
users-api-05161,3,Azure,3760715,0.0000,0
orders-api-05162,2,Google Cloud,846559,0.0097,0
payments-api-05163,1,阿里云,1532230,0.0278,1
inventory-api-05164,4,腾讯云,3980958,0.0010,0
search-api-05165,4,私有云,3350463,0.0254,1
notifications-api-05166,3,本地部署,3612871,0.0081,0
authentication-api-05167,5,AWS,3531230,0.0315,8
analytics-api-05168,2,Azure,2837723,0.0069,0
shipping-api-05169,3,Google Cloud,2917913,0.0047,0
billing-api-05170,3,阿里云,4115655,0.0000,5
users-api-05171,3,腾讯云,4486915,0.0060,0
orders-api-05172,3,私有云,3261107,0.0019,0
payments-api-05173,4,本地部署,4014455,0.0000,0
inventory-api-05174,4,AWS,463565,0.0389,1
search-api-05175,4,Azure,4121015,0.0052,0
notifications-api-05176,3,Google Cloud,3889046,0.0016,1
authentication-api-05177,5,阿里云,3005291,0.0000,0
analytics-api-05178,2,腾讯云,1746795,0.0061,0
shipping-api-05179,5,私有云,2461382,0.0043,0
billing-api-05180,1,本地部署,3495769,0.0056,3
users-api-05181,2,AWS,4865163,0.0000,2
orders-api-05182,5,Azure,943457,0.0044,5
payments-api-05183,1,Google Cloud,1807497,0.0000,3
inventory-api-05184,1,阿里云,2617494,0.0089,0
search-api-05185,1,腾讯云,4420570,0.0014,2
notifications-api-05186,2,私有云,1768699,0.0008,1
authentication-api-05187,1,本地部署,1874914,0.0476,0
analytics-api-05188,2,AWS,4407791,0.0090,0
shipping-api-05189,5,Azure,1952025,0.0025,0
billing-api-05190,2,Google Cloud,918113,0.0016,0
users-api-05191,1,阿里云,4379321,0.0081,1
orders-api-05192,4,腾讯云,2116340,0.0399,0
payments-api-05193,4,私有云,4588096,0.0020,0
inventory-api-05194,2,本地部署,1800011,0.0000,0
search-api-05195,3,AWS,2826996,0.0358,0
notifications-api-05196,3,Azure,3985561,0.0040,2
authentication-api-05197,1,Google Cloud,3479227,0.0454,0
analytics-api-05198,5,阿里云,3782009,0.0044,0
shipping-api-05199,4,腾讯云,4680694,0.0077,0
billing-api-05200,2,私有云,3071732,0.0049,0
users-api-05201,3,本地部署,4745357,0.2246,1
orders-api-05202,1,AWS,377814,0.0134,2
payments-api-05203,4,Azure,3736412,0.0081,0
inventory-api-05204,5,Google Cloud,2314651,0.0099,0
search-api-05205,4,阿里云,255510,0.0050,0
notifications-api-05206,3,腾讯云,1126264,0.0443,3
authentication-api-05207,2,私有云,2230565,0.0000,1
analytics-api-05208,3,本地部署,3447988,0.0000,0
shipping-api-05209,1,AWS,860702,0.1255,0
billing-api-05210,5,Azure,2501531,0.0022,0
users-api-05211,3,Google Cloud,963706,0.0418,0
orders-api-05212,1,阿里云,1520944,0.0000,0
payments-api-05213,1,腾讯云,4057183,0.1643,0
inventory-api-05214,2,私有云,1271583,0.0368,0
search-api-05215,2,本地部署,1193248,0.0463,5
notifications-api-05216,2,AWS,4044878,0.0063,1
authentication-api-05217,5,Azure,3547560,0.0066,1
analytics-api-05218,2,Google Cloud,3561752,0.0088,0
shipping-api-05219,2,阿里云,4100033,0.0085,0
billing-api-05220,2,腾讯云,2407466,0.0005,1
users-api-05221,5,私有云,3996346,0.0000,0
orders-api-05222,4,本地部署,653811,0.0014,0
payments-api-05223,5,AWS,190760,0.0011,0
inventory-api-05224,1,Azure,394016,0.0014,0
search-api-05225,1,Google Cloud,4859011,0.0273,1
notifications-api-05226,2,阿里云,1803928,0.1296,0
authentication-api-05227,2,腾讯云,2133225,0.0071,0
analytics-api-05228,1,私有云,1170950,0.0058,1
shipping-api-05229,5,本地部署,775928,0.0026,0
billing-api-05230,4,AWS,1140863,0.0004,1
users-api-05231,1,Azure,3127736,0.0006,0
orders-api-05232,3,Google Cloud,4594210,0.0100,0
payments-api-05233,3,阿里云,2014187,0.0121,1
inventory-api-05234,1,腾讯云,4187834,0.0129,1
search-api-05235,2,私有云,2615380,0.0052,0
notifications-api-05236,4,本地部署,2646170,0.0197,0
authentication-api-05237,2,AWS,3535324,0.0065,0
analytics-api-05238,5,Azure,2358857,0.0056,0
shipping-api-05239,5,Google Cloud,1887166,0.0092,13
billing-api-05240,4,阿里云,1994960,0.0449,0
users-api-05241,3,腾讯云,4172903,0.0007,0
orders-api-05242,1,私有云,2594050,0.0075,0
payments-api-05243,1,本地部署,4538360,0.0046,8
inventory-api-05244,2,AWS,2292404,0.0000,8
search-api-05245,1,Azure,493886,0.0475,2
notifications-api-05246,5,Google Cloud,2689625,0.0339,3
authentication-api-05247,1,阿里云,3185199,0.0089,2
analytics-api-05248,3,腾讯云,2876772,0.0061,3
shipping-api-05249,5,私有云,3012280,0.0238,3
billing-api-05250,5,本地部署,2384391,0.0000,3
users-api-05251,5,AWS,0,0.0000,0
orders-api-05252,2,Azure,2516826,0.0097,0
payments-api-05253,4,Google Cloud,1825475,0.0056,1
inventory-api-05254,4,阿里云,1713245,0.0034,0
search-api-05255,3,腾讯云,4092955,0.0080,1
notifications-api-05256,1,私有云,966134,0.0071,0
authentication-api-05257,2,本地部署,3441012,0.0087,0
analytics-api-05258,4,AWS,750019,0.0011,1
shipping-api-05259,1,Azure,4271294,0.0018,0
billing-api-05260,1,Google Cloud,4909100,0.0097,1
users-api-05261,4,阿里云,2054806,0.0049,0
orders-api-05262,5,腾讯云,4496007,0.0075,0
payments-api-05263,1,私有云,4575919,0.0071,1
inventory-api-05264,5,本地部署,4459766,0.0137,2
search-api-05265,2,AWS,850828,0.0060,0
notifications-api-05266,1,Azure,2671750,0.0046,1
authentication-api-05267,3,Google Cloud,2618964,0.0000,0
analytics-api-05268,1,阿里云,1181709,0.0077,1
shipping-api-05269,5,腾讯云,733283,0.0222,0
billing-api-05270,4,私有云,3321914,0.0050,0
users-api-05271,1,本地部署,367789,0.0121,2
orders-api-05272,2,AWS,4862502,0.0093,3
payments-api-05273,4,Azure,3778474,0.0003,2
inventory-api-05274,5,Google Cloud,2804446,0.0000,1
search-api-05275,3,阿里云,588313,0.0025,3
notifications-api-05276,1,腾讯云,3642560,0.0004,0
authentication-api-05277,2,私有云,3571354,0.0070,5
analytics-api-05278,5,本地部署,4919011,0.0002,0
shipping-api-05279,5,AWS,3442561,0.0029,3
billing-api-05280,4,Azure,1410597,0.0056,0
users-api-05281,3,Google Cloud,3690791,0.0073,0
orders-api-05282,4,阿里云,20511,0.0097,0
payments-api-05283,2,腾讯云,4663358,0.0000,0
inventory-api-05284,3,私有云,3735228,0.0420,0
search-api-05285,5,本地部署,4143202,0.0005,1
notifications-api-05286,4,AWS,2647437,0.0094,2
authentication-api-05287,4,Azure,4438396,0.0834,0
analytics-api-05288,4,Google Cloud,2510128,0.0000,0
shipping-api-05289,4,阿里云,2643323,0.0095,5
billing-api-05290,3,腾讯云,3604844,0.0034,2
users-api-05291,1,私有云,263862,0.0034,2
orders-api-05292,3,本地部署,4028320,0.0091,0
payments-api-05293,5,AWS,2378644,0.0074,0
inventory-api-05294,1,Azure,65951,0.0069,0
search-api-05295,3,Google Cloud,2127862,0.0013,5
notifications-api-05296,3,阿里云,3021867,0.1759,2
authentication-api-05297,2,腾讯云,4763762,0.0257,0
analytics-api-05298,4,私有云,3659254,0.0053,0
shipping-api-05299,1,本地部署,890019,0.0033,0
billing-api-05300,3,AWS,4917853,0.0047,0
users-api-05301,1,Azure,4608403,0.0204,2
orders-api-05302,2,Google Cloud,2754735,0.0094,0
payments-api-05303,4,阿里云,3644598,0.2443,0
inventory-api-05304,4,腾讯云,4661904,0.0000,1
search-api-05305,5,私有云,1047617,0.0065,0
notifications-api-05306,2,本地部署,2142735,0.0000,1
authentication-api-05307,1,AWS,582044,0.0000,0
analytics-api-05308,4,Azure,542592,0.0905,0
shipping-api-05309,5,Google Cloud,3896795,0.1640,0
billing-api-05310,5,阿里云,2289987,0.0015,0
users-api-05311,5,腾讯云,3223056,0.0017,2
orders-api-05312,1,私有云,4467292,0.0042,2
payments-api-05313,2,本地部署,4810536,0.0080,0
inventory-api-05314,3,AWS,2316866,0.0030,1
search-api-05315,3,Azure,4943360,0.0000,1
notifications-api-05316,2,Google Cloud,3340022,0.0000,0
authentication-api-05317,3,阿里云,2128824,0.0158,2
analytics-api-05318,4,腾讯云,1701364,0.0178,5
shipping-api-05319,4,私有云,2346870,0.0099,0
billing-api-05320,4,本地部署,3285574,0.0001,0
users-api-05321,2,AWS,40289,0.0114,0
orders-api-05322,5,Azure,4468203,0.0000,0
payments-api-05323,4,Google Cloud,2685877,0.0058,1
inventory-api-05324,5,阿里云,3961965,0.0009,0
search-api-05325,3,腾讯云,4930449,0.0213,1
notifications-api-05326,3,私有云,4302743,0.0067,3
authentication-api-05327,2,本地部署,405161,0.0012,1
analytics-api-05328,5,AWS,3150921,0.0092,0
shipping-api-05329,4,Azure,3420329,0.0057,0
billing-api-05330,1,Google Cloud,2801702,0.0030,0
users-api-05331,3,阿里云,1492903,0.0080,0
orders-api-05332,2,腾讯云,2564855,0.0070,2
payments-api-05333,5,私有云,1716662,0.0007,1
inventory-api-05334,4,本地部署,1311551,0.0020,0
search-api-05335,4,AWS,1456096,0.0021,0
notifications-api-05336,4,Azure,509809,0.0079,0
authentication-api-05337,2,Google Cloud,3402490,0.0081,0
analytics-api-05338,1,阿里云,2551818,0.0071,0
shipping-api-05339,3,腾讯云,4112603,0.0021,1
billing-api-05340,5,私有云,100828,0.0000,0
users-api-05341,2,本地部署,2715450,0.0094,1
orders-api-05342,1,AWS,3406135,0.0238,0
payments-api-05343,5,Azure,837604,0.0024,1
inventory-api-05344,4,Google Cloud,2659733,0.0044,1
search-api-05345,5,阿里云,2567352,0.0021,1
notifications-api-05346,3,腾讯云,1026735,0.0069,0
authentication-api-05347,5,私有云,3898061,0.0083,0
analytics-api-05348,3,本地部署,3459839,0.0056,0
shipping-api-05349,3,AWS,2994668,0.2259,0
billing-api-05350,2,Azure,4902843,0.0034,0
users-api-05351,2,Google Cloud,3137094,0.0078,5
orders-api-05352,4,阿里云,3234065,0.0116,0
payments-api-05353,4,腾讯云,3175415,0.0000,2
inventory-api-05354,3,私有云,4452167,0.0000,0
search-api-05355,1,本地部署,3850978,0.0000,8
notifications-api-05356,3,AWS,795661,0.0488,8
authentication-api-05357,1,Azure,4632526,0.0007,0
analytics-api-05358,5,Google Cloud,3554041,0.2447,2
shipping-api-05359,1,阿里云,4070072,0.0027,0
billing-api-05360,1,腾讯云,3795262,0.0447,1
users-api-05361,4,私有云,1247944,0.0030,3
orders-api-05362,1,本地部署,2090595,0.0032,0
payments-api-05363,2,AWS,252663,0.0040,1
inventory-api-05364,4,Azure,875901,0.0019,1
search-api-05365,5,Google Cloud,3756129,0.0054,1
notifications-api-05366,5,阿里云,3680923,0.0000,0
authentication-api-05367,2,腾讯云,3267995,0.0279,2
analytics-api-05368,2,私有云,620224,0.0068,2
shipping-api-05369,4,本地部署,4201150,0.0142,1
billing-api-05370,1,AWS,4818366,0.2034,2
users-api-05371,1,Azure,105155,0.0042,1
orders-api-05372,4,Google Cloud,2172474,0.0008,1
payments-api-05373,3,阿里云,3696895,0.0493,0
inventory-api-05374,1,腾讯云,69494,0.0000,1
search-api-05375,2,私有云,204035,0.0021,0
notifications-api-05376,4,本地部署,3991124,0.0090,0
authentication-api-05377,3,AWS,127195,0.0386,5
analytics-api-05378,3,Azure,582310,0.1116,0
shipping-api-05379,3,Google Cloud,1898308,0.0000,0
billing-api-05380,2,阿里云,2766729,0.0040,0
users-api-05381,5,腾讯云,1510735,0.0062,0
orders-api-05382,1,私有云,3395581,0.0085,8
payments-api-05383,2,本地部署,2019725,0.0000,0
inventory-api-05384,4,AWS,1127508,0.0072,0
search-api-05385,3,Azure,2842890,0.0083,8
notifications-api-05386,5,Google Cloud,2181605,0.0035,3
authentication-api-05387,4,阿里云,2284897,0.0083,1
analytics-api-05388,1,腾讯云,699210,0.0082,0
shipping-api-05389,5,私有云,917863,0.0207,2
billing-api-05390,3,本地部署,677282,0.0763,0
users-api-05391,3,AWS,1391070,0.0008,0
orders-api-05392,2,Azure,873775,0.0053,1
payments-api-05393,4,Google Cloud,4208599,0.0038,0
inventory-api-05394,2,阿里云,755496,0.0000,2
search-api-05395,3,腾讯云,3588727,0.0007,13
notifications-api-05396,1,私有云,1621381,0.0358,0
authentication-api-05397,5,本地部署,3104317,0.0023,1
analytics-api-05398,5,AWS,2556254,0.0027,0
shipping-api-05399,5,Azure,4968300,0.0098,1
billing-api-05400,1,Google Cloud,3284841,0.0000,1
users-api-05401,3,阿里云,1410611,0.0020,0
orders-api-05402,2,腾讯云,2805909,0.0319,2
payments-api-05403,4,私有云,1090589,0.0449,8
inventory-api-05404,5,本地部署,2402171,0.0098,2
search-api-05405,5,AWS,2875720,0.0217,0
notifications-api-05406,4,Azure,4021316,0.0100,0
authentication-api-05407,3,Google Cloud,3961848,0.0300,1
analytics-api-05408,4,阿里云,4846315,0.0000,0
shipping-api-05409,4,腾讯云,3400793,0.2504,1
billing-api-05410,3,私有云,651804,0.0040,0
users-api-05411,4,本地部署,964522,0.0000,0
orders-api-05412,3,AWS,701323,0.0040,0
payments-api-05413,2,Azure,283318,0.0056,2
inventory-api-05414,3,Google Cloud,3965543,0.0004,13
search-api-05415,2,阿里云,2015282,0.0051,0
notifications-api-05416,3,腾讯云,2390488,0.0015,0
authentication-api-05417,5,私有云,2390555,0.0000,13
analytics-api-05418,4,本地部署,2497979,0.0056,0
shipping-api-05419,1,AWS,1577115,0.0017,0
billing-api-05420,1,Azure,384486,0.0070,0
users-api-05421,3,Google Cloud,4250812,0.0061,3
orders-api-05422,4,阿里云,3577730,0.0351,0
payments-api-05423,2,腾讯云,1626841,0.0245,5
inventory-api-05424,4,私有云,635288,0.0000,2
search-api-05425,5,本地部署,4415646,0.0285,2
notifications-api-05426,3,AWS,1358785,0.0407,0
authentication-api-05427,1,Azure,1298397,0.0000,0
analytics-api-05428,3,Google Cloud,1337909,0.0053,1
shipping-api-05429,4,阿里云,1445983,0.0016,1
billing-api-05430,4,腾讯云,3374983,0.0024,2
users-api-05431,5,私有云,2131754,0.0058,0
orders-api-05432,4,本地部署,2505254,0.0049,0
payments-api-05433,1,AWS,286822,0.0287,0
inventory-api-05434,3,Azure,4609933,0.2669,1
search-api-05435,3,Google Cloud,4860170,0.0000,1
notifications-api-05436,4,阿里云,2656328,0.0445,0
authentication-api-05437,3,腾讯云,3323407,0.0096,0
analytics-api-05438,2,私有云,1497188,0.0410,0
shipping-api-05439,5,本地部署,1688445,0.1488,0
billing-api-05440,3,AWS,3992287,0.0047,0
users-api-05441,1,Azure,582216,0.0113,1
orders-api-05442,1,Google Cloud,2155627,0.0215,0
payments-api-05443,4,阿里云,2605345,0.0038,0
inventory-api-05444,3,腾讯云,229432,0.0104,0
search-api-05445,1,私有云,221841,0.0513,0
notifications-api-05446,2,本地部署,3454020,0.0059,0
authentication-api-05447,2,AWS,915955,0.0052,1
analytics-api-05448,3,Azure,2313378,0.0358,0
shipping-api-05449,4,Google Cloud,3775945,0.0010,1
billing-api-05450,5,阿里云,1715517,0.0383,0
users-api-05451,3,腾讯云,229715,0.0052,2
orders-api-05452,1,私有云,2078678,0.0043,0
payments-api-05453,1,本地部署,3105881,0.0087,0
inventory-api-05454,1,AWS,1353674,0.0223,0
search-api-05455,5,Azure,1354283,0.0000,5
notifications-api-05456,5,Google Cloud,3483514,0.0455,0
authentication-api-05457,5,阿里云,1044192,0.0023,0
analytics-api-05458,5,腾讯云,1990089,0.0000,0
shipping-api-05459,4,私有云,1027782,0.0000,0
billing-api-05460,4,本地部署,2040794,0.0065,1
users-api-05461,2,AWS,4845588,0.0340,0
orders-api-05462,2,Azure,4996585,0.0083,0
payments-api-05463,5,Google Cloud,3305580,0.0054,0
inventory-api-05464,1,阿里云,2150983,0.0097,0
search-api-05465,5,腾讯云,534713,0.0087,1
notifications-api-05466,1,私有云,192346,0.1876,3
authentication-api-05467,5,本地部署,1953598,0.0033,3
analytics-api-05468,1,AWS,607253,0.0373,1
shipping-api-05469,1,Azure,503389,0.0000,0
billing-api-05470,3,Google Cloud,278379,0.0022,13
users-api-05471,5,阿里云,1523905,0.0160,3
orders-api-05472,2,腾讯云,1298913,0.0077,2
payments-api-05473,3,私有云,2549405,0.0072,1
inventory-api-05474,3,本地部署,1686058,0.0362,5
search-api-05475,5,AWS,600087,0.0023,0
notifications-api-05476,2,Azure,1034005,0.0074,0
authentication-api-05477,2,Google Cloud,1034974,0.0021,0
analytics-api-05478,2,阿里云,832764,0.0000,0
shipping-api-05479,3,腾讯云,1546791,0.0028,0
billing-api-05480,3,私有云,2021139,0.0094,0
users-api-05481,4,本地部署,216177,0.0053,1
orders-api-05482,4,AWS,17376,0.0906,0
payments-api-05483,2,Azure,3666423,0.2818,1
inventory-api-05484,2,Google Cloud,531648,0.0000,3
search-api-05485,5,阿里云,1278899,0.0079,0
notifications-api-05486,1,腾讯云,961222,0.0038,0
authentication-api-05487,4,私有云,3613306,0.0098,1
analytics-api-05488,2,本地部署,448600,0.0056,0
shipping-api-05489,5,AWS,3133403,0.0057,0
billing-api-05490,5,Azure,4037820,0.0022,0
users-api-05491,5,Google Cloud,1871142,0.0068,3
orders-api-05492,5,阿里云,3819497,0.1308,2
payments-api-05493,2,腾讯云,2521641,0.0185,2
inventory-api-05494,3,私有云,580813,0.0058,0
search-api-05495,4,本地部署,4122786,0.2855,0
notifications-api-05496,4,AWS,3509726,0.0073,0
authentication-api-05497,2,Azure,1557722,0.0009,0
analytics-api-05498,2,Google Cloud,3832970,0.0052,0
shipping-api-05499,1,阿里云,4292678,0.0009,0
billing-api-05500,5,腾讯云,294767,0.0000,0
users-api-05501,4,私有云,0,0.0000,0
orders-api-05502,4,本地部署,504019,0.1501,0
payments-api-05503,3,AWS,2289732,0.0000,3
inventory-api-05504,5,Azure,517562,0.0000,0
search-api-05505,2,Google Cloud,2922477,0.0000,0
notifications-api-05506,3,阿里云,3347079,0.0007,2
authentication-api-05507,3,腾讯云,4026109,0.0037,0
analytics-api-05508,1,私有云,3575555,0.0026,0
shipping-api-05509,3,本地部署,3876387,0.0790,0
billing-api-05510,1,AWS,847353,0.0000,0
users-api-05511,5,Azure,519411,0.0085,2
orders-api-05512,3,Google Cloud,4615085,0.0040,1
payments-api-05513,5,阿里云,2332342,0.0000,1
inventory-api-05514,4,腾讯云,2541036,0.0000,0
search-api-05515,1,私有云,645477,0.0029,0
notifications-api-05516,1,本地部署,3694017,0.0019,0
authentication-api-05517,5,AWS,3742701,0.0047,1
analytics-api-05518,1,Azure,648552,0.0080,1
shipping-api-05519,1,Google Cloud,2868697,0.0000,8
billing-api-05520,5,阿里云,1597408,0.0025,0
users-api-05521,5,腾讯云,2234746,0.0098,0
orders-api-05522,3,私有云,4052453,0.0085,1
payments-api-05523,4,本地部署,1927334,0.0039,0
inventory-api-05524,1,AWS,2269980,0.0000,0
search-api-05525,1,Azure,2929976,0.0068,0
notifications-api-05526,4,Google Cloud,4803605,0.0000,5
authentication-api-05527,1,阿里云,4056944,0.0083,0
analytics-api-05528,3,腾讯云,223332,0.0046,2
shipping-api-05529,1,私有云,3581362,0.0097,3
billing-api-05530,2,本地部署,2819100,0.0404,0
users-api-05531,3,AWS,2518887,0.0074,0
orders-api-05532,1,Azure,821156,0.0000,2
payments-api-05533,5,Google Cloud,1189632,0.0001,0
inventory-api-05534,1,阿里云,3538719,0.0067,8
search-api-05535,5,腾讯云,2167101,0.2070,1
notifications-api-05536,2,私有云,584463,0.0014,0
authentication-api-05537,1,本地部署,2458005,0.0050,1
analytics-api-05538,1,AWS,4725030,0.0000,3
shipping-api-05539,4,Azure,2659226,0.0439,0
billing-api-05540,5,Google Cloud,4588673,0.0305,1
users-api-05541,2,阿里云,2420404,0.0067,0
orders-api-05542,5,腾讯云,4249534,0.0010,0
payments-api-05543,4,私有云,1401548,0.0021,1
inventory-api-05544,1,本地部署,94931,0.0123,3
search-api-05545,4,AWS,1174145,0.0032,5
notifications-api-05546,2,Azure,4802200,0.0099,5
authentication-api-05547,1,Google Cloud,4656418,0.0047,0
analytics-api-05548,2,阿里云,663309,0.0095,0
shipping-api-05549,4,腾讯云,1227399,0.0026,0
billing-api-05550,2,私有云,300158,0.0000,3
users-api-05551,5,本地部署,4453691,0.0054,1
orders-api-05552,3,AWS,2795909,0.0031,0
payments-api-05553,5,Azure,22974,0.0006,0
inventory-api-05554,3,Google Cloud,1799522,0.0013,1
search-api-05555,2,阿里云,1430341,0.0032,1
notifications-api-05556,5,腾讯云,796231,0.0034,0
authentication-api-05557,3,私有云,4858756,0.0026,1
analytics-api-05558,3,本地部署,670141,0.0029,0
shipping-api-05559,1,AWS,4119054,0.0058,0
billing-api-05560,2,Azure,323882,0.0433,1
users-api-05561,1,Google Cloud,3623652,0.0024,0
orders-api-05562,3,阿里云,708471,0.0075,0
payments-api-05563,2,腾讯云,1205524,0.0030,5
inventory-api-05564,4,私有云,4213591,0.0076,0
search-api-05565,1,本地部署,4937992,0.0081,3
notifications-api-05566,5,AWS,264160,0.0039,0
authentication-api-05567,3,Azure,3177340,0.0050,3
analytics-api-05568,2,Google Cloud,1725956,0.0181,0
shipping-api-05569,4,阿里云,454512,0.0394,1
billing-api-05570,3,腾讯云,105695,0.0059,2
users-api-05571,4,私有云,3899172,0.0069,1
orders-api-05572,3,本地部署,2496791,0.0188,0
payments-api-05573,1,AWS,4673689,0.0650,0
inventory-api-05574,5,Azure,3953524,0.0033,0
search-api-05575,1,Google Cloud,2655174,0.0017,0
notifications-api-05576,5,阿里云,2865630,0.0000,0
authentication-api-05577,1,腾讯云,3708617,0.0000,0
analytics-api-05578,3,私有云,2244588,0.2432,0
shipping-api-05579,5,本地部署,3625750,0.0030,8
billing-api-05580,2,AWS,3544716,0.0061,0
users-api-05581,3,Azure,743033,0.0041,0
orders-api-05582,4,Google Cloud,1099413,0.0021,2
payments-api-05583,2,阿里云,4774510,0.0099,0
inventory-api-05584,4,腾讯云,754882,0.0080,2
search-api-05585,5,私有云,1898855,0.0087,0
notifications-api-05586,3,本地部署,3748209,0.0057,1
authentication-api-05587,1,AWS,2349038,0.0000,1
analytics-api-05588,2,Azure,2270639,0.0143,1
shipping-api-05589,2,Google Cloud,1895638,0.0649,0
billing-api-05590,1,阿里云,186295,0.0318,0
users-api-05591,5,腾讯云,4986458,0.0008,0
orders-api-05592,5,私有云,3855788,0.0000,0
payments-api-05593,1,本地部署,3206883,0.0088,0
inventory-api-05594,2,AWS,3609365,0.0000,3
search-api-05595,4,Azure,2423160,0.0140,3
notifications-api-05596,5,Google Cloud,4397473,0.0038,0
authentication-api-05597,5,阿里云,4611031,0.0448,1
analytics-api-05598,4,腾讯云,4064988,0.0014,3
shipping-api-05599,3,私有云,1358571,0.0007,0
billing-api-05600,5,本地部署,3106467,0.0000,2
users-api-05601,3,AWS,3534557,0.0069,1
orders-api-05602,2,Azure,569766,0.0065,0
payments-api-05603,1,Google Cloud,4145189,0.0000,0
inventory-api-05604,5,阿里云,4843404,0.0327,1
search-api-05605,3,腾讯云,564641,0.0026,0
notifications-api-05606,4,私有云,3062050,0.0068,0
authentication-api-05607,1,本地部署,1593845,0.0000,1
analytics-api-05608,5,AWS,3056728,0.0000,0
shipping-api-05609,4,Azure,2787592,0.0049,8
billing-api-05610,4,Google Cloud,2801085,0.0043,2
users-api-05611,2,阿里云,4648525,0.0177,0
orders-api-05612,5,腾讯云,1021196,0.0052,0
payments-api-05613,2,私有云,3124435,0.0000,0
inventory-api-05614,4,本地部署,2815671,0.0000,1
search-api-05615,5,AWS,2995911,0.0100,0
notifications-api-05616,5,Azure,3052750,0.0243,0
authentication-api-05617,4,Google Cloud,1858337,0.0018,0
analytics-api-05618,3,阿里云,4188695,0.0093,0
shipping-api-05619,3,腾讯云,512363,0.0102,0
billing-api-05620,4,私有云,2447866,0.0032,1
users-api-05621,2,本地部署,1384605,0.0059,0
orders-api-05622,3,AWS,1819175,0.0450,0
payments-api-05623,3,Azure,1658411,0.0312,0
inventory-api-05624,1,Google Cloud,4708270,0.0058,0
search-api-05625,2,阿里云,350745,0.0058,0
notifications-api-05626,1,腾讯云,36769,0.0082,8
authentication-api-05627,3,私有云,4420702,0.0000,2
analytics-api-05628,2,本地部署,1055126,0.0000,1
shipping-api-05629,5,AWS,4153397,0.0050,0
billing-api-05630,4,Azure,441768,0.0013,1
users-api-05631,3,Google Cloud,3804445,0.0016,2
orders-api-05632,1,阿里云,2656306,0.0093,0
payments-api-05633,5,腾讯云,1654781,0.0000,0
inventory-api-05634,5,私有云,40781,0.0032,0
search-api-05635,2,本地部署,522392,0.0054,3
notifications-api-05636,2,AWS,817074,0.0979,0
authentication-api-05637,3,Azure,1940049,0.0425,0
analytics-api-05638,1,Google Cloud,187120,0.0000,5
shipping-api-05639,1,阿里云,4435967,0.0086,0
billing-api-05640,3,腾讯云,2390621,0.0000,2
users-api-05641,2,私有云,2182213,0.0047,8
orders-api-05642,5,本地部署,559970,0.0104,1
payments-api-05643,5,AWS,4844426,0.0000,3
inventory-api-05644,1,Azure,921936,0.0081,2
search-api-05645,4,Google Cloud,697140,0.0100,0
notifications-api-05646,1,阿里云,937741,0.0020,0
authentication-api-05647,3,腾讯云,3145803,0.0070,0
analytics-api-05648,1,私有云,3549136,0.0011,0
shipping-api-05649,5,本地部署,914244,0.0000,0
billing-api-05650,5,AWS,4453025,0.0071,0
users-api-05651,5,Azure,860492,0.0333,1
orders-api-05652,5,Google Cloud,859185,0.0024,1
payments-api-05653,3,阿里云,4715313,0.0039,1
inventory-api-05654,4,腾讯云,910705,0.0088,1
search-api-05655,3,私有云,1435734,0.0306,3
notifications-api-05656,1,本地部署,4374197,0.0325,1
authentication-api-05657,1,AWS,2449179,0.0015,1
analytics-api-05658,3,Azure,3244901,0.0000,2
shipping-api-05659,1,Google Cloud,2608432,0.1190,1
billing-api-05660,3,阿里云,1912134,0.0061,3
users-api-05661,5,腾讯云,3982637,0.0066,0
orders-api-05662,4,私有云,1508689,0.0021,13
payments-api-05663,4,本地部署,4218836,0.0279,0
inventory-api-05664,2,AWS,4073116,0.0482,2
search-api-05665,2,Azure,1496110,0.0041,0
notifications-api-05666,3,Google Cloud,2701867,0.0068,1
authentication-api-05667,5,阿里云,3476892,0.0042,13
analytics-api-05668,1,腾讯云,3924505,0.0071,0
shipping-api-05669,1,私有云,4941723,0.0056,1
billing-api-05670,3,本地部署,4593800,0.0349,0
users-api-05671,3,AWS,1949321,0.0040,1
orders-api-05672,1,Azure,4692474,0.0048,5
payments-api-05673,5,Google Cloud,4526171,0.0013,8
inventory-api-05674,3,阿里云,3869953,0.0000,8
search-api-05675,2,腾讯云,1118237,0.0379,0
notifications-api-05676,3,私有云,3735468,0.0116,3
authentication-api-05677,3,本地部署,1610403,0.0000,2
analytics-api-05678,4,AWS,4088533,0.0085,1
shipping-api-05679,5,Azure,1046029,0.1666,0
billing-api-05680,2,Google Cloud,1420542,0.0035,5
users-api-05681,5,阿里云,1400959,0.0000,3
orders-api-05682,4,腾讯云,940067,0.0017,2
payments-api-05683,4,私有云,2917492,0.0172,0
inventory-api-05684,5,本地部署,1866944,0.0060,1
search-api-05685,1,AWS,785249,0.0365,5
notifications-api-05686,4,Azure,1116722,0.0010,0
authentication-api-05687,5,Google Cloud,221456,0.0094,5
analytics-api-05688,4,阿里云,1210013,0.0009,1
shipping-api-05689,5,腾讯云,2386511,0.0000,0
billing-api-05690,5,私有云,607424,0.0000,0
users-api-05691,1,本地部署,1031986,0.0000,0
orders-api-05692,3,AWS,90477,0.0996,0
payments-api-05693,1,Azure,1065157,0.0021,3
inventory-api-05694,4,Google Cloud,3070870,0.0027,0
search-api-05695,3,阿里云,3912777,0.0000,0
notifications-api-05696,3,腾讯云,734575,0.0198,0
authentication-api-05697,3,私有云,3728941,0.0000,0
analytics-api-05698,4,本地部署,1395541,0.0083,0
shipping-api-05699,5,AWS,3772661,0.0043,0
billing-api-05700,5,Azure,1171392,0.0007,0
users-api-05701,5,Google Cloud,2619108,0.0246,0
orders-api-05702,5,阿里云,4089284,0.0039,2
payments-api-05703,5,腾讯云,998624,0.0000,0
inventory-api-05704,3,私有云,2918821,0.0037,5
search-api-05705,1,本地部署,3759289,0.0000,0
notifications-api-05706,5,AWS,4747175,0.0010,0
authentication-api-05707,5,Azure,1629477,0.0075,0
analytics-api-05708,2,Google Cloud,1127983,0.0073,0
shipping-api-05709,2,阿里云,721086,0.0464,3
billing-api-05710,1,腾讯云,4170231,0.0081,1
users-api-05711,1,私有云,3042185,0.0003,1
orders-api-05712,1,本地部署,4915704,0.0329,1
payments-api-05713,3,AWS,58675,0.0085,0
inventory-api-05714,1,Azure,2503022,0.0035,0
search-api-05715,4,Google Cloud,229978,0.0042,0
notifications-api-05716,3,阿里云,1259298,0.0000,8
authentication-api-05717,4,腾讯云,551621,0.0279,5
analytics-api-05718,5,私有云,1754660,0.0296,2
shipping-api-05719,1,本地部署,2818623,0.0017,0
billing-api-05720,3,AWS,1697861,0.0058,0
users-api-05721,4,Azure,1197005,0.0096,3
orders-api-05722,1,Google Cloud,4242721,0.0310,1
payments-api-05723,4,阿里云,2619118,0.0268,0
inventory-api-05724,2,腾讯云,4419317,0.0014,0
search-api-05725,3,私有云,208385,0.0097,5
notifications-api-05726,2,本地部署,3274277,0.0086,1
authentication-api-05727,4,AWS,407104,0.0315,0
analytics-api-05728,3,Azure,2779450,0.0060,5
shipping-api-05729,2,Google Cloud,548811,0.0099,0
billing-api-05730,5,阿里云,4562652,0.0240,0
users-api-05731,2,腾讯云,3112789,0.0040,2
orders-api-05732,5,私有云,3306886,0.0013,0
payments-api-05733,1,本地部署,2946353,0.0061,0
inventory-api-05734,5,AWS,4048783,0.0071,0
search-api-05735,4,Azure,1646373,0.0082,0
notifications-api-05736,3,Google Cloud,2550133,0.0195,2
authentication-api-05737,3,阿里云,1434018,0.0258,1
analytics-api-05738,5,腾讯云,3216877,0.0112,0
shipping-api-05739,5,私有云,1758971,0.0026,1
billing-api-05740,4,本地部署,2619103,0.0484,1
users-api-05741,2,AWS,2893627,0.0038,0
orders-api-05742,4,Azure,2867207,0.0136,0
payments-api-05743,3,Google Cloud,4717584,0.0036,0
inventory-api-05744,4,阿里云,1163665,0.0000,2
search-api-05745,1,腾讯云,3233616,0.0025,5
notifications-api-05746,2,私有云,4564445,0.0000,0
authentication-api-05747,5,本地部署,735783,0.0411,0
analytics-api-05748,1,AWS,2311869,0.0051,0
shipping-api-05749,1,Azure,3496414,0.0028,1
billing-api-05750,4,Google Cloud,748277,0.0049,1
users-api-05751,3,阿里云,0,0.0000,0
orders-api-05752,5,腾讯云,719600,0.0000,1
payments-api-05753,1,私有云,462364,0.0066,1
inventory-api-05754,4,本地部署,4834292,0.0065,0
search-api-05755,2,AWS,4602214,0.0079,0
notifications-api-05756,2,Azure,2332766,0.0005,3
authentication-api-05757,2,Google Cloud,4488048,0.0062,1
analytics-api-05758,1,阿里云,4141660,0.0134,1
shipping-api-05759,1,腾讯云,2710670,0.0036,1
billing-api-05760,3,私有云,101156,0.0329,0
users-api-05761,2,本地部署,2639749,0.0000,0
orders-api-05762,5,AWS,1220061,0.0054,0
payments-api-05763,1,Azure,3465538,0.1299,2
inventory-api-05764,1,Google Cloud,2277440,0.0197,0
search-api-05765,5,阿里云,45367,0.0060,0
notifications-api-05766,4,腾讯云,2735840,0.0304,0
authentication-api-05767,1,私有云,2555874,0.0031,0
analytics-api-05768,5,本地部署,480480,0.0006,2
shipping-api-05769,1,AWS,4365128,0.0053,3
billing-api-05770,1,Azure,4399317,0.0360,3
users-api-05771,2,Google Cloud,4938538,0.0091,0
orders-api-05772,4,阿里云,3778060,0.0013,0
payments-api-05773,3,腾讯云,1725672,0.0082,0
inventory-api-05774,1,私有云,3151921,0.0079,0
search-api-05775,4,本地部署,4424605,0.0017,0
notifications-api-05776,2,AWS,236818,0.0018,0
authentication-api-05777,5,Azure,724571,0.0014,0
analytics-api-05778,2,Google Cloud,2224596,0.0054,2
shipping-api-05779,2,阿里云,4227511,0.0368,2
billing-api-05780,3,腾讯云,4611644,0.0070,0
users-api-05781,4,私有云,577728,0.0035,0
orders-api-05782,2,本地部署,2441166,0.0038,0
payments-api-05783,4,AWS,4928482,0.0275,1
inventory-api-05784,2,Azure,3927632,0.0356,1
search-api-05785,3,Google Cloud,2156958,0.0411,2
notifications-api-05786,3,阿里云,1720440,0.0042,2
authentication-api-05787,2,腾讯云,952946,0.0026,2
analytics-api-05788,4,私有云,1463101,0.0053,1
shipping-api-05789,1,本地部署,4065930,0.0040,2
billing-api-05790,1,AWS,1172189,0.0299,0
users-api-05791,4,Azure,421740,0.1230,0
orders-api-05792,1,Google Cloud,3174213,0.0096,0
payments-api-05793,5,阿里云,1375569,0.0087,1
inventory-api-05794,3,腾讯云,321851,0.0097,1
search-api-05795,3,私有云,4168618,0.0000,2
notifications-api-05796,4,本地部署,1739639,0.0017,0
authentication-api-05797,1,AWS,1575994,0.0010,0
analytics-api-05798,4,Azure,655719,0.0047,0
shipping-api-05799,4,Google Cloud,95832,0.0025,1
billing-api-05800,4,阿里云,1900178,0.0013,5
users-api-05801,1,腾讯云,2126241,0.0000,0
orders-api-05802,2,私有云,4243350,0.0048,0
payments-api-05803,3,本地部署,4336811,0.0286,0
inventory-api-05804,3,AWS,3918076,0.0465,0
search-api-05805,2,Azure,1852082,0.0086,0
notifications-api-05806,1,Google Cloud,823808,0.0000,8
authentication-api-05807,3,阿里云,4233058,0.0049,8
analytics-api-05808,2,腾讯云,2685828,0.0049,0
shipping-api-05809,2,私有云,4199270,0.0023,0
billing-api-05810,2,本地部署,3877585,0.0299,0
users-api-05811,1,AWS,3170291,0.0500,0
orders-api-05812,2,Azure,844763,0.0127,0
payments-api-05813,3,Google Cloud,2244040,0.0075,5
inventory-api-05814,5,阿里云,1259344,0.0054,1
search-api-05815,4,腾讯云,4576698,0.0000,0
notifications-api-05816,5,私有云,4080048,0.0120,2
authentication-api-05817,5,本地部署,4906707,0.0000,3
analytics-api-05818,5,AWS,3460732,0.0026,1
shipping-api-05819,4,Azure,4580067,0.0283,0
billing-api-05820,2,Google Cloud,4648838,0.0341,0
users-api-05821,1,阿里云,3107712,0.0088,0
orders-api-05822,3,腾讯云,3090177,0.0000,0
payments-api-05823,2,私有云,517263,0.0072,1
inventory-api-05824,1,本地部署,530600,0.0067,0
search-api-05825,2,AWS,4560812,0.0000,0
notifications-api-05826,3,Azure,689271,0.0067,8
authentication-api-05827,4,Google Cloud,2150056,0.0023,0
analytics-api-05828,3,阿里云,955175,0.0290,0
shipping-api-05829,5,腾讯云,3422750,0.0005,0
billing-api-05830,1,私有云,4568671,0.0048,1
users-api-05831,3,本地部署,2068472,0.0022,0
orders-api-05832,1,AWS,2986832,0.0368,3
payments-api-05833,3,Azure,950551,0.0000,3
inventory-api-05834,3,Google Cloud,3725344,0.0000,0
search-api-05835,4,阿里云,617346,0.0042,2
notifications-api-05836,5,腾讯云,3406062,0.0019,0
authentication-api-05837,1,私有云,4740070,0.0039,0
analytics-api-05838,1,本地部署,1228192,0.0151,0
shipping-api-05839,5,AWS,1301438,0.2592,0
billing-api-05840,2,Azure,4317693,0.0090,0
users-api-05841,4,Google Cloud,4538389,0.0339,3
orders-api-05842,5,阿里云,15994,0.0721,0
payments-api-05843,1,腾讯云,2914291,0.0038,0
inventory-api-05844,4,私有云,225758,0.0030,0
search-api-05845,5,本地部署,4145057,0.0911,0
notifications-api-05846,1,AWS,4452680,0.0006,0
authentication-api-05847,2,Azure,2418125,0.0075,0
analytics-api-05848,4,Google Cloud,2633402,0.0041,0
shipping-api-05849,2,阿里云,3718031,0.0324,0
billing-api-05850,5,腾讯云,4874526,0.0068,8
users-api-05851,2,私有云,3215999,0.0058,0
orders-api-05852,5,本地部署,4204078,0.0062,0
payments-api-05853,1,AWS,4446802,0.0000,1
inventory-api-05854,3,Azure,1181738,0.0040,0
search-api-05855,5,Google Cloud,4251816,0.0000,1
notifications-api-05856,2,阿里云,1539336,0.0019,0
authentication-api-05857,4,腾讯云,414055,0.0011,1
analytics-api-05858,3,私有云,3918133,0.1859,0
shipping-api-05859,4,本地部署,49897,0.0012,0
billing-api-05860,4,AWS,2621046,0.0287,3
users-api-05861,1,Azure,128760,0.0097,2
orders-api-05862,1,Google Cloud,3393342,0.0016,0
payments-api-05863,1,阿里云,2329959,0.2110,1
inventory-api-05864,3,腾讯云,1888587,0.0365,0
search-api-05865,3,私有云,1130946,0.0000,3
notifications-api-05866,1,本地部署,927307,0.0038,0
authentication-api-05867,4,AWS,4312873,0.0035,8
analytics-api-05868,4,Azure,2354735,0.0078,1
shipping-api-05869,5,Google Cloud,4247773,0.1258,1
billing-api-05870,1,阿里云,3134222,0.0067,13
users-api-05871,2,腾讯云,2078587,0.0029,2
orders-api-05872,3,私有云,4075470,0.0038,0
payments-api-05873,1,本地部署,129570,0.0055,0
inventory-api-05874,2,AWS,2817014,0.0071,0
search-api-05875,5,Azure,4153341,0.0024,1
notifications-api-05876,5,Google Cloud,2057423,0.0782,1
authentication-api-05877,1,阿里云,2511401,0.0048,5
analytics-api-05878,2,腾讯云,3519154,0.0071,0
shipping-api-05879,1,私有云,4407246,0.0001,0
billing-api-05880,3,本地部署,643084,0.0129,0
users-api-05881,4,AWS,4342904,0.0000,3
orders-api-05882,2,Azure,1748900,0.0046,1
payments-api-05883,2,Google Cloud,4697059,0.0087,0
inventory-api-05884,2,阿里云,3381232,0.0073,5
search-api-05885,5,腾讯云,3018316,0.0083,0
notifications-api-05886,3,私有云,4043091,0.0097,2
authentication-api-05887,2,本地部署,1410325,0.0093,2
analytics-api-05888,4,AWS,2938006,0.0000,0
shipping-api-05889,4,Azure,3762964,0.2753,0
billing-api-05890,3,Google Cloud,3119394,0.0000,0
users-api-05891,5,阿里云,1781373,0.0308,2
orders-api-05892,5,腾讯云,1921438,0.0026,3
payments-api-05893,2,私有云,1907517,0.1525,1
inventory-api-05894,4,本地部署,4569880,0.0072,0
search-api-05895,1,AWS,4972629,0.0070,1
notifications-api-05896,3,Azure,3380311,0.0014,3
authentication-api-05897,5,Google Cloud,2482888,0.0024,0
analytics-api-05898,3,阿里云,3826153,0.0032,0
shipping-api-05899,5,腾讯云,1682163,0.0055,2
billing-api-05900,3,私有云,4053626,0.0087,1
users-api-05901,1,本地部署,4794683,0.0037,0
orders-api-05902,5,AWS,99229,0.0000,3
payments-api-05903,2,Azure,2834922,0.0063,0
inventory-api-05904,2,Google Cloud,402076,0.0008,3
search-api-05905,5,阿里云,280483,0.0000,0
notifications-api-05906,3,腾讯云,1971689,0.0011,0
authentication-api-05907,1,私有云,4265427,0.0423,0
analytics-api-05908,1,本地部署,1623886,0.0030,0
shipping-api-05909,4,AWS,3308400,0.0067,3
billing-api-05910,1,Azure,1524884,0.0046,0
users-api-05911,5,Google Cloud,4019256,0.0067,1
orders-api-05912,1,阿里云,3490824,0.0053,5
payments-api-05913,5,腾讯云,2090417,0.0231,0
inventory-api-05914,2,私有云,1271794,0.0025,0
search-api-05915,2,本地部署,4068783,0.0201,1
notifications-api-05916,1,AWS,1709381,0.0000,1
authentication-api-05917,4,Azure,3047594,0.0030,0
analytics-api-05918,3,Google Cloud,1397435,0.0037,0
shipping-api-05919,1,阿里云,2242881,0.0000,8
billing-api-05920,1,腾讯云,4267955,0.0031,0
users-api-05921,4,私有云,4558005,0.0105,1
orders-api-05922,2,本地部署,4855564,0.0000,2
payments-api-05923,1,AWS,4314860,0.0080,0
inventory-api-05924,1,Azure,1467241,0.0075,1
search-api-05925,1,Google Cloud,1796868,0.0085,0
notifications-api-05926,1,阿里云,4422661,0.0195,2
authentication-api-05927,4,腾讯云,4153787,0.0060,0
analytics-api-05928,2,私有云,4954166,0.0087,1
shipping-api-05929,4,本地部署,4749625,0.0058,0
billing-api-05930,5,AWS,4320462,0.0000,0
users-api-05931,3,Azure,4647763,0.0049,1
orders-api-05932,5,Google Cloud,2542138,0.0000,0
payments-api-05933,4,阿里云,1832882,0.0340,0
inventory-api-05934,3,腾讯云,4810069,0.0475,0
search-api-05935,2,私有云,3055352,0.0083,0
notifications-api-05936,2,本地部署,2507272,0.0077,0
authentication-api-05937,2,AWS,1524872,0.0079,3
analytics-api-05938,1,Azure,1782042,0.0096,0
shipping-api-05939,5,Google Cloud,2382055,0.1549,1
billing-api-05940,5,阿里云,4476926,0.0154,0
users-api-05941,1,腾讯云,2758341,0.0098,3
orders-api-05942,2,私有云,1553933,0.0035,3
payments-api-05943,3,本地部署,497652,0.0439,1
inventory-api-05944,2,AWS,3128944,0.0189,0
search-api-05945,5,Azure,4317220,0.0250,8
notifications-api-05946,2,Google Cloud,4537298,0.0000,1
authentication-api-05947,3,阿里云,4663917,0.0211,2
analytics-api-05948,1,腾讯云,659825,0.0042,0
shipping-api-05949,1,私有云,1850057,0.0000,8
billing-api-05950,3,本地部署,1595331,0.0066,2
users-api-05951,1,AWS,4918301,0.2761,0
orders-api-05952,4,Azure,1744004,0.0045,0
payments-api-05953,3,Google Cloud,4154539,0.0073,1
inventory-api-05954,5,阿里云,4368556,0.0470,0
search-api-05955,2,腾讯云,2649982,0.0071,0
notifications-api-05956,4,私有云,1986491,0.0465,0
authentication-api-05957,3,本地部署,1747668,0.0100,0
analytics-api-05958,1,AWS,4121677,0.2709,1
shipping-api-05959,5,Azure,4959316,0.0093,0
billing-api-05960,3,Google Cloud,2930773,0.0084,1
users-api-05961,4,阿里云,4560402,0.0000,2
orders-api-05962,3,腾讯云,4674686,0.0000,0
payments-api-05963,1,私有云,629492,0.0000,2
inventory-api-05964,1,本地部署,3479305,0.0111,5
search-api-05965,4,AWS,1491583,0.0052,1
notifications-api-05966,4,Azure,3189505,0.0190,0
authentication-api-05967,4,Google Cloud,3813984,0.0041,0
analytics-api-05968,2,阿里云,2325316,0.0000,0
shipping-api-05969,2,腾讯云,3699909,0.0246,0
billing-api-05970,5,私有云,1265286,0.1405,1
users-api-05971,4,本地部署,129730,0.0063,1
orders-api-05972,2,AWS,485657,0.0066,0
payments-api-05973,2,Azure,3486184,0.0028,0
inventory-api-05974,4,Google Cloud,4010794,0.0018,0
search-api-05975,3,阿里云,1765187,0.0054,0
notifications-api-05976,4,腾讯云,953428,0.0032,0
authentication-api-05977,3,私有云,346208,0.0040,0
analytics-api-05978,3,本地部署,1026942,0.0035,0
shipping-api-05979,5,AWS,2213866,0.0031,0
billing-api-05980,3,Azure,4193767,0.0000,8
users-api-05981,4,Google Cloud,3719342,0.0446,5
orders-api-05982,5,阿里云,414452,0.0035,1
payments-api-05983,4,腾讯云,3436248,0.0023,0
inventory-api-05984,1,私有云,4729891,0.1721,1
search-api-05985,3,本地部署,4665632,0.0055,3
notifications-api-05986,1,AWS,4186161,0.0000,1
authentication-api-05987,2,Azure,1771294,0.0000,3
analytics-api-05988,1,Google Cloud,3223768,0.0000,5
shipping-api-05989,5,阿里云,2309297,0.0060,0
billing-api-05990,2,腾讯云,2223794,0.0072,1
users-api-05991,1,私有云,1965720,0.0433,0
orders-api-05992,5,本地部署,3639207,0.0946,1
payments-api-05993,4,AWS,4259396,0.0248,0
inventory-api-05994,4,Azure,3769019,0.0000,0
search-api-05995,2,Google Cloud,1851885,0.0175,0
notifications-api-05996,3,阿里云,3914286,0.0100,2
authentication-api-05997,5,腾讯云,3328599,0.0248,2
analytics-api-05998,2,私有云,1127057,0.0068,0
shipping-api-05999,1,本地部署,3709799,0.0018,1
billing-api-06000,2,AWS,2133103,0.0054,8
users-api-06001,3,Azure,0,0.0000,0
orders-api-06002,5,Google Cloud,4982162,0.0031,0
payments-api-06003,3,阿里云,4418497,0.0016,0
inventory-api-06004,5,腾讯云,1014657,0.0038,0
search-api-06005,2,私有云,1001171,0.0036,1
notifications-api-06006,4,本地部署,2875655,0.0000,1
authentication-api-06007,1,AWS,3139785,0.0000,0
analytics-api-06008,3,Azure,4714511,0.1740,0
shipping-api-06009,4,Google Cloud,1220291,0.0000,0
billing-api-06010,2,阿里云,3658493,0.0010,3
users-api-06011,1,腾讯云,4069161,0.0000,0
orders-api-06012,1,私有云,416802,0.0091,2
payments-api-06013,1,本地部署,3654487,0.0014,8
inventory-api-06014,3,AWS,3430311,0.0000,0
search-api-06015,4,Azure,4483738,0.0000,1
notifications-api-06016,1,Google Cloud,2471523,0.0005,0
authentication-api-06017,2,阿里云,1971366,0.0010,0
analytics-api-06018,5,腾讯云,3515684,0.0051,1
shipping-api-06019,3,私有云,379577,0.0016,0
billing-api-06020,2,本地部署,2164022,0.0067,13
users-api-06021,5,AWS,2742634,0.0069,0
orders-api-06022,1,Azure,576824,0.0035,2
payments-api-06023,1,Google Cloud,2591854,0.0000,3
inventory-api-06024,4,阿里云,268423,0.0047,1
search-api-06025,4,腾讯云,4945501,0.0470,0
notifications-api-06026,3,私有云,1914341,0.0017,0
authentication-api-06027,5,本地部署,4565890,0.0204,13
analytics-api-06028,3,AWS,638515,0.0010,2
shipping-api-06029,3,Azure,4269034,0.0000,2
billing-api-06030,1,Google Cloud,3924196,0.0097,1
users-api-06031,2,阿里云,3609924,0.0005,0
orders-api-06032,2,腾讯云,1406677,0.0238,0
payments-api-06033,2,私有云,1965869,0.0076,1
inventory-api-06034,3,本地部署,1906968,0.0021,0
search-api-06035,1,AWS,428195,0.0098,0
notifications-api-06036,1,Azure,615258,0.0062,0
authentication-api-06037,3,Google Cloud,2493173,0.0057,1
analytics-api-06038,3,阿里云,4443714,0.0085,0
shipping-api-06039,1,腾讯云,960936,0.0182,0
billing-api-06040,5,私有云,2886234,0.1102,0
users-api-06041,4,本地部署,4413197,0.0520,1
orders-api-06042,4,AWS,2468714,0.0053,1
payments-api-06043,5,Azure,2434567,0.2751,0
inventory-api-06044,4,Google Cloud,2245716,0.0085,1
search-api-06045,2,阿里云,2820089,0.0087,0
notifications-api-06046,4,腾讯云,722085,0.0000,0
authentication-api-06047,2,私有云,2494666,0.1710,0
analytics-api-06048,5,本地部署,4801113,0.0068,1
shipping-api-06049,5,AWS,2472363,0.0040,1
billing-api-06050,2,Azure,2867807,0.0039,1
users-api-06051,2,Google Cloud,1003234,0.0000,0
orders-api-06052,1,阿里云,4361916,0.1099,5
payments-api-06053,2,腾讯云,3654258,0.0074,0
inventory-api-06054,1,私有云,1234843,0.0330,1
search-api-06055,5,本地部署,1580645,0.0205,2
notifications-api-06056,1,AWS,1494621,0.0098,1
authentication-api-06057,1,Azure,4742050,0.0129,2
analytics-api-06058,4,Google Cloud,1019384,0.0073,0
shipping-api-06059,1,阿里云,2706421,0.0000,0
billing-api-06060,1,腾讯云,3470192,0.0000,0
users-api-06061,1,私有云,4470113,0.0000,0
orders-api-06062,2,本地部署,15262,0.0054,1
payments-api-06063,2,AWS,3068823,0.0095,1
inventory-api-06064,5,Azure,3248757,0.0479,0
search-api-06065,3,Google Cloud,3918810,0.0054,0
notifications-api-06066,5,阿里云,622773,0.0078,0
authentication-api-06067,1,腾讯云,2125511,0.0015,0
analytics-api-06068,1,私有云,3547721,0.0007,1
shipping-api-06069,5,本地部署,284241,0.0057,2
billing-api-06070,5,AWS,1205569,0.0038,0
users-api-06071,3,Azure,3829916,0.0000,3
orders-api-06072,3,Google Cloud,1373479,0.0009,0
payments-api-06073,3,阿里云,7898,0.0282,8
inventory-api-06074,1,腾讯云,1388067,0.0000,13
search-api-06075,1,私有云,393250,0.0012,8
notifications-api-06076,3,本地部署,24334,0.0000,2
authentication-api-06077,2,AWS,3786736,0.0076,3
analytics-api-06078,3,Azure,2471055,0.0468,5
shipping-api-06079,2,Google Cloud,4763535,0.0049,5
billing-api-06080,1,阿里云,3460692,0.0066,1
users-api-06081,5,腾讯云,3053154,0.0000,0
orders-api-06082,4,私有云,876196,0.0035,1
payments-api-06083,5,本地部署,4762964,0.0000,3
inventory-api-06084,1,AWS,4695564,0.0014,0
search-api-06085,4,Azure,2231314,0.0056,1
notifications-api-06086,3,Google Cloud,3590020,0.0351,0
authentication-api-06087,5,阿里云,311121,0.0020,2
analytics-api-06088,5,腾讯云,2009934,0.0092,3
shipping-api-06089,3,私有云,1366661,0.0000,5
billing-api-06090,1,本地部署,1014453,0.0008,0
users-api-06091,3,AWS,750651,0.0004,0
orders-api-06092,5,Azure,3758071,0.0092,5
payments-api-06093,3,Google Cloud,2268448,0.0010,3
inventory-api-06094,1,阿里云,601688,0.0221,8
search-api-06095,1,腾讯云,2380042,0.0035,0
notifications-api-06096,5,私有云,1236260,0.0032,3
authentication-api-06097,1,本地部署,2322568,0.0043,0
analytics-api-06098,4,AWS,2243560,0.0082,1
shipping-api-06099,5,Azure,2891594,0.0363,1
billing-api-06100,4,Google Cloud,3365582,0.0000,8
users-api-06101,1,阿里云,735872,0.0000,0
orders-api-06102,5,腾讯云,3222527,0.0035,0
payments-api-06103,4,私有云,4876347,0.0083,0
inventory-api-06104,1,本地部署,4548988,0.1833,0
search-api-06105,3,AWS,2422160,0.0005,0
notifications-api-06106,4,Azure,2838304,0.0063,8
authentication-api-06107,5,Google Cloud,2881666,0.0067,1
analytics-api-06108,1,阿里云,2376972,0.0027,0
shipping-api-06109,4,腾讯云,589619,0.0069,0
billing-api-06110,2,私有云,3558754,0.0301,0
users-api-06111,1,本地部署,3569197,0.0025,0
orders-api-06112,1,AWS,4193214,0.0075,0
payments-api-06113,1,Azure,406422,0.0046,1
inventory-api-06114,3,Google Cloud,804612,0.0050,5
search-api-06115,3,阿里云,152283,0.0005,1
notifications-api-06116,4,腾讯云,2227108,0.0006,2
authentication-api-06117,4,私有云,1184030,0.0024,0
analytics-api-06118,4,本地部署,3210245,0.0314,0
shipping-api-06119,4,AWS,1946407,0.0063,5
billing-api-06120,4,Azure,3537966,0.0037,0
users-api-06121,2,Google Cloud,1441742,0.0000,0
orders-api-06122,4,阿里云,867439,0.0000,5
payments-api-06123,3,腾讯云,2369677,0.0051,0
inventory-api-06124,1,私有云,3078372,0.0479,0
search-api-06125,4,本地部署,678880,0.0000,0
notifications-api-06126,5,AWS,4459804,0.0054,5
authentication-api-06127,3,Azure,3526784,0.0183,0
analytics-api-06128,3,Google Cloud,4941658,0.0042,0
shipping-api-06129,3,阿里云,1851389,0.2965,0
billing-api-06130,5,腾讯云,1396063,0.0008,0
users-api-06131,4,私有云,3040138,0.0078,0
orders-api-06132,2,本地部署,2091160,0.0036,0
payments-api-06133,2,AWS,1560792,0.0037,0
inventory-api-06134,5,Azure,1456216,0.0482,0
search-api-06135,5,Google Cloud,4381423,0.0000,0
notifications-api-06136,1,阿里云,3685541,0.1305,0
authentication-api-06137,2,腾讯云,3142400,0.0019,1
analytics-api-06138,2,私有云,4731040,0.0062,0
shipping-api-06139,2,本地部署,1040094,0.0041,0
billing-api-06140,3,AWS,4152641,0.2018,3
users-api-06141,2,Azure,2912836,0.0098,0
orders-api-06142,4,Google Cloud,1920596,0.0000,0
payments-api-06143,5,阿里云,3170241,0.0075,8
inventory-api-06144,4,腾讯云,2883524,0.0097,0
search-api-06145,1,私有云,816871,0.1141,8
notifications-api-06146,4,本地部署,877015,0.0072,2
authentication-api-06147,5,AWS,1662882,0.0037,0
analytics-api-06148,4,Azure,69318,0.0089,1
shipping-api-06149,3,Google Cloud,2905285,0.0048,3
billing-api-06150,1,阿里云,3080104,0.0094,1
users-api-06151,1,腾讯云,391853,0.0068,0
orders-api-06152,2,私有云,3552658,0.0061,0
payments-api-06153,2,本地部署,736320,0.0000,0
inventory-api-06154,3,AWS,1239524,0.0175,1
search-api-06155,3,Azure,1633964,0.0056,0
notifications-api-06156,3,Google Cloud,1260623,0.0015,1
authentication-api-06157,3,阿里云,3141921,0.0082,0
analytics-api-06158,4,腾讯云,2367444,0.0071,0
shipping-api-06159,2,私有云,1159514,0.0151,0
billing-api-06160,3,本地部署,1403942,0.0151,1
users-api-06161,4,AWS,3034646,0.0176,0
orders-api-06162,3,Azure,2232504,0.0035,0
payments-api-06163,4,Google Cloud,3470410,0.0346,0
inventory-api-06164,1,阿里云,1741912,0.0022,1
search-api-06165,4,腾讯云,146678,0.0052,0
notifications-api-06166,1,私有云,3807410,0.0000,3
authentication-api-06167,5,本地部署,1322364,0.0040,1
analytics-api-06168,3,AWS,3993269,0.0423,3
shipping-api-06169,4,Azure,4271966,0.0100,1
billing-api-06170,5,Google Cloud,4881371,0.0086,0
users-api-06171,2,阿里云,3945342,0.0033,0
orders-api-06172,5,腾讯云,3489703,0.0000,1
payments-api-06173,4,私有云,3587493,0.0031,0
inventory-api-06174,1,本地部署,1901758,0.0059,0
search-api-06175,5,AWS,3555518,0.0079,1
notifications-api-06176,4,Azure,3899554,0.0401,3
authentication-api-06177,4,Google Cloud,1782659,0.0000,0
analytics-api-06178,5,阿里云,3363655,0.0045,0
shipping-api-06179,4,腾讯云,1134519,0.0067,3
billing-api-06180,5,私有云,1242380,0.0231,0
users-api-06181,5,本地部署,4671999,0.0415,0
orders-api-06182,2,AWS,2706945,0.0389,0
payments-api-06183,5,Azure,3182108,0.0207,0
inventory-api-06184,5,Google Cloud,4468688,0.0029,3
search-api-06185,3,阿里云,1713070,0.0337,0
notifications-api-06186,3,腾讯云,2912068,0.0073,0
authentication-api-06187,5,私有云,3541904,0.0014,0
analytics-api-06188,2,本地部署,724638,0.0119,2
shipping-api-06189,5,AWS,548162,0.0063,1
billing-api-06190,5,Azure,3425303,0.0045,2
users-api-06191,5,Google Cloud,4024401,0.0000,1
orders-api-06192,3,阿里云,3032522,0.0281,0
payments-api-06193,4,腾讯云,2871021,0.0079,0
inventory-api-06194,2,私有云,1333346,0.0393,1
search-api-06195,2,本地部署,4905235,0.0048,1
notifications-api-06196,1,AWS,4907251,0.0360,8
authentication-api-06197,4,Azure,2913110,0.0073,1
analytics-api-06198,3,Google Cloud,1535934,0.0100,1
shipping-api-06199,5,阿里云,851731,0.0095,0
billing-api-06200,5,腾讯云,1043856,0.0000,0
users-api-06201,3,私有云,894042,0.0069,0
orders-api-06202,4,本地部署,3165956,0.0032,0
payments-api-06203,1,AWS,2762861,0.0068,0
inventory-api-06204,4,Azure,1472243,0.0006,1
search-api-06205,5,Google Cloud,4710286,0.1042,0
notifications-api-06206,2,阿里云,1033194,0.0073,0
authentication-api-06207,3,腾讯云,1877972,0.0604,5
analytics-api-06208,5,私有云,1657900,0.0071,0
shipping-api-06209,5,本地部署,4997507,0.0100,0
billing-api-06210,4,AWS,2219214,0.0131,0
users-api-06211,3,Azure,3584465,0.0015,2
orders-api-06212,2,Google Cloud,682865,0.0003,1
payments-api-06213,4,阿里云,2398956,0.0372,1
inventory-api-06214,5,腾讯云,3703296,0.0000,0
search-api-06215,1,私有云,3238949,0.0061,5
notifications-api-06216,1,本地部署,2364328,0.0095,0
authentication-api-06217,4,AWS,216307,0.0036,0
analytics-api-06218,3,Azure,1767240,0.0033,0
shipping-api-06219,2,Google Cloud,4004605,0.0019,5
billing-api-06220,2,阿里云,4121875,0.0015,1
users-api-06221,2,腾讯云,4923285,0.0000,0
orders-api-06222,2,私有云,3283825,0.0266,0
payments-api-06223,4,本地部署,2583078,0.0097,1
inventory-api-06224,1,AWS,2839432,0.0071,0
search-api-06225,1,Azure,1891283,0.0063,0
notifications-api-06226,2,Google Cloud,1649452,0.0278,2
authentication-api-06227,1,阿里云,98042,0.0096,0
analytics-api-06228,1,腾讯云,4564002,0.0090,0
shipping-api-06229,2,私有云,4458261,0.0070,3
billing-api-06230,2,本地部署,712726,0.0027,3
users-api-06231,2,AWS,2998137,0.0000,3
orders-api-06232,3,Azure,3039635,0.0136,2
payments-api-06233,4,Google Cloud,1000920,0.0056,0
inventory-api-06234,2,阿里云,3710127,0.0199,1
search-api-06235,5,腾讯云,980317,0.0038,2
notifications-api-06236,1,私有云,1427015,0.0000,0
authentication-api-06237,4,本地部署,2671312,0.0074,0
analytics-api-06238,3,AWS,1901959,0.0395,0
shipping-api-06239,5,Azure,1245806,0.0066,1
billing-api-06240,3,Google Cloud,1444664,0.0437,0
users-api-06241,2,阿里云,1221730,0.2406,0
orders-api-06242,2,腾讯云,2036322,0.0000,2
payments-api-06243,2,私有云,2388281,0.0000,5
inventory-api-06244,1,本地部署,627107,0.0000,0
search-api-06245,1,AWS,1235040,0.0010,0
notifications-api-06246,2,Azure,764307,0.0008,0
authentication-api-06247,5,Google Cloud,834948,0.0032,1
analytics-api-06248,2,阿里云,4108485,0.0000,1
shipping-api-06249,4,腾讯云,3006658,0.0019,1
billing-api-06250,1,私有云,119948,0.0028,0
users-api-06251,2,本地部署,0,0.0000,0
orders-api-06252,4,AWS,1945710,0.0416,3
payments-api-06253,4,Azure,4475444,0.0005,2
inventory-api-06254,4,Google Cloud,2398893,0.0210,0
search-api-06255,4,阿里云,2040296,0.0046,1
notifications-api-06256,4,腾讯云,1021906,0.0032,8
authentication-api-06257,3,私有云,1021601,0.0000,0
analytics-api-06258,4,本地部署,1862288,0.0119,5
shipping-api-06259,3,AWS,3235270,0.0053,0
billing-api-06260,4,Azure,1359479,0.0000,3
users-api-06261,3,Google Cloud,563303,0.0066,3
orders-api-06262,2,阿里云,1861123,0.0055,3
payments-api-06263,4,腾讯云,2876426,0.0235,0
inventory-api-06264,5,私有云,3716717,0.0407,3
search-api-06265,3,本地部署,3520742,0.0060,0
notifications-api-06266,4,AWS,3939312,0.0000,0
authentication-api-06267,4,Azure,2313280,0.0055,0
analytics-api-06268,1,Google Cloud,2571293,0.0209,2
shipping-api-06269,5,阿里云,751703,0.0051,0
billing-api-06270,3,腾讯云,1383063,0.0032,0
users-api-06271,4,私有云,3258819,0.0096,0
orders-api-06272,2,本地部署,3664997,0.0049,1
payments-api-06273,2,AWS,2430161,0.0046,5
inventory-api-06274,3,Azure,1527302,0.0021,1
search-api-06275,1,Google Cloud,3467818,0.0004,0
notifications-api-06276,1,阿里云,1088217,0.0005,0
authentication-api-06277,1,腾讯云,3262671,0.0157,0
analytics-api-06278,4,私有云,1036447,0.0000,0
shipping-api-06279,1,本地部署,4043677,0.0491,1
billing-api-06280,2,AWS,3305272,0.0044,0
users-api-06281,1,Azure,1268751,0.0087,1
orders-api-06282,5,Google Cloud,4874028,0.0401,1
payments-api-06283,1,阿里云,1191699,0.0001,0
inventory-api-06284,5,腾讯云,4050390,0.0114,3
search-api-06285,5,私有云,4885524,0.0024,0
notifications-api-06286,1,本地部署,636655,0.0020,1
authentication-api-06287,1,AWS,3628765,0.0389,5
analytics-api-06288,4,Azure,4751920,0.0018,1
shipping-api-06289,3,Google Cloud,3603610,0.0092,0
billing-api-06290,3,阿里云,4479025,0.0003,0
users-api-06291,5,腾讯云,4970098,0.0060,0
orders-api-06292,4,私有云,308890,0.0350,0
payments-api-06293,5,本地部署,4447839,0.0050,0
inventory-api-06294,4,AWS,3363559,0.0023,0
search-api-06295,2,Azure,3950917,0.0000,8
notifications-api-06296,3,Google Cloud,3156523,0.1013,0
authentication-api-06297,4,阿里云,445191,0.0010,3
analytics-api-06298,1,腾讯云,3691971,0.0051,13
shipping-api-06299,1,私有云,4018423,0.0053,0
billing-api-06300,2,本地部署,3789776,0.0015,0
users-api-06301,1,AWS,1205788,0.0232,0
orders-api-06302,5,Azure,891272,0.0019,0
payments-api-06303,5,Google Cloud,2156352,0.0065,2
inventory-api-06304,4,阿里云,4985905,0.0044,1
search-api-06305,4,腾讯云,740668,0.0069,5
notifications-api-06306,4,私有云,3259744,0.0057,1
authentication-api-06307,4,本地部署,2977493,0.0039,3
analytics-api-06308,2,AWS,3715146,0.0075,0
shipping-api-06309,1,Azure,732071,0.0011,1
billing-api-06310,5,Google Cloud,839679,0.0202,0
users-api-06311,2,阿里云,3578310,0.0010,1
orders-api-06312,1,腾讯云,2385669,0.0000,0
payments-api-06313,2,私有云,1206374,0.0079,0
inventory-api-06314,5,本地部署,4445680,0.0073,0
search-api-06315,1,AWS,3252853,0.0018,0
notifications-api-06316,4,Azure,2472839,0.0014,2
authentication-api-06317,2,Google Cloud,1178509,0.0089,0
analytics-api-06318,1,阿里云,2686146,0.0140,2
shipping-api-06319,2,腾讯云,102328,0.0080,1
billing-api-06320,1,私有云,4665675,0.0172,0
users-api-06321,5,本地部署,1804817,0.0075,0
orders-api-06322,5,AWS,4649574,0.0008,0
payments-api-06323,2,Azure,1428658,0.0341,0
inventory-api-06324,3,Google Cloud,2268826,0.0006,0
search-api-06325,3,阿里云,1464020,0.0077,0
notifications-api-06326,4,腾讯云,4649668,0.0052,0
authentication-api-06327,4,私有云,1553510,0.0084,0
analytics-api-06328,2,本地部署,646075,0.0000,1
shipping-api-06329,1,AWS,3842422,0.0024,1
billing-api-06330,1,Azure,84775,0.0064,1
users-api-06331,5,Google Cloud,4503614,0.0097,0
orders-api-06332,3,阿里云,3352061,0.0035,0
payments-api-06333,3,腾讯云,3791355,0.0012,0
inventory-api-06334,5,私有云,592977,0.0011,3
search-api-06335,3,本地部署,4782810,0.0420,3
notifications-api-06336,5,AWS,4079912,0.0112,0
authentication-api-06337,4,Azure,2145135,0.0073,3
analytics-api-06338,1,Google Cloud,1085645,0.2337,1
shipping-api-06339,1,阿里云,4534966,0.0000,0
billing-api-06340,1,腾讯云,463663,0.0036,0
users-api-06341,5,私有云,4569365,0.0002,1
orders-api-06342,2,本地部署,4379997,0.0032,0
payments-api-06343,1,AWS,1673649,0.0099,0
inventory-api-06344,2,Azure,2242604,0.0128,1
search-api-06345,3,Google Cloud,535688,0.0003,0
notifications-api-06346,1,阿里云,3695168,0.0151,0
authentication-api-06347,4,腾讯云,2482873,0.0241,1
analytics-api-06348,2,私有云,196241,0.0000,1
shipping-api-06349,2,本地部署,2928829,0.0086,5
billing-api-06350,3,AWS,4546534,0.0358,2
users-api-06351,1,Azure,1952560,0.0058,0
orders-api-06352,5,Google Cloud,1985247,0.0000,0
payments-api-06353,1,阿里云,1081512,0.0040,0
inventory-api-06354,1,腾讯云,904077,0.0100,5
search-api-06355,4,私有云,3577600,0.0007,1
notifications-api-06356,4,本地部署,602694,0.0000,0
authentication-api-06357,3,AWS,1518775,0.0065,0
analytics-api-06358,3,Azure,2267652,0.1144,0
shipping-api-06359,5,Google Cloud,1692373,0.0469,0
billing-api-06360,1,阿里云,98232,0.0062,1
users-api-06361,5,腾讯云,4478013,0.0081,0
orders-api-06362,1,私有云,4133807,0.0410,0
payments-api-06363,4,本地部署,1985187,0.0032,0
inventory-api-06364,2,AWS,426249,0.0061,0
search-api-06365,2,Azure,3046631,0.0088,0
notifications-api-06366,4,Google Cloud,286072,0.0000,2
authentication-api-06367,5,阿里云,1964876,0.0022,0
analytics-api-06368,5,腾讯云,4729336,0.0078,0
shipping-api-06369,1,私有云,4953900,0.0193,0
billing-api-06370,4,本地部署,1332061,0.0056,0
users-api-06371,2,AWS,4239434,0.0008,0
orders-api-06372,2,Azure,1658168,0.0391,1
payments-api-06373,4,Google Cloud,216331,0.0030,2
inventory-api-06374,4,阿里云,727958,0.0065,1
search-api-06375,5,腾讯云,2978273,0.0314,0
notifications-api-06376,2,私有云,3856543,0.0087,0
authentication-api-06377,4,本地部署,907197,0.0653,2
analytics-api-06378,4,AWS,570297,0.0244,0
shipping-api-06379,5,Azure,3875455,0.0073,0
billing-api-06380,1,Google Cloud,2747120,0.0015,0
users-api-06381,5,阿里云,4082381,0.0110,8
orders-api-06382,3,腾讯云,1041581,0.2416,0
payments-api-06383,3,私有云,4907233,0.0400,0
inventory-api-06384,3,本地部署,3810220,0.1437,1
search-api-06385,5,AWS,3514355,0.0088,0
notifications-api-06386,3,Azure,620252,0.0306,0
authentication-api-06387,3,Google Cloud,3197691,0.0015,0
analytics-api-06388,4,阿里云,1962432,0.0011,0
shipping-api-06389,1,腾讯云,3683509,0.0096,3
billing-api-06390,3,私有云,404209,0.0084,0
users-api-06391,2,本地部署,4938072,0.0202,2
orders-api-06392,3,AWS,1478493,0.0098,1
payments-api-06393,3,Azure,1984556,0.0126,0
inventory-api-06394,4,Google Cloud,2962794,0.0050,3
search-api-06395,4,阿里云,2989452,0.0093,0
notifications-api-06396,2,腾讯云,2646719,0.0220,0
authentication-api-06397,3,私有云,4386442,0.2130,2
analytics-api-06398,5,本地部署,1807612,0.0002,0
shipping-api-06399,3,AWS,3389076,0.0050,1
billing-api-06400,5,Azure,3451379,0.0021,8
users-api-06401,2,Google Cloud,4501798,0.0032,0
orders-api-06402,3,阿里云,2973496,0.0076,0
payments-api-06403,5,腾讯云,567108,0.0430,0
inventory-api-06404,4,私有云,4282999,0.0000,13
search-api-06405,1,本地部署,4543635,0.0093,5
notifications-api-06406,4,AWS,3177837,0.0000,1
authentication-api-06407,5,Azure,2033948,0.0003,0
analytics-api-06408,2,Google Cloud,3535091,0.0033,0
shipping-api-06409,1,阿里云,3624789,0.0054,5
billing-api-06410,2,腾讯云,4245075,0.0220,0
users-api-06411,4,私有云,1142781,0.0023,0
orders-api-06412,2,本地部署,807707,0.0064,0
payments-api-06413,5,AWS,3614993,0.0081,3
inventory-api-06414,4,Azure,1307752,0.0052,1
search-api-06415,5,Google Cloud,1512198,0.0024,2
notifications-api-06416,4,阿里云,1460771,0.0044,2
authentication-api-06417,5,腾讯云,283312,0.0054,2
analytics-api-06418,4,私有云,2834741,0.0000,0
shipping-api-06419,1,本地部署,1061378,0.0248,1
billing-api-06420,2,AWS,2008106,0.0000,0
users-api-06421,5,Azure,4110363,0.0062,0
orders-api-06422,5,Google Cloud,60251,0.0086,0
payments-api-06423,2,阿里云,2821937,0.0000,3
inventory-api-06424,5,腾讯云,3060743,0.0080,1
search-api-06425,2,私有云,3497185,0.0025,2
notifications-api-06426,4,本地部署,2348326,0.0088,2
authentication-api-06427,5,AWS,981104,0.0229,0
analytics-api-06428,3,Azure,1664292,0.0117,0
shipping-api-06429,2,Google Cloud,3821525,0.0342,2
billing-api-06430,3,阿里云,2711578,0.0352,0
users-api-06431,3,腾讯云,2747383,0.0034,0
orders-api-06432,5,私有云,3516942,0.0488,0
payments-api-06433,5,本地部署,2330963,0.0000,3
inventory-api-06434,2,AWS,3241673,0.0056,0
search-api-06435,2,Azure,3939633,0.0086,8
notifications-api-06436,2,Google Cloud,1940886,0.0186,0
authentication-api-06437,2,阿里云,4626338,0.0039,1
analytics-api-06438,2,腾讯云,1219530,0.0094,1
shipping-api-06439,2,私有云,2808277,0.0065,2
billing-api-06440,4,本地部署,2305173,0.0017,1
users-api-06441,1,AWS,4034438,0.0022,2
orders-api-06442,1,Azure,2808862,0.0016,2
payments-api-06443,1,Google Cloud,1714009,0.0000,0
inventory-api-06444,3,阿里云,1484200,0.0316,0
search-api-06445,5,腾讯云,4821991,0.0343,0
notifications-api-06446,4,私有云,1069237,0.0050,0
authentication-api-06447,5,本地部署,54687,0.0000,0
analytics-api-06448,1,AWS,1423676,0.0100,1
shipping-api-06449,3,Azure,3711358,0.0089,2
billing-api-06450,2,Google Cloud,618279,0.0552,1
users-api-06451,5,阿里云,2377070,0.0094,1
orders-api-06452,4,腾讯云,687416,0.0084,0
payments-api-06453,5,私有云,3055233,0.0392,0
inventory-api-06454,3,本地部署,3214829,0.0173,1
search-api-06455,5,AWS,2424479,0.0079,2
notifications-api-06456,5,Azure,3484554,0.0046,2
authentication-api-06457,4,Google Cloud,2263450,0.1162,1
analytics-api-06458,4,阿里云,1144572,0.0000,0
shipping-api-06459,1,腾讯云,2938830,0.0048,1
billing-api-06460,4,私有云,4613559,0.0034,2
users-api-06461,4,本地部署,3991248,0.0005,0
orders-api-06462,5,AWS,4143357,0.0075,1
payments-api-06463,2,Azure,4250760,0.2023,1
inventory-api-06464,3,Google Cloud,442699,0.0023,3
search-api-06465,5,阿里云,1960447,0.0299,2
notifications-api-06466,3,腾讯云,222391,0.0039,0
authentication-api-06467,1,私有云,302321,0.0021,3
analytics-api-06468,4,本地部署,1801720,0.0031,0
shipping-api-06469,1,AWS,506427,0.0365,0
billing-api-06470,2,Azure,4148085,0.0047,0
users-api-06471,5,Google Cloud,3490825,0.0044,0
orders-api-06472,3,阿里云,2273701,0.0099,1
payments-api-06473,5,腾讯云,1795713,0.0051,1
inventory-api-06474,2,私有云,207249,0.0000,1
search-api-06475,1,本地部署,4849001,0.2841,0
notifications-api-06476,4,AWS,175985,0.0072,0
authentication-api-06477,5,Azure,2233907,0.0100,8
analytics-api-06478,2,Google Cloud,4423463,0.0017,1
shipping-api-06479,4,阿里云,3632043,0.0573,3
billing-api-06480,3,腾讯云,866175,0.0000,0
users-api-06481,1,私有云,4237047,0.0078,0
orders-api-06482,5,本地部署,3489761,0.0077,0
payments-api-06483,1,AWS,3665372,0.0488,0
inventory-api-06484,3,Azure,1429698,0.0063,5
search-api-06485,2,Google Cloud,4235442,0.0000,1
notifications-api-06486,1,阿里云,4683089,0.0037,0
authentication-api-06487,3,腾讯云,4873259,0.0090,1
analytics-api-06488,1,私有云,722400,0.0406,8
shipping-api-06489,5,本地部署,4772846,0.0025,5
billing-api-06490,2,AWS,1006197,0.2014,0
users-api-06491,2,Azure,2856765,0.0017,0
orders-api-06492,1,Google Cloud,1307195,0.0024,1
payments-api-06493,3,阿里云,808479,0.0026,1
inventory-api-06494,2,腾讯云,157175,0.0056,0
search-api-06495,2,私有云,2123653,0.0000,0
notifications-api-06496,5,本地部署,2395487,0.0028,1
authentication-api-06497,2,AWS,4405996,0.0020,0
analytics-api-06498,2,Azure,4803301,0.0089,3
shipping-api-06499,4,Google Cloud,707053,0.0068,1
billing-api-06500,5,阿里云,794595,0.2586,0
users-api-06501,3,腾讯云,0,0.0000,0
orders-api-06502,1,私有云,2641904,0.0068,2
payments-api-06503,2,本地部署,3218149,0.0026,0
inventory-api-06504,1,AWS,3287121,0.0025,2
search-api-06505,2,Azure,302944,0.0060,3
notifications-api-06506,4,Google Cloud,530142,0.0047,0
authentication-api-06507,1,阿里云,229612,0.0061,0
analytics-api-06508,3,腾讯云,228960,0.0044,2
shipping-api-06509,1,私有云,1089682,0.0033,0
billing-api-06510,2,本地部署,1385998,0.0007,0
users-api-06511,5,AWS,463188,0.0098,0
orders-api-06512,5,Azure,3802559,0.0033,0
payments-api-06513,5,Google Cloud,3651583,0.0000,1
inventory-api-06514,5,阿里云,171045,0.0087,0
search-api-06515,5,腾讯云,2794241,0.0000,0
notifications-api-06516,2,私有云,912038,0.0014,1
authentication-api-06517,2,本地部署,4579216,0.0002,1
analytics-api-06518,1,AWS,1669187,0.0000,5
shipping-api-06519,4,Azure,1417289,0.0031,0
billing-api-06520,2,Google Cloud,231623,0.0187,0
users-api-06521,4,阿里云,972799,0.0085,3
orders-api-06522,5,腾讯云,304866,0.0086,3
payments-api-06523,3,私有云,177041,0.0025,8
inventory-api-06524,2,本地部署,4940307,0.0137,0
search-api-06525,2,AWS,4349303,0.0791,0
notifications-api-06526,2,Azure,2849498,0.0011,3
authentication-api-06527,4,Google Cloud,1536798,0.0089,0
analytics-api-06528,5,阿里云,248332,0.0083,0
shipping-api-06529,2,腾讯云,1595502,0.0700,5
billing-api-06530,2,私有云,2526283,0.0028,0
users-api-06531,2,本地部署,158704,0.0096,8
orders-api-06532,5,AWS,4818167,0.0016,2
payments-api-06533,5,Azure,1792233,0.0028,0
inventory-api-06534,5,Google Cloud,1033843,0.0056,0
search-api-06535,5,阿里云,2895561,0.0000,0
notifications-api-06536,1,腾讯云,3940053,0.0269,1
authentication-api-06537,1,私有云,1004609,0.0072,0
analytics-api-06538,1,本地部署,217688,0.0017,2
shipping-api-06539,5,AWS,425735,0.0088,1
billing-api-06540,3,Azure,4697466,0.0000,1
users-api-06541,1,Google Cloud,1239934,0.0077,0
orders-api-06542,3,阿里云,1843979,0.0000,0
payments-api-06543,4,腾讯云,412250,0.0014,2
inventory-api-06544,1,私有云,4455374,0.0087,0
search-api-06545,4,本地部署,4173622,0.0015,0
notifications-api-06546,1,AWS,612876,0.0344,0
authentication-api-06547,3,Azure,3877452,0.0000,0
analytics-api-06548,1,Google Cloud,3978233,0.0000,0
shipping-api-06549,2,阿里云,2672017,0.0350,0
billing-api-06550,1,腾讯云,3543025,0.0385,0
users-api-06551,1,私有云,4759746,0.0000,2
orders-api-06552,3,本地部署,2728926,0.0215,0
payments-api-06553,4,AWS,2443371,0.0001,0
inventory-api-06554,2,Azure,3807295,0.0457,0
search-api-06555,3,Google Cloud,1261778,0.0014,0
notifications-api-06556,3,阿里云,781323,0.0032,0
authentication-api-06557,5,腾讯云,6317,0.0011,1
analytics-api-06558,2,私有云,1380219,0.0283,2
shipping-api-06559,2,本地部署,1404676,0.0500,0
billing-api-06560,3,AWS,2421347,0.0013,0
users-api-06561,5,Azure,896204,0.0001,0
orders-api-06562,2,Google Cloud,2967625,0.0059,0
payments-api-06563,1,阿里云,2033992,0.0008,0
inventory-api-06564,4,腾讯云,295651,0.0088,0
search-api-06565,4,私有云,4308638,0.0000,5
notifications-api-06566,2,本地部署,1343863,0.0136,3
authentication-api-06567,2,AWS,4776495,0.0419,0
analytics-api-06568,1,Azure,598624,0.0881,0
shipping-api-06569,5,Google Cloud,3347815,0.0074,1
billing-api-06570,3,阿里云,3409511,0.0000,1
users-api-06571,1,腾讯云,4159279,0.0053,1
orders-api-06572,4,私有云,623446,0.0028,0
payments-api-06573,5,本地部署,1533776,0.0964,0
inventory-api-06574,2,AWS,2201131,0.0000,0
search-api-06575,1,Azure,588499,0.0433,5
notifications-api-06576,4,Google Cloud,4198637,0.0082,1
authentication-api-06577,2,阿里云,2872588,0.0053,5
analytics-api-06578,5,腾讯云,580301,0.0000,0
shipping-api-06579,4,私有云,3649185,0.0278,3
billing-api-06580,5,本地部署,279780,0.0348,5
users-api-06581,5,AWS,4390697,0.0073,0
orders-api-06582,3,Azure,3102020,0.1655,0
payments-api-06583,3,Google Cloud,932508,0.0435,1
inventory-api-06584,4,阿里云,4926328,0.0023,8
search-api-06585,4,腾讯云,3900399,0.0002,2
notifications-api-06586,5,私有云,3220709,0.0031,0
authentication-api-06587,5,本地部署,4933391,0.1684,0
analytics-api-06588,3,AWS,4557413,0.0083,2
shipping-api-06589,1,Azure,3024569,0.0096,0
billing-api-06590,1,Google Cloud,2289676,0.0022,0
users-api-06591,2,阿里云,3649536,0.0056,0
orders-api-06592,5,腾讯云,4071660,0.0089,0
payments-api-06593,1,私有云,3974259,0.0367,0
inventory-api-06594,1,本地部署,1832736,0.0074,1
search-api-06595,4,AWS,4836786,0.0072,1
notifications-api-06596,5,Azure,4570631,0.0126,0
authentication-api-06597,1,Google Cloud,300890,0.0445,0
analytics-api-06598,5,阿里云,741829,0.0000,0
shipping-api-06599,4,腾讯云,4169250,0.0000,0
billing-api-06600,1,私有云,2309934,0.0096,3
users-api-06601,2,本地部署,920128,0.0015,0
orders-api-06602,2,AWS,4103510,0.0092,0
payments-api-06603,3,Azure,4398662,0.0000,3
inventory-api-06604,3,Google Cloud,4643423,0.0074,0
search-api-06605,2,阿里云,1867894,0.0341,0
notifications-api-06606,5,腾讯云,2359382,0.0203,0
authentication-api-06607,3,私有云,521882,0.0010,0
analytics-api-06608,2,本地部署,3763793,0.0079,0
shipping-api-06609,2,AWS,3638090,0.0216,0
billing-api-06610,3,Azure,4383339,0.0062,0
users-api-06611,1,Google Cloud,1358693,0.0050,1
orders-api-06612,4,阿里云,1536546,0.0228,1
payments-api-06613,2,腾讯云,2818558,0.0111,5
inventory-api-06614,4,私有云,3354153,0.0059,8
search-api-06615,3,本地部署,3090531,0.0084,0
notifications-api-06616,2,AWS,4396154,0.0097,0
authentication-api-06617,5,Azure,2172992,0.0009,1
analytics-api-06618,5,Google Cloud,4558989,0.0015,8
shipping-api-06619,2,阿里云,2075380,0.0003,5
billing-api-06620,4,腾讯云,4118151,0.0008,0
users-api-06621,2,私有云,2736158,0.0177,0
orders-api-06622,2,本地部署,139457,0.0045,0
payments-api-06623,5,AWS,3604236,0.0045,0
inventory-api-06624,2,Azure,4634387,0.0021,2
search-api-06625,4,Google Cloud,404475,0.0057,0
notifications-api-06626,1,阿里云,3492518,0.0084,0
authentication-api-06627,4,腾讯云,1408110,0.0034,0
analytics-api-06628,5,私有云,2935432,0.0084,0
shipping-api-06629,4,本地部署,4707842,0.0038,2
billing-api-06630,3,AWS,3371450,0.1952,1
users-api-06631,4,Azure,1978510,0.0000,0
orders-api-06632,4,Google Cloud,548490,0.0092,5
payments-api-06633,2,阿里云,2251713,0.0000,0
inventory-api-06634,3,腾讯云,2731293,0.0007,0
search-api-06635,5,私有云,3338582,0.0014,3
notifications-api-06636,1,本地部署,3638566,0.0000,0
authentication-api-06637,1,AWS,3815396,0.0051,0
analytics-api-06638,2,Azure,410399,0.2187,2
shipping-api-06639,3,Google Cloud,622663,0.0292,0
billing-api-06640,4,阿里云,3353707,0.0019,2
users-api-06641,2,腾讯云,920876,0.0146,0
orders-api-06642,5,私有云,2527175,0.0696,0
payments-api-06643,3,本地部署,3091207,0.0000,1
inventory-api-06644,3,AWS,2649256,0.0004,2
search-api-06645,3,Azure,1521190,0.0111,0
notifications-api-06646,5,Google Cloud,548566,0.0000,0
authentication-api-06647,3,阿里云,2483587,0.2636,1
analytics-api-06648,1,腾讯云,4272365,0.0080,2
shipping-api-06649,3,私有云,1177665,0.0366,0
billing-api-06650,2,本地部署,2629578,0.0069,2
users-api-06651,4,AWS,3397807,0.0100,3
orders-api-06652,5,Azure,3099843,0.0000,1
payments-api-06653,5,Google Cloud,1451482,0.0026,0
inventory-api-06654,1,阿里云,4683313,0.0018,1
search-api-06655,2,腾讯云,1944778,0.0053,0
notifications-api-06656,2,私有云,1870005,0.0458,1
authentication-api-06657,4,本地部署,1135212,0.0007,0
analytics-api-06658,2,AWS,1531226,0.0035,1
shipping-api-06659,2,Azure,1237119,0.0093,8
billing-api-06660,4,Google Cloud,1654253,0.0252,0
users-api-06661,1,阿里云,4402592,0.1305,0
orders-api-06662,4,腾讯云,4234207,0.0000,0
payments-api-06663,1,私有云,2875194,0.0066,0
inventory-api-06664,5,本地部署,2513794,0.0087,0
search-api-06665,1,AWS,2107770,0.0023,0
notifications-api-06666,5,Azure,4979027,0.0072,0
authentication-api-06667,3,Google Cloud,1413751,0.0005,0
analytics-api-06668,5,阿里云,2775420,0.0036,0
shipping-api-06669,2,腾讯云,4598785,0.0687,2
billing-api-06670,4,私有云,1555823,0.0003,5
users-api-06671,2,本地部署,3420663,0.0078,2
orders-api-06672,3,AWS,3274328,0.0000,0
payments-api-06673,1,Azure,16095,0.0000,1
inventory-api-06674,2,Google Cloud,2085346,0.0084,0
search-api-06675,1,阿里云,965238,0.0083,0
notifications-api-06676,1,腾讯云,2934235,0.0113,0
authentication-api-06677,3,私有云,628017,0.0441,0
analytics-api-06678,4,本地部署,1868337,0.0052,0
shipping-api-06679,2,AWS,3073838,0.0074,0
billing-api-06680,5,Azure,2748857,0.0005,0
users-api-06681,4,Google Cloud,2078358,0.0327,0
orders-api-06682,2,阿里云,3529950,0.0044,1
payments-api-06683,4,腾讯云,3920247,0.0322,0
inventory-api-06684,3,私有云,3950879,0.0047,0
search-api-06685,2,本地部署,863363,0.0000,1
notifications-api-06686,4,AWS,3729811,0.0137,3
authentication-api-06687,3,Azure,1420979,0.0070,1
analytics-api-06688,2,Google Cloud,1446926,0.0000,0
shipping-api-06689,1,阿里云,2121466,0.0000,0
billing-api-06690,4,腾讯云,4415385,0.0098,2
users-api-06691,3,私有云,1153207,0.0000,2
orders-api-06692,3,本地部署,1242336,0.0461,0
payments-api-06693,1,AWS,111389,0.0038,2
inventory-api-06694,4,Azure,4789480,0.0028,0
search-api-06695,3,Google Cloud,3045716,0.1049,1
notifications-api-06696,4,阿里云,3729382,0.0033,0
authentication-api-06697,3,腾讯云,4594769,0.0001,0
analytics-api-06698,3,私有云,918315,0.0075,2
shipping-api-06699,2,本地部署,3995636,0.0036,5
billing-api-06700,5,AWS,2065278,0.0019,0
users-api-06701,4,Azure,4443896,0.0049,0
orders-api-06702,1,Google Cloud,3967023,0.0000,0
payments-api-06703,4,阿里云,1589053,0.0391,5
inventory-api-06704,2,腾讯云,4184883,0.0083,5
search-api-06705,5,私有云,249183,0.0012,0
notifications-api-06706,3,本地部署,1889132,0.0063,0
authentication-api-06707,1,AWS,2653952,0.0026,0
analytics-api-06708,3,Azure,4766147,0.0067,0
shipping-api-06709,5,Google Cloud,3231184,0.0000,8
billing-api-06710,4,阿里云,2217315,0.0029,0
users-api-06711,2,腾讯云,210135,0.0083,1
orders-api-06712,2,私有云,1037316,0.0195,5
payments-api-06713,1,本地部署,141386,0.0135,8
inventory-api-06714,5,AWS,1255362,0.0119,0
search-api-06715,5,Azure,3403272,0.0000,0
notifications-api-06716,2,Google Cloud,2306087,0.0000,2
authentication-api-06717,4,阿里云,4225353,0.0069,1
analytics-api-06718,4,腾讯云,3594269,0.0241,1
shipping-api-06719,3,私有云,1918024,0.0070,1
billing-api-06720,3,本地部署,2494780,0.0093,1
users-api-06721,1,AWS,1959004,0.0414,1
orders-api-06722,4,Azure,4593778,0.0012,2
payments-api-06723,2,Google Cloud,2591353,0.0081,8
inventory-api-06724,1,阿里云,3023351,0.0000,2
search-api-06725,3,腾讯云,4642117,0.0012,0
notifications-api-06726,4,私有云,1558803,0.0089,1
authentication-api-06727,1,本地部署,2396619,0.0081,0
analytics-api-06728,1,AWS,2089987,0.0277,1
shipping-api-06729,1,Azure,3884244,0.0000,0
billing-api-06730,1,Google Cloud,2841247,0.0002,0
users-api-06731,3,阿里云,3097584,0.0058,0
orders-api-06732,4,腾讯云,347212,0.0100,0
payments-api-06733,3,私有云,4822948,0.0012,0
inventory-api-06734,1,本地部署,625612,0.0070,3
search-api-06735,3,AWS,1050968,0.0059,0
notifications-api-06736,3,Azure,2892486,0.0017,0
authentication-api-06737,2,Google Cloud,3455950,0.0017,5
analytics-api-06738,3,阿里云,4859440,0.0095,0
shipping-api-06739,1,腾讯云,4238467,0.0096,5
billing-api-06740,5,私有云,4421092,0.0018,1
users-api-06741,1,本地部署,3738547,0.0004,1
orders-api-06742,5,AWS,3833626,0.0050,0
payments-api-06743,3,Azure,3730314,0.0000,0
inventory-api-06744,3,Google Cloud,4777124,0.0007,0
search-api-06745,3,阿里云,1934805,0.0002,0
notifications-api-06746,4,腾讯云,3644173,0.0049,0
authentication-api-06747,2,私有云,4716642,0.0395,1
analytics-api-06748,4,本地部署,3337701,0.0193,0
shipping-api-06749,1,AWS,2636545,0.0026,1
billing-api-06750,5,Azure,4584316,0.0044,2
users-api-06751,2,Google Cloud,0,0.0000,2
orders-api-06752,2,阿里云,1562593,0.0017,0
payments-api-06753,5,腾讯云,2595742,0.0084,1
inventory-api-06754,5,私有云,678576,0.0375,2
search-api-06755,1,本地部署,1499053,0.0000,5
notifications-api-06756,3,AWS,40220,0.0011,0
authentication-api-06757,3,Azure,331587,0.0020,0
analytics-api-06758,1,Google Cloud,3775861,0.0238,0
shipping-api-06759,3,阿里云,1633870,0.0000,1
billing-api-06760,2,腾讯云,4735099,0.0015,0
users-api-06761,1,私有云,3463012,0.0066,0
orders-api-06762,5,本地部署,4672514,0.0034,1
payments-api-06763,4,AWS,3596462,0.0073,0
inventory-api-06764,1,Azure,669366,0.0068,0
search-api-06765,1,Google Cloud,3177113,0.0000,2
notifications-api-06766,4,阿里云,3859140,0.0096,13
authentication-api-06767,2,腾讯云,4916819,0.0026,0
analytics-api-06768,1,私有云,552604,0.0475,0
shipping-api-06769,4,本地部署,537227,0.0206,0
billing-api-06770,4,AWS,3126760,0.0075,0
users-api-06771,5,Azure,2084612,0.0364,8
orders-api-06772,2,Google Cloud,4475235,0.0074,0
payments-api-06773,4,阿里云,4162592,0.0087,2
inventory-api-06774,3,腾讯云,1917139,0.0014,0
search-api-06775,1,私有云,3724222,0.0076,0
notifications-api-06776,4,本地部署,1027604,0.0207,0
authentication-api-06777,2,AWS,1162116,0.0011,1
analytics-api-06778,5,Azure,1881744,0.0065,5
shipping-api-06779,1,Google Cloud,3447048,0.0088,0
billing-api-06780,4,阿里云,1320605,0.0000,1
users-api-06781,4,腾讯云,4651547,0.0097,1
orders-api-06782,4,私有云,1304071,0.0095,0
payments-api-06783,2,本地部署,3473053,0.0030,1
inventory-api-06784,2,AWS,4265581,0.0012,0
search-api-06785,2,Azure,3020573,0.0028,0
notifications-api-06786,2,Google Cloud,2527088,0.0072,1
authentication-api-06787,3,阿里云,1449594,0.0000,0
analytics-api-06788,3,腾讯云,4252314,0.0000,0
shipping-api-06789,3,私有云,4711155,0.0096,0
billing-api-06790,5,本地部署,2622975,0.0076,0
users-api-06791,2,AWS,3255880,0.0106,0
orders-api-06792,1,Azure,735961,0.0099,0
payments-api-06793,3,Google Cloud,3082441,0.0008,1
inventory-api-06794,1,阿里云,4649973,0.2109,3
search-api-06795,2,腾讯云,1669996,0.0419,5
notifications-api-06796,2,私有云,356005,0.0057,2
authentication-api-06797,2,本地部署,3683917,0.0074,2
analytics-api-06798,2,AWS,511326,0.0095,1
shipping-api-06799,3,Azure,4104082,0.0051,2
billing-api-06800,5,Google Cloud,164858,0.0086,1
users-api-06801,2,阿里云,4157796,0.0370,5
orders-api-06802,1,腾讯云,2261939,0.0061,1
payments-api-06803,4,私有云,1254776,0.0095,0
inventory-api-06804,1,本地部署,1352570,0.0239,0
search-api-06805,4,AWS,277072,0.0081,3
notifications-api-06806,2,Azure,4384393,0.0045,0
authentication-api-06807,1,Google Cloud,2910034,0.0000,0
analytics-api-06808,4,阿里云,3753172,0.0027,0
shipping-api-06809,3,腾讯云,3115838,0.0074,2
billing-api-06810,2,私有云,2329455,0.0005,0
users-api-06811,4,本地部署,1369232,0.0042,1
orders-api-06812,4,AWS,4123226,0.0382,0
payments-api-06813,5,Azure,4537527,0.0446,0
inventory-api-06814,4,Google Cloud,4056951,0.0011,1
search-api-06815,3,阿里云,1922501,0.0356,0
notifications-api-06816,3,腾讯云,1953827,0.0025,0
authentication-api-06817,2,私有云,1562920,0.0000,1
analytics-api-06818,2,本地部署,155801,0.0095,1
shipping-api-06819,5,AWS,4120690,0.0136,1
billing-api-06820,1,Azure,1927034,0.0459,3
users-api-06821,2,Google Cloud,1345954,0.0078,0
orders-api-06822,1,阿里云,4499206,0.0024,1
payments-api-06823,4,腾讯云,2368249,0.0000,0
inventory-api-06824,1,私有云,1407511,0.0011,0
search-api-06825,2,本地部署,1941376,0.0062,0
notifications-api-06826,2,AWS,4453530,0.0010,0
authentication-api-06827,5,Azure,3744439,0.0000,1
analytics-api-06828,4,Google Cloud,166807,0.0000,0
shipping-api-06829,5,阿里云,1758738,0.0006,5
billing-api-06830,3,腾讯云,3157571,0.0188,0
users-api-06831,4,私有云,2198348,0.0014,0
orders-api-06832,5,本地部署,4429472,0.0050,0
payments-api-06833,1,AWS,854921,0.0149,0
inventory-api-06834,1,Azure,2392988,0.0000,0
search-api-06835,5,Google Cloud,2206744,0.0037,1
notifications-api-06836,2,阿里云,1044523,0.0024,0
authentication-api-06837,5,腾讯云,1616495,0.0030,0
analytics-api-06838,5,私有云,1196795,0.0013,0
shipping-api-06839,4,本地部署,4217895,0.0409,0
billing-api-06840,2,AWS,3876553,0.0021,0
users-api-06841,5,Azure,4120625,0.0069,2
orders-api-06842,2,Google Cloud,2266108,0.0097,0
payments-api-06843,1,阿里云,4188792,0.0085,1
inventory-api-06844,1,腾讯云,4601811,0.0250,0
search-api-06845,5,私有云,2507684,0.0081,1
notifications-api-06846,5,本地部署,1911151,0.0046,1
authentication-api-06847,1,AWS,902678,0.0000,0
analytics-api-06848,4,Azure,792204,0.0083,1
shipping-api-06849,5,Google Cloud,2915915,0.0468,0
billing-api-06850,5,阿里云,2930731,0.0361,0
users-api-06851,3,腾讯云,463005,0.0052,0
orders-api-06852,1,私有云,3315076,0.0448,5
payments-api-06853,2,本地部署,3860720,0.0304,1
inventory-api-06854,5,AWS,2812356,0.0027,1
search-api-06855,1,Azure,186878,0.0022,0
notifications-api-06856,2,Google Cloud,3891247,0.0319,1
authentication-api-06857,1,阿里云,3397217,0.0064,1
analytics-api-06858,4,腾讯云,2782976,0.0015,2
shipping-api-06859,4,私有云,4653529,0.0066,3
billing-api-06860,2,本地部署,1746785,0.0000,1
users-api-06861,2,AWS,4741182,0.0306,1
orders-api-06862,4,Azure,3544690,0.0087,0
payments-api-06863,2,Google Cloud,3253049,0.0025,2
inventory-api-06864,3,阿里云,1721260,0.0075,0
search-api-06865,2,腾讯云,4806582,0.0139,5
notifications-api-06866,1,私有云,2713470,0.0213,3
authentication-api-06867,4,本地部署,1274394,0.0067,1
analytics-api-06868,5,AWS,1786848,0.0000,1
shipping-api-06869,2,Azure,1144496,0.0000,3
billing-api-06870,5,Google Cloud,4975880,0.0287,0
users-api-06871,4,阿里云,75770,0.0045,1
orders-api-06872,4,腾讯云,1173819,0.0085,2
payments-api-06873,4,私有云,2686845,0.0007,0
inventory-api-06874,4,本地部署,2584770,0.0002,1
search-api-06875,1,AWS,3762977,0.0371,1
notifications-api-06876,4,Azure,1440124,0.0346,0
authentication-api-06877,3,Google Cloud,1911334,0.0063,1
analytics-api-06878,2,阿里云,2927271,0.0044,0
shipping-api-06879,4,腾讯云,3680201,0.2618,0
billing-api-06880,5,私有云,3029965,0.0084,0
users-api-06881,3,本地部署,3829646,0.0061,1
orders-api-06882,5,AWS,167776,0.0061,5
payments-api-06883,1,Azure,2426041,0.0000,0
inventory-api-06884,3,Google Cloud,1685596,0.0027,0
search-api-06885,3,阿里云,3157369,0.0076,0
notifications-api-06886,4,腾讯云,2480328,0.0428,0
authentication-api-06887,4,私有云,2328690,0.0366,1
analytics-api-06888,4,本地部署,3729847,0.0081,3
shipping-api-06889,5,AWS,1984418,0.0442,0
billing-api-06890,4,Azure,1635170,0.0000,0
users-api-06891,3,Google Cloud,3155868,0.0363,0
orders-api-06892,2,阿里云,1298026,0.0229,1
payments-api-06893,4,腾讯云,4176242,0.0448,1
inventory-api-06894,4,私有云,4786841,0.0065,0
search-api-06895,2,本地部署,3580160,0.2269,2
notifications-api-06896,2,AWS,3421737,0.0008,0
authentication-api-06897,3,Azure,4445851,0.2469,0
analytics-api-06898,5,Google Cloud,1660318,0.0050,0
shipping-api-06899,4,阿里云,3377265,0.0079,0
billing-api-06900,1,腾讯云,3670963,0.0012,0
users-api-06901,3,私有云,2814747,0.0014,0
orders-api-06902,4,本地部署,2523830,0.0091,3
payments-api-06903,3,AWS,1259588,0.0064,0
inventory-api-06904,4,Azure,3210886,0.0012,1
search-api-06905,2,Google Cloud,4983762,0.0058,0
notifications-api-06906,2,阿里云,4613432,0.0500,0
authentication-api-06907,4,腾讯云,3040283,0.0081,0
analytics-api-06908,5,私有云,1402191,0.0050,0
shipping-api-06909,1,本地部署,2984486,0.0000,1
billing-api-06910,1,AWS,4720600,0.0070,1
users-api-06911,4,Azure,4204250,0.0006,0
orders-api-06912,2,Google Cloud,4275648,0.1361,0
payments-api-06913,5,阿里云,3273782,0.0082,8
inventory-api-06914,1,腾讯云,840720,0.0000,8
search-api-06915,4,私有云,4516789,0.0001,13
notifications-api-06916,3,本地部署,525359,0.0079,2
authentication-api-06917,1,AWS,1364071,0.0030,0
analytics-api-06918,1,Azure,1663331,0.0004,0
shipping-api-06919,1,Google Cloud,2239365,0.0022,0
billing-api-06920,4,阿里云,3081305,0.0282,0
users-api-06921,2,腾讯云,129853,0.0056,0
orders-api-06922,4,私有云,2425422,0.0037,0
payments-api-06923,4,本地部署,825025,0.0002,1
inventory-api-06924,2,AWS,1605754,0.0000,0
search-api-06925,5,Azure,3350068,0.0061,0
notifications-api-06926,5,Google Cloud,3201317,0.0012,5
authentication-api-06927,2,阿里云,512110,0.0012,0
analytics-api-06928,4,腾讯云,4376425,0.0000,2
shipping-api-06929,5,私有云,988420,0.0069,0
billing-api-06930,3,本地部署,2242596,0.0000,2
users-api-06931,4,AWS,1965596,0.0068,0
orders-api-06932,4,Azure,1050898,0.0090,0
payments-api-06933,5,Google Cloud,603691,0.0088,1
inventory-api-06934,2,阿里云,2485526,0.0009,1
search-api-06935,4,腾讯云,1047845,0.0001,0
notifications-api-06936,4,私有云,375106,0.0076,0
authentication-api-06937,3,本地部署,2817041,0.0000,5
analytics-api-06938,4,AWS,279625,0.0098,1
shipping-api-06939,1,Azure,25481,0.0000,0
billing-api-06940,4,Google Cloud,130934,0.0000,5
users-api-06941,3,阿里云,742010,0.0025,0
orders-api-06942,4,腾讯云,4528960,0.0210,0
payments-api-06943,2,私有云,1218266,0.0049,0
inventory-api-06944,1,本地部署,4164645,0.0000,0
search-api-06945,5,AWS,3780403,0.0049,1
notifications-api-06946,5,Azure,536739,0.0096,0
authentication-api-06947,3,Google Cloud,318994,0.0189,1
analytics-api-06948,2,阿里云,888938,0.0041,0
shipping-api-06949,3,腾讯云,3993397,0.2017,0
billing-api-06950,3,私有云,4376363,0.0084,0
users-api-06951,5,本地部署,1855131,0.0272,2
orders-api-06952,4,AWS,1090983,0.0066,2
payments-api-06953,1,Azure,3270772,0.0055,1
inventory-api-06954,2,Google Cloud,283226,0.0000,0
search-api-06955,2,阿里云,4483834,0.0168,0
notifications-api-06956,5,腾讯云,2167452,0.2225,0
authentication-api-06957,1,私有云,2168697,0.0301,0
analytics-api-06958,4,本地部署,2704069,0.0009,1
shipping-api-06959,4,AWS,4628353,0.0077,0
billing-api-06960,1,Azure,4646176,0.0220,2
users-api-06961,4,Google Cloud,1736810,0.0000,2
orders-api-06962,5,阿里云,1735368,0.0043,0
payments-api-06963,2,腾讯云,840120,0.0000,1
inventory-api-06964,5,私有云,3750658,0.0013,1
search-api-06965,4,本地部署,4955152,0.0000,8
notifications-api-06966,1,AWS,2429695,0.0000,0
authentication-api-06967,3,Azure,4268449,0.0064,0
analytics-api-06968,5,Google Cloud,4919224,0.0036,0
shipping-api-06969,4,阿里云,4913116,0.0000,0
billing-api-06970,4,腾讯云,2486922,0.0049,8
users-api-06971,5,私有云,4620227,0.0095,2
orders-api-06972,4,本地部署,1822005,0.1954,0
payments-api-06973,5,AWS,182585,0.0047,0
inventory-api-06974,4,Azure,3500059,0.0000,0
search-api-06975,5,Google Cloud,2037699,0.0000,0
notifications-api-06976,3,阿里云,3467699,0.0056,1
authentication-api-06977,1,腾讯云,1087560,0.0390,0
analytics-api-06978,4,私有云,894073,0.0025,0
shipping-api-06979,3,本地部署,1758131,0.0700,0
billing-api-06980,3,AWS,3769673,0.0027,0
users-api-06981,2,Azure,1830135,0.0044,0
orders-api-06982,2,Google Cloud,2589230,0.0389,1
payments-api-06983,5,阿里云,413680,0.0065,1
inventory-api-06984,2,腾讯云,4456399,0.0000,0
search-api-06985,2,私有云,2244401,0.0087,0
notifications-api-06986,2,本地部署,236767,0.0000,5
authentication-api-06987,4,AWS,3126017,0.0369,3
analytics-api-06988,5,Azure,1497391,0.0380,3
shipping-api-06989,5,Google Cloud,1985604,0.0000,1
billing-api-06990,4,阿里云,852279,0.0478,0
users-api-06991,3,腾讯云,4979122,0.0007,0
orders-api-06992,4,私有云,306934,0.0020,0
payments-api-06993,2,本地部署,3339243,0.0072,3
inventory-api-06994,1,AWS,3764417,0.0000,5
search-api-06995,3,Azure,3645717,0.0080,0
notifications-api-06996,4,Google Cloud,1571981,0.0094,0
authentication-api-06997,4,阿里云,2215195,0.0051,0
analytics-api-06998,2,腾讯云,3831967,0.0000,3
shipping-api-06999,4,私有云,1969186,0.0076,0
billing-api-07000,1,本地部署,2467816,0.0015,0
users-api-07001,4,AWS,0,0.0000,5
orders-api-07002,2,Azure,890045,0.0000,0
payments-api-07003,2,Google Cloud,4512518,0.0004,0
inventory-api-07004,3,阿里云,213609,0.0067,0
search-api-07005,4,腾讯云,4326515,0.0323,0
notifications-api-07006,2,私有云,4220546,0.0095,5
authentication-api-07007,1,本地部署,1857272,0.0008,0
analytics-api-07008,4,AWS,2794604,0.0307,0
shipping-api-07009,3,Azure,3615754,0.0031,1
billing-api-07010,4,Google Cloud,4126410,0.0091,1
users-api-07011,3,阿里云,1928348,0.0096,3
orders-api-07012,1,腾讯云,4535509,0.0028,1
payments-api-07013,1,私有云,1061726,0.0073,0
inventory-api-07014,1,本地部署,2116155,0.0000,0
search-api-07015,2,AWS,3915599,0.0029,0
notifications-api-07016,3,Azure,333518,0.0206,0
authentication-api-07017,4,Google Cloud,3327613,0.0048,5
analytics-api-07018,3,阿里云,2075548,0.0269,0
shipping-api-07019,3,腾讯云,4108329,0.0365,0
billing-api-07020,4,私有云,2228802,0.0073,1
users-api-07021,5,本地部署,1927205,0.0045,0
orders-api-07022,1,AWS,877368,0.2373,3
payments-api-07023,5,Azure,2811202,0.0074,2
inventory-api-07024,5,Google Cloud,3649947,0.0058,0
search-api-07025,4,阿里云,1011585,0.0877,0
notifications-api-07026,1,腾讯云,3724376,0.0248,1
authentication-api-07027,3,私有云,1293271,0.0008,2
analytics-api-07028,1,本地部署,1482127,0.0032,0
shipping-api-07029,5,AWS,2114676,0.0079,0
billing-api-07030,3,Azure,1257279,0.2826,0
users-api-07031,3,Google Cloud,1637340,0.0063,0
orders-api-07032,4,阿里云,609611,0.0178,0
payments-api-07033,1,腾讯云,329821,0.0050,1
inventory-api-07034,5,私有云,3135151,0.0024,5
search-api-07035,3,本地部署,3846397,0.0004,0
notifications-api-07036,4,AWS,1770235,0.0079,0
authentication-api-07037,5,Azure,4447531,0.0059,0
analytics-api-07038,5,Google Cloud,1983100,0.0290,0
shipping-api-07039,4,阿里云,4982868,0.0000,8
billing-api-07040,1,腾讯云,651846,0.0110,3
users-api-07041,3,私有云,2710973,0.2743,1
orders-api-07042,5,本地部署,4200555,0.0000,8
payments-api-07043,1,AWS,3656854,0.0312,0
inventory-api-07044,1,Azure,3085630,0.0038,0
search-api-07045,5,Google Cloud,3395578,0.0007,0
notifications-api-07046,1,阿里云,3580404,0.0027,1
authentication-api-07047,4,腾讯云,50222,0.0047,3
analytics-api-07048,2,私有云,3572862,0.2735,0
shipping-api-07049,1,本地部署,261653,0.2442,0
billing-api-07050,2,AWS,2985474,0.0000,1
users-api-07051,2,Azure,3482540,0.0484,0
orders-api-07052,4,Google Cloud,303855,0.0257,1
payments-api-07053,2,阿里云,4925692,0.0000,1
inventory-api-07054,4,腾讯云,4779575,0.0008,1
search-api-07055,1,私有云,3574479,0.0260,1
notifications-api-07056,1,本地部署,1908478,0.0220,0
authentication-api-07057,5,AWS,3144026,0.0200,0
analytics-api-07058,3,Azure,4666983,0.0000,3
shipping-api-07059,1,Google Cloud,4739798,0.0063,2
billing-api-07060,3,阿里云,404027,0.0083,0
users-api-07061,1,腾讯云,1332428,0.0312,0
orders-api-07062,1,私有云,3418854,0.0002,0
payments-api-07063,3,本地部署,593616,0.0259,0
inventory-api-07064,1,AWS,4688216,0.0046,2
search-api-07065,5,Azure,4913978,0.0061,2
notifications-api-07066,5,Google Cloud,4352343,0.0048,1
authentication-api-07067,3,阿里云,4935903,0.0867,1
analytics-api-07068,2,腾讯云,2121779,0.0022,1
shipping-api-07069,1,私有云,776732,0.0000,0
billing-api-07070,5,本地部署,242313,0.0036,3
users-api-07071,2,AWS,3355588,0.0000,0
orders-api-07072,2,Azure,642388,0.0035,0
payments-api-07073,4,Google Cloud,370579,0.0017,0
inventory-api-07074,5,阿里云,1142637,0.0255,0
search-api-07075,1,腾讯云,3825693,0.0079,5
notifications-api-07076,2,私有云,1905203,0.0047,0
authentication-api-07077,3,本地部署,3774193,0.0096,3
analytics-api-07078,4,AWS,2200454,0.0053,0
shipping-api-07079,1,Azure,1988999,0.1012,0
billing-api-07080,5,Google Cloud,3001879,0.0033,2
users-api-07081,1,阿里云,4628420,0.2228,8
orders-api-07082,3,腾讯云,541785,0.0051,1
payments-api-07083,4,私有云,4655631,0.0026,0
inventory-api-07084,4,本地部署,1042626,0.0041,1
search-api-07085,4,AWS,4709916,0.0038,3
notifications-api-07086,3,Azure,942557,0.0000,5
authentication-api-07087,1,Google Cloud,1571249,0.0077,3
analytics-api-07088,1,阿里云,4505717,0.0248,0
shipping-api-07089,3,腾讯云,4073117,0.0415,3
billing-api-07090,4,私有云,826212,0.0054,2
users-api-07091,5,本地部署,2224156,0.0000,0
orders-api-07092,2,AWS,1112666,0.0070,0
payments-api-07093,2,Azure,2617926,0.0374,0
inventory-api-07094,1,Google Cloud,4326757,0.0025,0
search-api-07095,1,阿里云,234459,0.0080,1
notifications-api-07096,1,腾讯云,3835177,0.0009,0
authentication-api-07097,1,私有云,3364483,0.0000,1
analytics-api-07098,3,本地部署,792720,0.2426,0
shipping-api-07099,2,AWS,3649141,0.0091,0
billing-api-07100,2,Azure,4348951,0.0016,0
users-api-07101,2,Google Cloud,3138981,0.0100,0
orders-api-07102,1,阿里云,2291779,0.0005,0
payments-api-07103,3,腾讯云,3354876,0.0149,0
inventory-api-07104,4,私有云,3645667,0.0055,0
search-api-07105,4,本地部署,3627354,0.0434,0
notifications-api-07106,2,AWS,4845363,0.0000,0
authentication-api-07107,1,Azure,486677,0.0072,0
analytics-api-07108,5,Google Cloud,2018250,0.0002,0
shipping-api-07109,3,阿里云,2263556,0.0035,1
billing-api-07110,5,腾讯云,3622133,0.1985,0
users-api-07111,5,私有云,3278716,0.0091,3
orders-api-07112,2,本地部署,1880903,0.0114,1
payments-api-07113,5,AWS,144303,0.0242,1
inventory-api-07114,4,Azure,272266,0.0051,0
search-api-07115,5,Google Cloud,4029077,0.1137,0
notifications-api-07116,3,阿里云,2235782,0.0000,2
authentication-api-07117,2,腾讯云,1748373,0.0085,2
analytics-api-07118,2,私有云,4436661,0.0052,2
shipping-api-07119,1,本地部署,3391144,0.0073,0
billing-api-07120,1,AWS,4711724,0.0053,5
users-api-07121,3,Azure,3605206,0.0000,0
orders-api-07122,2,Google Cloud,4576592,0.0626,3
payments-api-07123,1,阿里云,2653928,0.0110,2
inventory-api-07124,1,腾讯云,3731391,0.0061,3
search-api-07125,5,私有云,3514312,0.0056,0
notifications-api-07126,4,本地部署,2695674,0.0084,1
authentication-api-07127,2,AWS,99082,0.0091,0
analytics-api-07128,3,Azure,3378819,0.0447,3
shipping-api-07129,1,Google Cloud,2023624,0.0274,1
billing-api-07130,5,阿里云,2122264,0.0007,0
users-api-07131,4,腾讯云,3698178,0.0000,3
orders-api-07132,3,私有云,265918,0.0066,5
payments-api-07133,4,本地部署,4658999,0.0000,0
inventory-api-07134,4,AWS,3688747,0.0092,0
search-api-07135,2,Azure,2526671,0.0086,3
notifications-api-07136,5,Google Cloud,3024444,0.0076,0
authentication-api-07137,5,阿里云,4006624,0.0464,2
analytics-api-07138,2,腾讯云,2982350,0.0476,0
shipping-api-07139,1,私有云,3466274,0.0017,0
billing-api-07140,4,本地部署,3501909,0.0028,1
users-api-07141,1,AWS,559118,0.0456,3
orders-api-07142,1,Azure,729646,0.0034,0
payments-api-07143,3,Google Cloud,3778773,0.0000,0
inventory-api-07144,2,阿里云,2959270,0.0254,1
search-api-07145,4,腾讯云,1837821,0.0026,1
notifications-api-07146,3,私有云,1913303,0.0068,0
authentication-api-07147,4,本地部署,1832673,0.0086,0
analytics-api-07148,1,AWS,3019924,0.0049,5
shipping-api-07149,4,Azure,4769559,0.0058,1
billing-api-07150,3,Google Cloud,3478185,0.0044,1
users-api-07151,1,阿里云,4462120,0.0011,0
orders-api-07152,4,腾讯云,2392249,0.0385,13
payments-api-07153,3,私有云,1045179,0.0075,1
inventory-api-07154,4,本地部署,844691,0.0000,0
search-api-07155,5,AWS,3854843,0.0495,2
notifications-api-07156,2,Azure,3952106,0.0000,1
authentication-api-07157,3,Google Cloud,4252782,0.0074,0
analytics-api-07158,4,阿里云,1603525,0.0000,2
shipping-api-07159,4,腾讯云,4517515,0.0000,0
billing-api-07160,3,私有云,3959017,0.0075,2
users-api-07161,3,本地部署,3848806,0.0000,0
orders-api-07162,1,AWS,3634707,0.0168,1
payments-api-07163,1,Azure,3053313,0.0049,0
inventory-api-07164,1,Google Cloud,3789053,0.1152,0
search-api-07165,1,阿里云,1315856,0.0058,0
notifications-api-07166,3,腾讯云,1659858,0.0032,1
authentication-api-07167,4,私有云,4421662,0.0012,0
analytics-api-07168,4,本地部署,470746,0.0000,0
shipping-api-07169,1,AWS,397977,0.0071,0
billing-api-07170,2,Azure,346911,0.1536,0
users-api-07171,2,Google Cloud,3266365,0.0035,0
orders-api-07172,5,阿里云,3303182,0.0088,3
payments-api-07173,3,腾讯云,4476504,0.0008,0
inventory-api-07174,4,私有云,2253576,0.1488,0
search-api-07175,2,本地部署,3551440,0.0413,5
notifications-api-07176,5,AWS,4644373,0.0000,2
authentication-api-07177,1,Azure,240696,0.0064,0
analytics-api-07178,1,Google Cloud,786680,0.0095,0
shipping-api-07179,2,阿里云,4807648,0.0061,3
billing-api-07180,2,腾讯云,4806845,0.0425,0
users-api-07181,4,私有云,2971355,0.2628,0
orders-api-07182,3,本地部署,3972292,0.0486,0
payments-api-07183,3,AWS,3988269,0.0092,2
inventory-api-07184,3,Azure,3027208,0.0008,1
search-api-07185,5,Google Cloud,3911024,0.0062,0
notifications-api-07186,3,阿里云,3997255,0.0039,0
authentication-api-07187,2,腾讯云,995856,0.0000,1
analytics-api-07188,5,私有云,3093315,0.0000,0
shipping-api-07189,3,本地部署,2457009,0.0085,0
billing-api-07190,4,AWS,328264,0.0088,1
users-api-07191,5,Azure,4515489,0.0059,1
orders-api-07192,5,Google Cloud,1658924,0.0492,0
payments-api-07193,5,阿里云,1303889,0.0000,0
inventory-api-07194,4,腾讯云,2201281,0.0070,13
search-api-07195,3,私有云,4064178,0.0004,0
notifications-api-07196,5,本地部署,436342,0.0000,1
authentication-api-07197,1,AWS,1295494,0.0424,2
analytics-api-07198,3,Azure,3377675,0.2585,0
shipping-api-07199,5,Google Cloud,3150611,0.0009,0
billing-api-07200,2,阿里云,1762792,0.0000,1
users-api-07201,3,腾讯云,8949,0.0163,2
orders-api-07202,5,私有云,3218037,0.0486,0
payments-api-07203,4,本地部署,4602653,0.0090,1
inventory-api-07204,5,AWS,1624652,0.0483,0
search-api-07205,4,Azure,1947241,0.0472,2
notifications-api-07206,4,Google Cloud,3008086,0.0081,0
authentication-api-07207,4,阿里云,3574626,0.0089,0
analytics-api-07208,5,腾讯云,3163498,0.0070,0
shipping-api-07209,1,私有云,696867,0.0371,1
billing-api-07210,3,本地部署,2845925,0.0000,0
users-api-07211,2,AWS,1981261,0.0047,0
orders-api-07212,1,Azure,100079,0.0433,0
payments-api-07213,1,Google Cloud,1652161,0.0338,0
inventory-api-07214,3,阿里云,3481220,0.0131,0
search-api-07215,2,腾讯云,757935,0.0023,0
notifications-api-07216,2,私有云,3201354,0.0025,3
authentication-api-07217,1,本地部署,858506,0.2761,3
analytics-api-07218,1,AWS,3335406,0.0000,2
shipping-api-07219,5,Azure,375484,0.0055,0
billing-api-07220,4,Google Cloud,3375391,0.0000,0
users-api-07221,3,阿里云,4794440,0.0055,8
orders-api-07222,3,腾讯云,874343,0.0469,8
payments-api-07223,2,私有云,3642327,0.0000,1
inventory-api-07224,3,本地部署,1249425,0.0011,0
search-api-07225,2,AWS,2810466,0.0329,0
notifications-api-07226,4,Azure,1699262,0.0100,3
authentication-api-07227,1,Google Cloud,4203926,0.0014,0
analytics-api-07228,4,阿里云,1512095,0.0000,0
shipping-api-07229,4,腾讯云,4392814,0.0014,0
billing-api-07230,5,私有云,1875153,0.0080,1
users-api-07231,3,本地部署,2374816,0.0058,0
orders-api-07232,4,AWS,4010263,0.0076,1
payments-api-07233,4,Azure,1021841,0.0177,3
inventory-api-07234,4,Google Cloud,2222373,0.0000,0
search-api-07235,4,阿里云,4721252,0.0082,0
notifications-api-07236,1,腾讯云,2128731,0.0023,0
authentication-api-07237,4,私有云,2113083,0.0057,8
analytics-api-07238,3,本地部署,3427205,0.0089,0
shipping-api-07239,3,AWS,3779567,0.0190,0
billing-api-07240,5,Azure,907240,0.0079,0
users-api-07241,1,Google Cloud,3842517,0.0000,0
orders-api-07242,1,阿里云,2362007,0.0093,2
payments-api-07243,3,腾讯云,140888,0.0042,1
inventory-api-07244,2,私有云,3806866,0.0000,0
search-api-07245,3,本地部署,2199411,0.0081,8
notifications-api-07246,2,AWS,2154822,0.0052,3
authentication-api-07247,3,Azure,2551529,0.0222,0
analytics-api-07248,2,Google Cloud,3607756,0.0035,0
shipping-api-07249,2,阿里云,3320372,0.0093,2
billing-api-07250,2,腾讯云,2207901,0.1730,3
users-api-07251,1,私有云,0,0.0000,5
orders-api-07252,1,本地部署,4360396,0.0005,0
payments-api-07253,4,AWS,2596038,0.0008,0
inventory-api-07254,5,Azure,3204893,0.0049,0
search-api-07255,2,Google Cloud,2808877,0.0277,0
notifications-api-07256,2,阿里云,6514,0.0058,0
authentication-api-07257,1,腾讯云,3286447,0.0422,2
analytics-api-07258,5,私有云,250159,0.0000,0
shipping-api-07259,2,本地部署,2227060,0.0011,1
billing-api-07260,4,AWS,4590030,0.0066,0
users-api-07261,4,Azure,81093,0.0018,1
orders-api-07262,5,Google Cloud,1477536,0.1440,0
payments-api-07263,5,阿里云,2534413,0.0080,5
inventory-api-07264,5,腾讯云,2212247,0.0458,2
search-api-07265,4,私有云,785045,0.0037,0
notifications-api-07266,4,本地部署,350545,0.0004,0
authentication-api-07267,3,AWS,3976013,0.0039,0
analytics-api-07268,5,Azure,3991943,0.0000,5
shipping-api-07269,1,Google Cloud,1983889,0.0059,3
billing-api-07270,4,阿里云,4200275,0.0000,0
users-api-07271,5,腾讯云,1654352,0.0192,0
orders-api-07272,4,私有云,2303477,0.0000,1
payments-api-07273,5,本地部署,1089445,0.0099,1
inventory-api-07274,2,AWS,3837194,0.0061,1
search-api-07275,1,Azure,3696696,0.0000,1
notifications-api-07276,4,Google Cloud,1287230,0.0097,1
authentication-api-07277,3,阿里云,271409,0.0100,1
analytics-api-07278,1,腾讯云,2361131,0.0015,2
shipping-api-07279,5,私有云,3621253,0.0000,0
billing-api-07280,2,本地部署,3918921,0.0025,0
users-api-07281,1,AWS,2673909,0.0032,1
orders-api-07282,5,Azure,2999596,0.0000,0
payments-api-07283,4,Google Cloud,22360,0.0080,5
inventory-api-07284,5,阿里云,3104783,0.0151,0
search-api-07285,3,腾讯云,939553,0.0134,0
notifications-api-07286,3,私有云,1778411,0.1266,1
authentication-api-07287,2,本地部署,3067300,0.0059,3
analytics-api-07288,2,AWS,386766,0.0072,0
shipping-api-07289,5,Azure,3729792,0.0237,2
billing-api-07290,2,Google Cloud,289990,0.0055,0
users-api-07291,5,阿里云,4013015,0.0095,2
orders-api-07292,4,腾讯云,1886551,0.0343,0
payments-api-07293,1,私有云,4189480,0.0490,0
inventory-api-07294,2,本地部署,3211010,0.0000,2
search-api-07295,4,AWS,1575629,0.0027,1
notifications-api-07296,1,Azure,3308360,0.0014,0
authentication-api-07297,3,Google Cloud,3473122,0.0015,0
analytics-api-07298,5,阿里云,2623984,0.0032,0
shipping-api-07299,2,腾讯云,3793333,0.0070,0
billing-api-07300,5,私有云,2560377,0.0352,0
users-api-07301,3,本地部署,3008562,0.0093,3
orders-api-07302,1,AWS,167573,0.0076,1
payments-api-07303,2,Azure,2653463,0.0214,0
inventory-api-07304,1,Google Cloud,603657,0.0006,0
search-api-07305,2,阿里云,999653,0.0081,13
notifications-api-07306,5,腾讯云,662179,0.0660,1
authentication-api-07307,4,私有云,2088365,0.0000,0
analytics-api-07308,2,本地部署,1295432,0.0031,3
shipping-api-07309,3,AWS,2208111,0.0092,0
billing-api-07310,2,Azure,4288493,0.0306,0
users-api-07311,2,Google Cloud,4760838,0.0000,1
orders-api-07312,1,阿里云,4225820,0.0000,3
payments-api-07313,3,腾讯云,4802857,0.0000,3
inventory-api-07314,1,私有云,1173373,0.0393,1
search-api-07315,4,本地部署,3377660,0.0028,5
notifications-api-07316,2,AWS,1303933,0.0079,2
authentication-api-07317,5,Azure,1849996,0.0054,1
analytics-api-07318,5,Google Cloud,1241890,0.0080,1
shipping-api-07319,2,阿里云,1170477,0.0309,0
billing-api-07320,1,腾讯云,2584146,0.0000,5
users-api-07321,5,私有云,365380,0.0055,1
orders-api-07322,5,本地部署,2430032,0.0090,0
payments-api-07323,1,AWS,4897537,0.0002,2
inventory-api-07324,3,Azure,1177663,0.0051,0
search-api-07325,5,Google Cloud,1127767,0.0089,0
notifications-api-07326,2,阿里云,2961733,0.0078,0
authentication-api-07327,3,腾讯云,546376,0.0389,0
analytics-api-07328,2,私有云,2973202,0.0083,2
shipping-api-07329,2,本地部署,3068456,0.0020,0
billing-api-07330,2,AWS,340,0.0006,0
users-api-07331,5,Azure,2162045,0.0028,0
orders-api-07332,5,Google Cloud,4117660,0.0016,0
payments-api-07333,5,阿里云,2903385,0.0029,13
inventory-api-07334,1,腾讯云,4730834,0.0009,2
search-api-07335,5,私有云,4172903,0.2315,0
notifications-api-07336,5,本地部署,3435629,0.0410,0
authentication-api-07337,3,AWS,2071034,0.0000,2
analytics-api-07338,4,Azure,2021106,0.0000,0
shipping-api-07339,3,Google Cloud,1895552,0.0094,5
billing-api-07340,5,阿里云,3689807,0.0020,1
users-api-07341,2,腾讯云,1803783,0.0009,2
orders-api-07342,5,私有云,2349439,0.0092,5
payments-api-07343,1,本地部署,4345154,0.0000,0
inventory-api-07344,5,AWS,4285066,0.0056,0
search-api-07345,4,Azure,3065551,0.0099,0
notifications-api-07346,2,Google Cloud,2704085,0.0057,1
authentication-api-07347,4,阿里云,929349,0.0092,1
analytics-api-07348,4,腾讯云,1536459,0.0268,0
shipping-api-07349,5,私有云,2373435,0.0179,0
billing-api-07350,1,本地部署,889202,0.0026,0
users-api-07351,5,AWS,2922817,0.0092,0
orders-api-07352,5,Azure,4074345,0.0083,1
payments-api-07353,3,Google Cloud,2316797,0.0159,8
inventory-api-07354,2,阿里云,4724153,0.0100,3
search-api-07355,4,腾讯云,4834976,0.0015,0
notifications-api-07356,2,私有云,1366055,0.0028,0
authentication-api-07357,3,本地部署,4798622,0.0081,0
analytics-api-07358,5,AWS,2823376,0.0081,1
shipping-api-07359,5,Azure,2180017,0.0020,0
billing-api-07360,4,Google Cloud,2851290,0.0078,1
users-api-07361,2,阿里云,626216,0.0314,0
orders-api-07362,2,腾讯云,4283700,0.0034,1
payments-api-07363,4,私有云,2139316,0.0090,0
inventory-api-07364,5,本地部署,654888,0.0082,0
search-api-07365,2,AWS,55530,0.0087,0
notifications-api-07366,1,Azure,3887444,0.0471,1
authentication-api-07367,3,Google Cloud,126680,0.0000,8
analytics-api-07368,2,阿里云,840310,0.0089,5
shipping-api-07369,4,腾讯云,756996,0.0077,2
billing-api-07370,4,私有云,1441014,0.0065,3
users-api-07371,2,本地部署,2861231,0.0040,0
orders-api-07372,1,AWS,3302421,0.0094,0
payments-api-07373,5,Azure,808535,0.0050,1
inventory-api-07374,1,Google Cloud,4132787,0.0080,0
search-api-07375,2,阿里云,3983855,0.0005,3
notifications-api-07376,5,腾讯云,3223054,0.0188,1
authentication-api-07377,5,私有云,340626,0.0003,3
analytics-api-07378,1,本地部署,2302153,0.0062,1
shipping-api-07379,5,AWS,4437713,0.0227,1
billing-api-07380,1,Azure,2068173,0.0000,1
users-api-07381,4,Google Cloud,290655,0.0067,2
orders-api-07382,3,阿里云,1980244,0.0070,3
payments-api-07383,4,腾讯云,1328850,0.0208,0
inventory-api-07384,1,私有云,1290001,0.0007,0
search-api-07385,5,本地部署,2625809,0.0228,1
notifications-api-07386,2,AWS,4240898,0.0057,2
authentication-api-07387,4,Azure,1760416,0.0083,0
analytics-api-07388,1,Google Cloud,1596752,0.0001,0
shipping-api-07389,5,阿里云,3930060,0.0055,0
billing-api-07390,5,腾讯云,142624,0.0050,0
users-api-07391,2,私有云,2864793,0.0277,13
orders-api-07392,1,本地部署,823532,0.0127,0
payments-api-07393,3,AWS,1531305,0.0000,1
inventory-api-07394,4,Azure,4279631,0.0000,2
search-api-07395,3,Google Cloud,3096900,0.0062,2
notifications-api-07396,2,阿里云,2889736,0.0000,1
authentication-api-07397,3,腾讯云,261045,0.0016,1
analytics-api-07398,5,私有云,3066664,0.0017,0
shipping-api-07399,1,本地部署,4358061,0.2168,0
billing-api-07400,1,AWS,1964728,0.0017,0
users-api-07401,1,Azure,2897484,0.0037,0
orders-api-07402,1,Google Cloud,4837480,0.0353,0
payments-api-07403,2,阿里云,1075154,0.0001,1
inventory-api-07404,1,腾讯云,3030693,0.0038,0
search-api-07405,4,私有云,4017214,0.0025,5
notifications-api-07406,4,本地部署,1683970,0.0087,0
authentication-api-07407,2,AWS,1126602,0.0027,1
analytics-api-07408,5,Azure,1505222,0.0073,2
shipping-api-07409,3,Google Cloud,3090816,0.0014,0
billing-api-07410,1,阿里云,3437663,0.0092,0
users-api-07411,4,腾讯云,3728808,0.0000,0
orders-api-07412,2,私有云,4472378,0.0033,3
payments-api-07413,4,本地部署,4317675,0.0004,3
inventory-api-07414,4,AWS,1507462,0.0000,1
search-api-07415,2,Azure,4235097,0.0268,0
notifications-api-07416,4,Google Cloud,1696308,0.0067,0
authentication-api-07417,3,阿里云,3611219,0.0356,2
analytics-api-07418,2,腾讯云,2078844,0.0043,0
shipping-api-07419,1,私有云,3833610,0.0045,0
billing-api-07420,3,本地部署,4316043,0.0038,5
users-api-07421,1,AWS,4148536,0.0000,3
orders-api-07422,2,Azure,3557654,0.0075,0
payments-api-07423,2,Google Cloud,3977036,0.0085,0
inventory-api-07424,2,阿里云,4768401,0.0045,0
search-api-07425,4,腾讯云,700178,0.0000,2
notifications-api-07426,1,私有云,36956,0.0097,0
authentication-api-07427,4,本地部署,331656,0.0000,2
analytics-api-07428,3,AWS,2048094,0.0045,1
shipping-api-07429,5,Azure,2870636,0.0350,1
billing-api-07430,5,Google Cloud,4008856,0.1897,5
users-api-07431,3,阿里云,3341133,0.0040,0
orders-api-07432,5,腾讯云,3367699,0.0022,0
payments-api-07433,1,私有云,2761616,0.0072,0
inventory-api-07434,2,本地部署,4870235,0.0000,3
search-api-07435,5,AWS,1923503,0.0025,1
notifications-api-07436,4,Azure,1367717,0.0459,0
authentication-api-07437,5,Google Cloud,3777500,0.0000,0
analytics-api-07438,4,阿里云,3750558,0.0338,1
shipping-api-07439,3,腾讯云,4428009,0.0008,1
billing-api-07440,3,私有云,1305489,0.0047,0
users-api-07441,4,本地部署,2571060,0.0000,3
orders-api-07442,2,AWS,1736663,0.0216,0
payments-api-07443,2,Azure,4828213,0.0072,0
inventory-api-07444,1,Google Cloud,4888400,0.0087,0
search-api-07445,3,阿里云,4819223,0.0012,13
notifications-api-07446,5,腾讯云,1330420,0.0000,1
authentication-api-07447,4,私有云,15648,0.0034,1
analytics-api-07448,5,本地部署,76469,0.1494,3
shipping-api-07449,5,AWS,1245118,0.0015,0
billing-api-07450,2,Azure,2263767,0.2226,0
users-api-07451,3,Google Cloud,1220635,0.0098,0
orders-api-07452,1,阿里云,3955940,0.0003,1
payments-api-07453,5,腾讯云,1622268,0.0057,13
inventory-api-07454,2,私有云,1858936,0.0056,2
search-api-07455,3,本地部署,4200499,0.0036,0
notifications-api-07456,1,AWS,831106,0.2765,0
authentication-api-07457,3,Azure,95841,0.0029,0
analytics-api-07458,5,Google Cloud,3960334,0.0072,0
shipping-api-07459,3,阿里云,1016765,0.0029,2
billing-api-07460,3,腾讯云,2153776,0.0098,0
users-api-07461,5,私有云,4193201,0.0087,2
orders-api-07462,5,本地部署,1434307,0.0097,0
payments-api-07463,3,AWS,4839463,0.0005,2
inventory-api-07464,2,Azure,3784029,0.0000,0
search-api-07465,1,Google Cloud,2671538,0.0058,0
notifications-api-07466,5,阿里云,2920076,0.0014,0
authentication-api-07467,4,腾讯云,688381,0.0434,0
analytics-api-07468,1,私有云,3807790,0.0004,0
shipping-api-07469,1,本地部署,1204330,0.0030,0
billing-api-07470,1,AWS,2303773,0.0090,2
users-api-07471,2,Azure,4081711,0.0060,0
orders-api-07472,2,Google Cloud,3123354,0.0272,3
payments-api-07473,3,阿里云,423256,0.0101,0
inventory-api-07474,1,腾讯云,2891878,0.0252,8
search-api-07475,4,私有云,239899,0.0038,1
notifications-api-07476,4,本地部署,4175815,0.0030,3
authentication-api-07477,5,AWS,1735341,0.0164,3
analytics-api-07478,1,Azure,1821114,0.0000,0
shipping-api-07479,4,Google Cloud,3762123,0.0057,1
billing-api-07480,4,阿里云,3304075,0.0057,0
users-api-07481,1,腾讯云,2536830,0.0000,2
orders-api-07482,4,私有云,2968535,0.0074,0
payments-api-07483,1,本地部署,4072907,0.0000,5
inventory-api-07484,5,AWS,4137579,0.0229,3
search-api-07485,5,Azure,3262594,0.0565,2
notifications-api-07486,1,Google Cloud,4629285,0.0051,0
authentication-api-07487,2,阿里云,4276347,0.0050,2
analytics-api-07488,1,腾讯云,1613574,0.0000,0
shipping-api-07489,1,私有云,2590816,0.0085,8
billing-api-07490,1,本地部署,288528,0.0000,1
users-api-07491,2,AWS,1444710,0.0000,0
orders-api-07492,2,Azure,1744050,0.0221,0
payments-api-07493,4,Google Cloud,1611019,0.0099,2
inventory-api-07494,1,阿里云,3970240,0.0058,2
search-api-07495,1,腾讯云,2087522,0.0014,1
notifications-api-07496,3,私有云,3413962,0.0095,3
authentication-api-07497,4,本地部署,1276425,0.0073,2
analytics-api-07498,3,AWS,2247533,0.0954,0
shipping-api-07499,3,Azure,778480,0.0088,0
billing-api-07500,3,Google Cloud,597085,0.0037,0
users-api-07501,1,阿里云,0,0.0000,5
orders-api-07502,5,腾讯云,763882,0.0294,2
payments-api-07503,4,私有云,1442781,0.0005,8
inventory-api-07504,1,本地部署,1047851,0.0032,0
search-api-07505,2,AWS,2189823,0.0414,2
notifications-api-07506,1,Azure,3374712,0.0723,2
authentication-api-07507,4,Google Cloud,4307997,0.0100,0
analytics-api-07508,4,阿里云,3795168,0.0435,0
shipping-api-07509,5,腾讯云,899779,0.0020,0
billing-api-07510,5,私有云,1887821,0.0071,0
users-api-07511,5,本地部署,4722970,0.0009,0
orders-api-07512,1,AWS,1162481,0.0071,2
payments-api-07513,5,Azure,688841,0.0000,0
inventory-api-07514,2,Google Cloud,3522089,0.0000,0
search-api-07515,4,阿里云,1058272,0.0000,5
notifications-api-07516,2,腾讯云,3936143,0.0479,3
authentication-api-07517,5,私有云,1089164,0.0076,1
analytics-api-07518,1,本地部署,3783521,0.0081,1
shipping-api-07519,5,AWS,1073327,0.0000,0
billing-api-07520,4,Azure,3997417,0.1942,1
users-api-07521,3,Google Cloud,291401,0.0065,0
orders-api-07522,4,阿里云,2094943,0.1119,0
payments-api-07523,1,腾讯云,1040779,0.0741,3
inventory-api-07524,1,私有云,325917,0.0090,3
search-api-07525,4,本地部署,1606199,0.0000,1
notifications-api-07526,3,AWS,1460561,0.0307,0
authentication-api-07527,4,Azure,753388,0.0136,2
analytics-api-07528,1,Google Cloud,636126,0.0380,0
shipping-api-07529,3,阿里云,654782,0.0000,2
billing-api-07530,2,腾讯云,1082556,0.0024,0
users-api-07531,3,私有云,2307858,0.0017,1
orders-api-07532,4,本地部署,1904497,0.0027,1
payments-api-07533,2,AWS,675702,0.0000,0
inventory-api-07534,5,Azure,4647192,0.0032,0
search-api-07535,5,Google Cloud,1183695,0.0081,1
notifications-api-07536,3,阿里云,1160984,0.0106,0
authentication-api-07537,5,腾讯云,2564068,0.0015,0
analytics-api-07538,3,私有云,3039423,0.0073,0
shipping-api-07539,1,本地部署,3161716,0.0000,1
billing-api-07540,5,AWS,1829790,0.0138,2
users-api-07541,1,Azure,327588,0.0124,8
orders-api-07542,5,Google Cloud,4794780,0.0069,0
payments-api-07543,4,阿里云,3401281,0.0017,0
inventory-api-07544,2,腾讯云,1867123,0.0039,1
search-api-07545,2,私有云,1028278,0.0000,0
notifications-api-07546,3,本地部署,4585059,0.0038,2
authentication-api-07547,1,AWS,4289123,0.0019,0
analytics-api-07548,1,Azure,3695865,0.0045,0
shipping-api-07549,2,Google Cloud,1731450,0.0003,8
billing-api-07550,3,阿里云,832141,0.0244,0
users-api-07551,3,腾讯云,4955849,0.0049,0
orders-api-07552,3,私有云,2783551,0.0349,0
payments-api-07553,2,本地部署,3169321,0.0094,0
inventory-api-07554,5,AWS,4892751,0.1340,0
search-api-07555,4,Azure,2850660,0.0056,3
notifications-api-07556,5,Google Cloud,139675,0.0065,0
authentication-api-07557,5,阿里云,1067724,0.0000,0
analytics-api-07558,3,腾讯云,1185151,0.0060,13
shipping-api-07559,2,私有云,3557542,0.0429,5
billing-api-07560,4,本地部署,3697011,0.0000,1
users-api-07561,4,AWS,1192035,0.0037,0
orders-api-07562,2,Azure,1895445,0.0052,2
payments-api-07563,1,Google Cloud,3353691,0.0080,3
inventory-api-07564,2,阿里云,709334,0.0022,0
search-api-07565,2,腾讯云,892126,0.0000,0
notifications-api-07566,5,私有云,1060427,0.0096,8
authentication-api-07567,2,本地部署,603494,0.0079,0
analytics-api-07568,3,AWS,3254025,0.0401,2
shipping-api-07569,1,Azure,1092701,0.0043,1
billing-api-07570,2,Google Cloud,2171163,0.0000,0
users-api-07571,4,阿里云,1540234,0.0070,0
orders-api-07572,1,腾讯云,4616186,0.0090,1
payments-api-07573,5,私有云,2760290,0.0090,2
inventory-api-07574,2,本地部署,1470983,0.0026,3
search-api-07575,3,AWS,530192,0.0001,1
notifications-api-07576,1,Azure,1369825,0.0000,0
authentication-api-07577,3,Google Cloud,1692784,0.0106,0
analytics-api-07578,3,阿里云,4390964,0.0076,1
shipping-api-07579,5,腾讯云,1777218,0.0006,2
billing-api-07580,3,私有云,2255674,0.0000,0
users-api-07581,1,本地部署,1625889,0.0070,0
orders-api-07582,5,AWS,4856387,0.0427,0
payments-api-07583,4,Azure,221798,0.0025,0
inventory-api-07584,4,Google Cloud,1325331,0.0053,0
search-api-07585,1,阿里云,540322,0.0017,3
notifications-api-07586,3,腾讯云,4514925,0.0002,2
authentication-api-07587,3,私有云,2983531,0.0057,1
analytics-api-07588,1,本地部署,1140515,0.0225,5
shipping-api-07589,3,AWS,3237773,0.0005,5
billing-api-07590,5,Azure,2768325,0.2041,5
users-api-07591,2,Google Cloud,1066593,0.0000,0
orders-api-07592,4,阿里云,2739002,0.0026,0
payments-api-07593,3,腾讯云,2841759,0.0000,2
inventory-api-07594,4,私有云,3191012,0.0157,1
search-api-07595,3,本地部署,2773782,0.0287,0
notifications-api-07596,1,AWS,4053020,0.0023,1
authentication-api-07597,3,Azure,2194363,0.0337,0
analytics-api-07598,4,Google Cloud,1576521,0.0172,0
shipping-api-07599,3,阿里云,176155,0.0098,1
billing-api-07600,4,腾讯云,4616398,0.0060,0
users-api-07601,4,私有云,1994719,0.0063,1
orders-api-07602,5,本地部署,2140906,0.0098,0
payments-api-07603,3,AWS,4285092,0.0029,0
inventory-api-07604,1,Azure,1216310,0.0016,0
search-api-07605,1,Google Cloud,372778,0.0016,0
notifications-api-07606,5,阿里云,4888751,0.0054,8
authentication-api-07607,4,腾讯云,1050716,0.0093,1
analytics-api-07608,1,私有云,4543329,0.0239,5
shipping-api-07609,3,本地部署,3331571,0.0058,2
billing-api-07610,1,AWS,3194907,0.0457,1
users-api-07611,5,Azure,4400859,0.0053,2
orders-api-07612,2,Google Cloud,3260711,0.0067,0
payments-api-07613,4,阿里云,879917,0.0090,2
inventory-api-07614,3,腾讯云,996470,0.0429,0
search-api-07615,4,私有云,3554408,0.0055,5
notifications-api-07616,1,本地部署,1847762,0.0332,0
authentication-api-07617,5,AWS,2231053,0.0003,0
analytics-api-07618,2,Azure,3667614,0.0487,0
shipping-api-07619,2,Google Cloud,4422492,0.0052,1
billing-api-07620,2,阿里云,4704995,0.0064,5
users-api-07621,2,腾讯云,2280415,0.0074,1
orders-api-07622,5,私有云,1736755,0.0036,2
payments-api-07623,5,本地部署,491910,0.0062,1
inventory-api-07624,3,AWS,2975853,0.0003,0
search-api-07625,2,Azure,724056,0.0357,1
notifications-api-07626,2,Google Cloud,2666146,0.0061,0
authentication-api-07627,1,阿里云,2732034,0.0039,1
analytics-api-07628,2,腾讯云,787904,0.0461,0
shipping-api-07629,5,私有云,4848603,0.0025,0
billing-api-07630,2,本地部署,1235853,0.0049,0
users-api-07631,5,AWS,214314,0.0082,0
orders-api-07632,1,Azure,4485619,0.0089,1
payments-api-07633,5,Google Cloud,1917618,0.0083,0
inventory-api-07634,3,阿里云,801851,0.0017,0
search-api-07635,3,腾讯云,4600224,0.2112,2
notifications-api-07636,5,私有云,4018078,0.2006,3
authentication-api-07637,2,本地部署,4618986,0.0082,1
analytics-api-07638,1,AWS,4478118,0.0000,1
shipping-api-07639,4,Azure,3054630,0.0000,0
billing-api-07640,1,Google Cloud,1846999,0.0052,1
users-api-07641,1,阿里云,1368824,0.0083,0
orders-api-07642,3,腾讯云,2469704,0.0099,1
payments-api-07643,2,私有云,553234,0.0000,0
inventory-api-07644,5,本地部署,4240972,0.0000,1
search-api-07645,1,AWS,3557801,0.0000,0
notifications-api-07646,1,Azure,1352331,0.0079,5
authentication-api-07647,2,Google Cloud,4388067,0.0083,1
analytics-api-07648,3,阿里云,921059,0.0000,0
shipping-api-07649,2,腾讯云,1957182,0.0084,8
billing-api-07650,2,私有云,122154,0.0035,1
users-api-07651,3,本地部署,2843822,0.1721,0
orders-api-07652,3,AWS,4314840,0.1696,0
payments-api-07653,5,Azure,1857834,0.0206,0
inventory-api-07654,3,Google Cloud,4424941,0.0084,8
search-api-07655,5,阿里云,4675761,0.0083,0
notifications-api-07656,3,腾讯云,1913570,0.0094,1
authentication-api-07657,3,私有云,2327571,0.0023,1
analytics-api-07658,2,本地部署,2572333,0.0069,0
shipping-api-07659,2,AWS,1070378,0.0068,0
billing-api-07660,2,Azure,1544536,0.0009,0
users-api-07661,1,Google Cloud,2872006,0.0000,0
orders-api-07662,5,阿里云,4314130,0.0359,2
payments-api-07663,1,腾讯云,232469,0.0251,0
inventory-api-07664,4,私有云,4885387,0.0000,1
search-api-07665,1,本地部署,1867748,0.0075,0
notifications-api-07666,3,AWS,776359,0.0313,1
authentication-api-07667,3,Azure,1808844,0.0000,0
analytics-api-07668,4,Google Cloud,478615,0.0095,0
shipping-api-07669,3,阿里云,338149,0.0000,2
billing-api-07670,2,腾讯云,4523578,0.0095,3
users-api-07671,2,私有云,3972612,0.0046,1
orders-api-07672,2,本地部署,2339163,0.0000,0
payments-api-07673,5,AWS,2902108,0.0020,2
inventory-api-07674,1,Azure,1804542,0.0042,0
search-api-07675,2,Google Cloud,2665607,0.0048,1
notifications-api-07676,1,阿里云,4535748,0.0072,13
authentication-api-07677,3,腾讯云,692409,0.0000,2
analytics-api-07678,3,私有云,405692,0.0098,0
shipping-api-07679,5,本地部署,483802,0.0033,1
billing-api-07680,3,AWS,484636,0.0000,0
users-api-07681,2,Azure,3201982,0.0000,8
orders-api-07682,4,Google Cloud,227685,0.0085,0
payments-api-07683,1,阿里云,2036907,0.0000,1
inventory-api-07684,1,腾讯云,4710265,0.0037,1
search-api-07685,1,私有云,2550631,0.0067,1
notifications-api-07686,4,本地部署,376456,0.0079,0
authentication-api-07687,1,AWS,2163856,0.0054,8
analytics-api-07688,3,Azure,2378661,0.0055,2
shipping-api-07689,1,Google Cloud,417367,0.0000,1
billing-api-07690,2,阿里云,4696114,0.0037,2
users-api-07691,3,腾讯云,2822269,0.0028,0
orders-api-07692,2,私有云,2391294,0.0202,2
payments-api-07693,3,本地部署,2203528,0.0080,1
inventory-api-07694,2,AWS,3001024,0.0065,0
search-api-07695,5,Azure,766977,0.0298,2
notifications-api-07696,2,Google Cloud,4277999,0.0015,0
authentication-api-07697,5,阿里云,306786,0.0030,0
analytics-api-07698,3,腾讯云,3585153,0.0019,2
shipping-api-07699,1,私有云,2835822,0.0473,0
billing-api-07700,5,本地部署,2432323,0.0000,0
users-api-07701,3,AWS,298110,0.0094,0
orders-api-07702,5,Azure,767135,0.0095,1
payments-api-07703,2,Google Cloud,4182685,0.0484,0
inventory-api-07704,4,阿里云,1433116,0.0619,5
search-api-07705,3,腾讯云,3158392,0.0334,3
notifications-api-07706,4,私有云,1506628,0.0000,1
authentication-api-07707,4,本地部署,1337994,0.0101,0
analytics-api-07708,3,AWS,4645222,0.0010,0
shipping-api-07709,3,Azure,147288,0.0077,0
billing-api-07710,2,Google Cloud,3380663,0.0064,0
users-api-07711,3,阿里云,1883925,0.0000,8
orders-api-07712,5,腾讯云,3470558,0.0077,8
payments-api-07713,4,私有云,2646225,0.0056,0
inventory-api-07714,4,本地部署,509794,0.0649,3
search-api-07715,2,AWS,968991,0.0050,0
notifications-api-07716,2,Azure,1257578,0.0000,0
authentication-api-07717,3,Google Cloud,1927402,0.0001,0
analytics-api-07718,1,阿里云,4328690,0.0095,0
shipping-api-07719,3,腾讯云,872089,0.0295,1
billing-api-07720,5,私有云,582659,0.0002,5
users-api-07721,1,本地部署,1379103,0.0074,0
orders-api-07722,2,AWS,308938,0.0000,2
payments-api-07723,4,Azure,3920634,0.0315,2
inventory-api-07724,5,Google Cloud,2698218,0.0062,0
search-api-07725,4,阿里云,3101240,0.0091,3
notifications-api-07726,5,腾讯云,4542604,0.0078,0
authentication-api-07727,4,私有云,3860578,0.0067,1
analytics-api-07728,3,本地部署,4813840,0.0039,1
shipping-api-07729,2,AWS,3262070,0.0000,0
billing-api-07730,1,Azure,4233461,0.0070,3
users-api-07731,5,Google Cloud,306714,0.0015,0
orders-api-07732,3,阿里云,4731884,0.2621,0
payments-api-07733,2,腾讯云,362120,0.0460,1
inventory-api-07734,3,私有云,2773812,0.0092,0
search-api-07735,3,本地部署,968868,0.0004,3
notifications-api-07736,2,AWS,4472445,0.0084,0
authentication-api-07737,3,Azure,4053399,0.0028,0
analytics-api-07738,1,Google Cloud,4645975,0.0031,5
shipping-api-07739,4,阿里云,2403883,0.0052,5
billing-api-07740,4,腾讯云,332184,0.0030,8
users-api-07741,1,私有云,547165,0.0351,0
orders-api-07742,5,本地部署,1225139,0.0034,1
payments-api-07743,3,AWS,4949824,0.0075,1
inventory-api-07744,4,Azure,3461761,0.0000,0
search-api-07745,4,Google Cloud,4177288,0.0000,0
notifications-api-07746,4,阿里云,1314037,0.0089,0
authentication-api-07747,1,腾讯云,460894,0.0142,1
analytics-api-07748,4,私有云,4962795,0.0000,1
shipping-api-07749,4,本地部署,3281866,0.0099,1
billing-api-07750,2,AWS,1871519,0.0058,3
users-api-07751,3,Azure,0,0.0000,5
orders-api-07752,3,Google Cloud,3282240,0.0420,0
payments-api-07753,3,阿里云,2120688,0.0077,0
inventory-api-07754,2,腾讯云,1037510,0.0038,0
search-api-07755,1,私有云,637043,0.0414,0
notifications-api-07756,5,本地部署,3653837,0.0233,1
authentication-api-07757,4,AWS,994279,0.0061,2
analytics-api-07758,3,Azure,865726,0.0000,1
shipping-api-07759,4,Google Cloud,2941270,0.0305,0
billing-api-07760,4,阿里云,1373526,0.2703,0
users-api-07761,5,腾讯云,2580404,0.0303,1
orders-api-07762,1,私有云,1425809,0.0058,8
payments-api-07763,5,本地部署,646963,0.0345,0
inventory-api-07764,1,AWS,1539972,0.0067,0
search-api-07765,2,Azure,717425,0.0069,0
notifications-api-07766,3,Google Cloud,1269827,0.0029,3
authentication-api-07767,5,阿里云,117412,0.0043,0
analytics-api-07768,1,腾讯云,4851176,0.0490,3
shipping-api-07769,5,私有云,3225358,0.0022,3
billing-api-07770,5,本地部署,62600,0.0065,1
users-api-07771,2,AWS,4085944,0.0000,0
orders-api-07772,2,Azure,3060157,0.0039,0
payments-api-07773,5,Google Cloud,698286,0.0028,0
inventory-api-07774,1,阿里云,2201296,0.0180,0
search-api-07775,2,腾讯云,1156717,0.0006,0
notifications-api-07776,3,私有云,2654111,0.0058,5
authentication-api-07777,5,本地部署,3152038,0.0392,0
analytics-api-07778,4,AWS,1778105,0.0085,0
shipping-api-07779,1,Azure,203803,0.0013,1
billing-api-07780,3,Google Cloud,636734,0.2821,1
users-api-07781,2,阿里云,3087595,0.0049,0
orders-api-07782,5,腾讯云,1304998,0.0040,2
payments-api-07783,4,私有云,1960941,0.0049,0
inventory-api-07784,1,本地部署,4504920,0.0113,1
search-api-07785,1,AWS,4882949,0.0075,0
notifications-api-07786,3,Azure,3536585,0.0047,0
authentication-api-07787,1,Google Cloud,3072209,0.0000,0
analytics-api-07788,2,阿里云,1967042,0.0000,1
shipping-api-07789,5,腾讯云,1492977,0.0009,0
billing-api-07790,5,私有云,304093,0.0000,2
users-api-07791,4,本地部署,596554,0.0002,1
orders-api-07792,1,AWS,1806670,0.0069,0
payments-api-07793,3,Azure,2354865,0.0122,0
inventory-api-07794,4,Google Cloud,1319382,0.0231,0
search-api-07795,4,阿里云,247423,0.0063,8
notifications-api-07796,2,腾讯云,1298442,0.0016,1
authentication-api-07797,3,私有云,1502580,0.0013,0
analytics-api-07798,4,本地部署,1134666,0.0000,0
shipping-api-07799,2,AWS,4969932,0.0237,0
billing-api-07800,4,Azure,1203475,0.0085,0
users-api-07801,4,Google Cloud,3588652,0.0080,0
orders-api-07802,1,阿里云,62656,0.0082,0
payments-api-07803,4,腾讯云,2733717,0.0009,8
inventory-api-07804,2,私有云,690660,0.0369,3
search-api-07805,2,本地部署,1360180,0.0000,0
notifications-api-07806,1,AWS,2707097,0.0054,1
authentication-api-07807,1,Azure,2549615,0.0048,2
analytics-api-07808,3,Google Cloud,4706876,0.0000,0
shipping-api-07809,5,阿里云,4523179,0.0056,0
billing-api-07810,4,腾讯云,1610319,0.0087,0
users-api-07811,5,私有云,4452085,0.0000,5
orders-api-07812,5,本地部署,1810912,0.1504,0
payments-api-07813,4,AWS,3437824,0.0016,3
inventory-api-07814,4,Azure,631196,0.0082,5
search-api-07815,4,Google Cloud,1878131,0.0000,0
notifications-api-07816,4,阿里云,1109001,0.0031,2
authentication-api-07817,5,腾讯云,824404,0.0264,2
analytics-api-07818,3,私有云,3042106,0.0057,8
shipping-api-07819,2,本地部署,4795807,0.0273,0
billing-api-07820,3,AWS,2273057,0.0045,0
users-api-07821,1,Azure,4239912,0.0095,0
orders-api-07822,3,Google Cloud,2246718,0.0153,0
payments-api-07823,1,阿里云,1166344,0.0059,1
inventory-api-07824,2,腾讯云,1517761,0.0074,0
search-api-07825,4,私有云,645524,0.0065,0
notifications-api-07826,4,本地部署,3702881,0.0078,2
authentication-api-07827,5,AWS,4365819,0.0033,0
analytics-api-07828,4,Azure,150533,0.2106,8
shipping-api-07829,2,Google Cloud,1610499,0.0046,0
billing-api-07830,2,阿里云,2730600,0.0005,1
users-api-07831,3,腾讯云,2691824,0.0077,0
orders-api-07832,1,私有云,3649621,0.0000,0
payments-api-07833,3,本地部署,288847,0.0052,2
inventory-api-07834,4,AWS,3889055,0.0000,0
search-api-07835,4,Azure,2449187,0.0044,0
notifications-api-07836,5,Google Cloud,2151483,0.0058,0
authentication-api-07837,4,阿里云,3688352,0.0026,0
analytics-api-07838,1,腾讯云,4187692,0.0090,0
shipping-api-07839,5,私有云,536059,0.0288,0
billing-api-07840,4,本地部署,3838445,0.0022,1
users-api-07841,3,AWS,680283,0.0754,0
orders-api-07842,3,Azure,3602234,0.0252,0
payments-api-07843,4,Google Cloud,1813346,0.0099,2
inventory-api-07844,5,阿里云,3874650,0.0082,1
search-api-07845,2,腾讯云,2894037,0.0034,0
notifications-api-07846,5,私有云,3177682,0.0019,0
authentication-api-07847,1,本地部署,4056234,0.0386,0
analytics-api-07848,1,AWS,2972483,0.0000,0
shipping-api-07849,1,Azure,3023419,0.0042,1
billing-api-07850,5,Google Cloud,3109467,0.2045,0
users-api-07851,5,阿里云,3493993,0.0040,0
orders-api-07852,3,腾讯云,4488140,0.0053,1
payments-api-07853,1,私有云,4214594,0.0036,8
inventory-api-07854,3,本地部署,2478155,0.0014,0
search-api-07855,1,AWS,2702143,0.0000,0
notifications-api-07856,2,Azure,1924139,0.1781,2
authentication-api-07857,3,Google Cloud,3578513,0.0000,0
analytics-api-07858,2,阿里云,3737992,0.0040,0
shipping-api-07859,4,腾讯云,1686578,0.0045,2
billing-api-07860,3,私有云,1516772,0.0304,3
users-api-07861,3,本地部署,2372733,0.0062,0
orders-api-07862,1,AWS,3551753,0.0048,0
payments-api-07863,5,Azure,1094401,0.0000,0
inventory-api-07864,4,Google Cloud,4907077,0.0090,2
search-api-07865,5,阿里云,2398823,0.0015,0
notifications-api-07866,1,腾讯云,3160904,0.0000,1
authentication-api-07867,4,私有云,203126,0.0157,0
analytics-api-07868,5,本地部署,1888794,0.0383,2
shipping-api-07869,5,AWS,1758838,0.0078,5
billing-api-07870,4,Azure,1302834,0.0000,0
users-api-07871,4,Google Cloud,642567,0.0232,5
orders-api-07872,4,阿里云,1873446,0.0092,3
payments-api-07873,1,腾讯云,337903,0.0001,0
inventory-api-07874,4,私有云,2135535,0.0007,2
search-api-07875,5,本地部署,3000277,0.0016,2
notifications-api-07876,3,AWS,4539966,0.0032,8
authentication-api-07877,5,Azure,2995960,0.0099,0
analytics-api-07878,2,Google Cloud,1921146,0.0099,1
shipping-api-07879,3,阿里云,1620370,0.0249,0
billing-api-07880,2,腾讯云,3468851,0.0098,0
users-api-07881,3,私有云,2963854,0.0037,2
orders-api-07882,4,本地部署,1485558,0.0151,0
payments-api-07883,4,AWS,2017458,0.0168,0
inventory-api-07884,5,Azure,1112280,0.0055,0
search-api-07885,2,Google Cloud,4562425,0.0000,0
notifications-api-07886,5,阿里云,1469822,0.0995,2
authentication-api-07887,5,腾讯云,1336696,0.2152,0
analytics-api-07888,4,私有云,452103,0.0082,0
shipping-api-07889,2,本地部署,2788705,0.0042,1
billing-api-07890,2,AWS,3678373,0.0039,5
users-api-07891,2,Azure,1134855,0.0000,3
orders-api-07892,2,Google Cloud,2166026,0.0455,0
payments-api-07893,4,阿里云,3702434,0.0000,2
inventory-api-07894,2,腾讯云,2186358,0.2814,0
search-api-07895,5,私有云,3053287,0.0093,0
notifications-api-07896,4,本地部署,3283654,0.0000,0
authentication-api-07897,1,AWS,3344056,0.0068,0
analytics-api-07898,3,Azure,3675970,0.0194,0
shipping-api-07899,1,Google Cloud,4102132,0.2952,3
billing-api-07900,1,阿里云,3664801,0.0003,0
users-api-07901,1,腾讯云,553784,0.0070,0
orders-api-07902,5,私有云,918886,0.0000,1
payments-api-07903,4,本地部署,2160650,0.0246,1
inventory-api-07904,3,AWS,2768411,0.0032,13
search-api-07905,2,Azure,2284218,0.0286,0
notifications-api-07906,3,Google Cloud,1183053,0.0046,3
authentication-api-07907,3,阿里云,3332276,0.0036,3
analytics-api-07908,4,腾讯云,2833216,0.0333,1
shipping-api-07909,2,私有云,4271353,0.0011,1
billing-api-07910,5,本地部署,3988911,0.1815,3
users-api-07911,2,AWS,3318001,0.0039,0
orders-api-07912,3,Azure,4001441,0.0052,0
payments-api-07913,4,Google Cloud,3361657,0.0087,2
inventory-api-07914,1,阿里云,3980865,0.0087,0
search-api-07915,5,腾讯云,505196,0.0041,0
notifications-api-07916,3,私有云,4227281,0.0043,1
authentication-api-07917,3,本地部署,3470875,0.0000,0
analytics-api-07918,5,AWS,1637848,0.0084,3
shipping-api-07919,1,Azure,2608524,0.0000,0
billing-api-07920,4,Google Cloud,3481569,0.0018,0
users-api-07921,1,阿里云,1798024,0.0022,5
orders-api-07922,2,腾讯云,1170481,0.0012,5
payments-api-07923,1,私有云,502323,0.0341,0
inventory-api-07924,3,本地部署,378970,0.0029,0
search-api-07925,2,AWS,4042913,0.0047,0
notifications-api-07926,2,Azure,2893445,0.0098,0
authentication-api-07927,5,Google Cloud,2662180,0.0016,0
analytics-api-07928,3,阿里云,587201,0.0343,1
shipping-api-07929,3,腾讯云,951119,0.0077,1
billing-api-07930,3,私有云,4856689,0.0067,0
users-api-07931,4,本地部署,1794064,0.0018,0
orders-api-07932,4,AWS,136534,0.0005,5
payments-api-07933,3,Azure,3829776,0.0128,0
inventory-api-07934,3,Google Cloud,3614900,0.0238,0
search-api-07935,1,阿里云,3919918,0.0093,1
notifications-api-07936,3,腾讯云,3651868,0.0064,0
authentication-api-07937,4,私有云,4123042,0.0062,1
analytics-api-07938,2,本地部署,3394849,0.0079,0
shipping-api-07939,1,AWS,4860573,0.0094,0
billing-api-07940,5,Azure,238044,0.0000,8
users-api-07941,1,Google Cloud,754925,0.0049,1
orders-api-07942,2,阿里云,4966897,0.0000,2
payments-api-07943,3,腾讯云,4382885,0.0067,0
inventory-api-07944,5,私有云,2585590,0.0064,0
search-api-07945,1,本地部署,49966,0.0084,0
notifications-api-07946,2,AWS,4429010,0.0000,0
authentication-api-07947,3,Azure,4890296,0.0000,0
analytics-api-07948,4,Google Cloud,1181848,0.0021,0
shipping-api-07949,1,阿里云,2620614,0.0002,1
billing-api-07950,4,腾讯云,1137343,0.0085,0
users-api-07951,3,私有云,4163979,0.0191,1
orders-api-07952,1,本地部署,3040532,0.0357,0
payments-api-07953,1,AWS,352107,0.0087,0
inventory-api-07954,4,Azure,4998028,0.0072,0
search-api-07955,5,Google Cloud,2276762,0.0000,0
notifications-api-07956,1,阿里云,3735785,0.0049,1
authentication-api-07957,1,腾讯云,3388570,0.0000,0
analytics-api-07958,2,私有云,1805494,0.0030,1
shipping-api-07959,2,本地部署,1319521,0.0489,0
billing-api-07960,3,AWS,2564007,0.0000,1
users-api-07961,1,Azure,4748595,0.0389,0
orders-api-07962,5,Google Cloud,4317146,0.0082,1
payments-api-07963,4,阿里云,1299038,0.0040,0
inventory-api-07964,4,腾讯云,4863425,0.0031,1
search-api-07965,5,私有云,4782594,0.0089,0
notifications-api-07966,1,本地部署,4332800,0.0035,0
authentication-api-07967,1,AWS,3779334,0.0072,2
analytics-api-07968,1,Azure,1783974,0.0030,0
shipping-api-07969,4,Google Cloud,1887203,0.0051,3
billing-api-07970,1,阿里云,3161359,0.0431,0
users-api-07971,1,腾讯云,4152746,0.0053,0
orders-api-07972,4,私有云,4580948,0.0465,0
payments-api-07973,2,本地部署,829540,0.0080,1
inventory-api-07974,1,AWS,337379,0.0021,0
search-api-07975,3,Azure,4374929,0.0082,2
notifications-api-07976,5,Google Cloud,418471,0.0024,2
authentication-api-07977,3,阿里云,2772703,0.0017,0
analytics-api-07978,2,腾讯云,180450,0.0040,2
shipping-api-07979,4,私有云,1318762,0.0039,0
billing-api-07980,4,本地部署,1273702,0.0052,2
users-api-07981,2,AWS,3688356,0.0000,0
orders-api-07982,1,Azure,4758797,0.0000,0
payments-api-07983,3,Google Cloud,967798,0.0020,3
inventory-api-07984,1,阿里云,3231467,0.0000,2
search-api-07985,5,腾讯云,2819346,0.0028,0
notifications-api-07986,4,私有云,2599473,0.0000,5
authentication-api-07987,4,本地部署,2219747,0.0078,0
analytics-api-07988,3,AWS,2612208,0.0432,0
shipping-api-07989,3,Azure,4917053,0.0000,0
billing-api-07990,2,Google Cloud,4067601,0.0069,1
users-api-07991,2,阿里云,1142212,0.0002,3
orders-api-07992,1,腾讯云,1232524,0.0427,3
payments-api-07993,1,私有云,3781793,0.0048,8
inventory-api-07994,5,本地部署,2187004,0.0026,0
search-api-07995,4,AWS,4565012,0.1126,0
notifications-api-07996,5,Azure,3757778,0.0000,0
authentication-api-07997,4,Google Cloud,721619,0.0016,3
analytics-api-07998,3,阿里云,843013,0.0074,1
shipping-api-07999,1,腾讯云,3005795,0.0037,1
billing-api-08000,4,私有云,3858168,0.0391,0
users-api-08001,4,本地部署,0,0.0000,0
orders-api-08002,4,AWS,4487392,0.1315,0
payments-api-08003,5,Azure,2971472,0.0085,2
inventory-api-08004,5,Google Cloud,908915,0.0000,0
search-api-08005,2,阿里云,4036161,0.0059,1
notifications-api-08006,4,腾讯云,2825962,0.0247,1
authentication-api-08007,5,私有云,2926998,0.0323,0
analytics-api-08008,4,本地部署,3677098,0.0056,0
shipping-api-08009,5,AWS,2017406,0.0021,0
billing-api-08010,2,Azure,351203,0.0059,1
users-api-08011,1,Google Cloud,121359,0.0068,0
orders-api-08012,2,阿里云,1656172,0.0253,0
payments-api-08013,3,腾讯云,3369258,0.0032,1
inventory-api-08014,1,私有云,1320818,0.0037,8
search-api-08015,1,本地部署,3361184,0.0048,1
notifications-api-08016,4,AWS,2966619,0.1781,3
authentication-api-08017,1,Azure,2192368,0.0069,1
analytics-api-08018,5,Google Cloud,640648,0.1131,0
shipping-api-08019,5,阿里云,2159307,0.0000,0
billing-api-08020,1,腾讯云,1797879,0.0000,0
users-api-08021,5,私有云,1342676,0.0026,0
orders-api-08022,2,本地部署,980765,0.0244,0
payments-api-08023,2,AWS,2571161,0.0080,0
inventory-api-08024,3,Azure,2392997,0.0033,1
search-api-08025,5,Google Cloud,1196660,0.0083,0
notifications-api-08026,2,阿里云,555135,0.0000,0
authentication-api-08027,1,腾讯云,3625925,0.0000,0
analytics-api-08028,1,私有云,3374976,0.0018,1
shipping-api-08029,1,本地部署,4272337,0.0010,1
billing-api-08030,1,AWS,2033331,0.0070,0
users-api-08031,4,Azure,397543,0.0027,0
orders-api-08032,4,Google Cloud,1660088,0.0089,1
payments-api-08033,4,阿里云,4291297,0.0057,1
inventory-api-08034,2,腾讯云,3162954,0.0029,1
search-api-08035,5,私有云,1687075,0.0000,8
notifications-api-08036,2,本地部署,1628522,0.0000,1
authentication-api-08037,2,AWS,3537326,0.0195,3
analytics-api-08038,4,Azure,2126966,0.0463,0
shipping-api-08039,4,Google Cloud,3363135,0.0188,1
billing-api-08040,2,阿里云,3079112,0.0045,0
users-api-08041,4,腾讯云,3453203,0.0000,2
orders-api-08042,5,私有云,4024173,0.0078,0
payments-api-08043,5,本地部署,473027,0.0000,1
inventory-api-08044,5,AWS,22090,0.0017,1
search-api-08045,4,Azure,4024753,0.0168,5
notifications-api-08046,1,Google Cloud,2161573,0.0000,2
authentication-api-08047,1,阿里云,1938243,0.0000,0
analytics-api-08048,1,腾讯云,1923424,0.0017,1
shipping-api-08049,4,私有云,2158449,0.0415,1
billing-api-08050,4,本地部署,3841958,0.0060,0
users-api-08051,4,AWS,2245844,0.0083,0
orders-api-08052,5,Azure,1369325,0.0343,2
payments-api-08053,4,Google Cloud,2319782,0.0080,0
inventory-api-08054,1,阿里云,3895258,0.0252,0
search-api-08055,2,腾讯云,3313419,0.0319,2
notifications-api-08056,4,私有云,3205724,0.0048,0
authentication-api-08057,5,本地部署,3582779,0.0008,0
analytics-api-08058,1,AWS,1457281,0.0029,1
shipping-api-08059,5,Azure,4138629,0.0011,1
billing-api-08060,3,Google Cloud,1237066,0.0044,1
users-api-08061,1,阿里云,413014,0.0045,8
orders-api-08062,5,腾讯云,4412859,0.0037,0
payments-api-08063,1,私有云,2862814,0.0041,13
inventory-api-08064,4,本地部署,1689405,0.0220,1
search-api-08065,1,AWS,866897,0.0000,0
notifications-api-08066,1,Azure,371339,0.0000,2
authentication-api-08067,3,Google Cloud,4968168,0.0313,0
analytics-api-08068,5,阿里云,4061528,0.0208,1
shipping-api-08069,1,腾讯云,1548507,0.0309,8
billing-api-08070,3,私有云,1488905,0.0054,2
users-api-08071,1,本地部署,3882221,0.0278,0
orders-api-08072,1,AWS,1743827,0.0058,0
payments-api-08073,2,Azure,2379844,0.0251,0
inventory-api-08074,1,Google Cloud,4185419,0.0017,0
search-api-08075,3,阿里云,2174600,0.0005,0
notifications-api-08076,5,腾讯云,2827133,0.0076,0
authentication-api-08077,4,私有云,1367638,0.0043,0
analytics-api-08078,4,本地部署,1290904,0.1494,8
shipping-api-08079,3,AWS,3909611,0.0099,2
billing-api-08080,3,Azure,4855055,0.0092,0
users-api-08081,4,Google Cloud,1819021,0.0060,0
orders-api-08082,4,阿里云,1142688,0.0036,2
payments-api-08083,5,腾讯云,293282,0.0028,1
inventory-api-08084,3,私有云,1373753,0.0127,13
search-api-08085,1,本地部署,2048498,0.0000,0
notifications-api-08086,2,AWS,283495,0.0000,3
authentication-api-08087,1,Azure,3365584,0.0094,0
analytics-api-08088,5,Google Cloud,4446018,0.0000,0
shipping-api-08089,5,阿里云,1239993,0.0077,0
billing-api-08090,3,腾讯云,1784377,0.2407,3
users-api-08091,3,私有云,1307137,0.0027,0
orders-api-08092,1,本地部署,802071,0.0258,1
payments-api-08093,3,AWS,2734615,0.0075,0
inventory-api-08094,4,Azure,584939,0.0077,0
search-api-08095,5,Google Cloud,766996,0.0030,8
notifications-api-08096,1,阿里云,1414781,0.0099,2
authentication-api-08097,5,腾讯云,828816,0.0249,1
analytics-api-08098,4,私有云,1619683,0.0029,0
shipping-api-08099,3,本地部署,4084123,0.0033,1
billing-api-08100,4,AWS,3034268,0.0125,1
users-api-08101,2,Azure,1047289,0.0041,5
orders-api-08102,4,Google Cloud,3807970,0.0008,0
payments-api-08103,4,阿里云,3106500,0.0035,0
inventory-api-08104,1,腾讯云,4955113,0.0000,1
search-api-08105,2,私有云,778785,0.0500,0
notifications-api-08106,5,本地部署,3333243,0.0010,2
authentication-api-08107,1,AWS,2316008,0.1229,3
analytics-api-08108,2,Azure,185438,0.0231,0
shipping-api-08109,3,Google Cloud,964071,0.0197,0
billing-api-08110,5,阿里云,2754567,0.0094,0
users-api-08111,3,腾讯云,2825101,0.0058,2
orders-api-08112,4,私有云,2291045,0.0019,0
payments-api-08113,5,本地部署,4933684,0.0086,3
inventory-api-08114,2,AWS,3153952,0.1006,3
search-api-08115,3,Azure,3172757,0.0001,0
notifications-api-08116,3,Google Cloud,1319571,0.0486,0
authentication-api-08117,2,阿里云,1776939,0.1852,1
analytics-api-08118,1,腾讯云,62235,0.0001,0
shipping-api-08119,4,私有云,316594,0.0082,2
billing-api-08120,3,本地部署,785929,0.0249,0
users-api-08121,3,AWS,25594,0.0270,0
orders-api-08122,1,Azure,3141075,0.0025,3
payments-api-08123,5,Google Cloud,2588079,0.0089,3
inventory-api-08124,4,阿里云,1185219,0.0041,1
search-api-08125,5,腾讯云,89514,0.0000,0
notifications-api-08126,1,私有云,3936143,0.0100,0
authentication-api-08127,5,本地部署,3314287,0.0070,5
analytics-api-08128,3,AWS,2188415,0.0080,0
shipping-api-08129,1,Azure,3502212,0.0032,3
billing-api-08130,3,Google Cloud,2433939,0.0000,1
users-api-08131,4,阿里云,2031395,0.0013,0
orders-api-08132,2,腾讯云,4038593,0.0129,1
payments-api-08133,3,私有云,3371405,0.0004,1
inventory-api-08134,5,本地部署,4775149,0.0034,13
search-api-08135,2,AWS,714515,0.0297,8
notifications-api-08136,1,Azure,400116,0.0094,2
authentication-api-08137,4,Google Cloud,2405979,0.0131,2
analytics-api-08138,1,阿里云,2631297,0.0291,2
shipping-api-08139,2,腾讯云,4006605,0.0051,2
billing-api-08140,5,私有云,3029425,0.0006,1
users-api-08141,1,本地部署,1983176,0.0075,0
orders-api-08142,3,AWS,1977219,0.0003,0
payments-api-08143,1,Azure,3828079,0.0404,1
inventory-api-08144,1,Google Cloud,1927625,0.0044,2
search-api-08145,5,阿里云,1605453,0.0000,3
notifications-api-08146,3,腾讯云,2270742,0.0171,0
authentication-api-08147,5,私有云,3270552,0.0070,0
analytics-api-08148,5,本地部署,1484320,0.0046,1
shipping-api-08149,2,AWS,4245617,0.0097,0
billing-api-08150,3,Azure,1668671,0.0489,2
users-api-08151,3,Google Cloud,2294141,0.0015,0
orders-api-08152,2,阿里云,1296601,0.0061,3
payments-api-08153,3,腾讯云,4113737,0.0000,1
inventory-api-08154,5,私有云,2686472,0.0000,0
search-api-08155,1,本地部署,62596,0.0093,1
notifications-api-08156,1,AWS,4867002,0.0385,0
authentication-api-08157,4,Azure,4373269,0.0020,0
analytics-api-08158,4,Google Cloud,4315995,0.0025,0
shipping-api-08159,2,阿里云,4323017,0.0331,2
billing-api-08160,2,腾讯云,1335739,0.0451,5
users-api-08161,3,私有云,1576771,0.0036,0
orders-api-08162,3,本地部署,3070278,0.0057,0
payments-api-08163,3,AWS,1951287,0.0026,1
inventory-api-08164,1,Azure,2851746,0.0000,1
search-api-08165,4,Google Cloud,1467554,0.1090,0
notifications-api-08166,5,阿里云,3345324,0.0471,1
authentication-api-08167,4,腾讯云,3385348,0.0000,0
analytics-api-08168,5,私有云,4133529,0.0358,3
shipping-api-08169,1,本地部署,602074,0.0069,3
billing-api-08170,5,AWS,2918674,0.0435,0
users-api-08171,2,Azure,2860526,0.0040,0
orders-api-08172,3,Google Cloud,4270216,0.0017,0
payments-api-08173,5,阿里云,110667,0.0033,0
inventory-api-08174,1,腾讯云,111213,0.0000,0
search-api-08175,3,私有云,1244301,0.0077,0
notifications-api-08176,4,本地部署,1698049,0.0000,0
authentication-api-08177,5,AWS,1353489,0.0013,0
analytics-api-08178,4,Azure,4934445,0.0249,0
shipping-api-08179,5,Google Cloud,4417347,0.0085,0
billing-api-08180,3,阿里云,2768900,0.0095,0
users-api-08181,5,腾讯云,4577251,0.0017,0
orders-api-08182,3,私有云,2904892,0.0153,1
payments-api-08183,3,本地部署,408368,0.0000,0
inventory-api-08184,2,AWS,3478632,0.0389,8
search-api-08185,4,Azure,3298523,0.0000,1
notifications-api-08186,1,Google Cloud,1936312,0.0388,0
authentication-api-08187,4,阿里云,1907734,0.0089,0
analytics-api-08188,5,腾讯云,1040530,0.0000,0
shipping-api-08189,2,私有云,4765693,0.2016,0
billing-api-08190,3,本地部署,2250108,0.0014,8
users-api-08191,5,AWS,2768357,0.0047,1
orders-api-08192,4,Azure,2390897,0.0288,0
payments-api-08193,5,Google Cloud,3003524,0.0029,0
inventory-api-08194,5,阿里云,4041900,0.0068,1
search-api-08195,5,腾讯云,3605028,0.0049,0
notifications-api-08196,2,私有云,903090,0.2651,0
authentication-api-08197,3,本地部署,4748819,0.0819,0
analytics-api-08198,4,AWS,388848,0.0110,5
shipping-api-08199,4,Azure,710501,0.0263,0
billing-api-08200,1,Google Cloud,4995263,0.0020,0
users-api-08201,4,阿里云,2581323,0.0163,0
orders-api-08202,3,腾讯云,3696510,0.0097,0
payments-api-08203,2,私有云,4739572,0.0047,0
inventory-api-08204,1,本地部署,716879,0.0498,0
search-api-08205,4,AWS,4622239,0.0080,2
notifications-api-08206,5,Azure,3150246,0.0599,0
authentication-api-08207,5,Google Cloud,3168337,0.0014,3
analytics-api-08208,3,阿里云,3926749,0.0005,2
shipping-api-08209,2,腾讯云,4106807,0.0093,0
billing-api-08210,1,私有云,1054446,0.0015,1
users-api-08211,2,本地部署,1180401,0.0356,1
orders-api-08212,2,AWS,1240978,0.0430,5
payments-api-08213,4,Azure,3723948,0.0062,1
inventory-api-08214,4,Google Cloud,2405196,0.0095,1
search-api-08215,5,阿里云,134186,0.0028,2
notifications-api-08216,4,腾讯云,1676880,0.0074,5
authentication-api-08217,5,私有云,3231467,0.0384,3
analytics-api-08218,5,本地部署,4865600,0.0370,1
shipping-api-08219,3,AWS,3519327,0.0204,0
billing-api-08220,3,Azure,3023532,0.0005,1
users-api-08221,3,Google Cloud,160569,0.0000,1
orders-api-08222,4,阿里云,3228190,0.0059,1
payments-api-08223,3,腾讯云,3261829,0.0843,0
inventory-api-08224,5,私有云,2038931,0.0051,0
search-api-08225,3,本地部署,2710284,0.0000,1
notifications-api-08226,1,AWS,4764483,0.0039,1
authentication-api-08227,3,Azure,3989735,0.0095,0
analytics-api-08228,5,Google Cloud,4211439,0.0021,1
shipping-api-08229,4,阿里云,1917400,0.0414,3
billing-api-08230,3,腾讯云,4722892,0.0090,0
users-api-08231,1,私有云,174320,0.0000,0
orders-api-08232,5,本地部署,751951,0.0169,1
payments-api-08233,1,AWS,362413,0.0094,8
inventory-api-08234,1,Azure,771676,0.0000,2
search-api-08235,4,Google Cloud,4529254,0.0092,13
notifications-api-08236,3,阿里云,4301362,0.0042,1
authentication-api-08237,3,腾讯云,4789678,0.0332,0
analytics-api-08238,4,私有云,1738225,0.0119,1
shipping-api-08239,2,本地部署,1410603,0.0079,1
billing-api-08240,1,AWS,2236462,0.0019,3
users-api-08241,5,Azure,3559413,0.0306,0
orders-api-08242,4,Google Cloud,2297686,0.0036,1
payments-api-08243,5,阿里云,3095099,0.0039,0
inventory-api-08244,5,腾讯云,1023704,0.0031,0
search-api-08245,3,私有云,3414129,0.0045,13
notifications-api-08246,2,本地部署,4681726,0.0169,0
authentication-api-08247,3,AWS,1772938,0.0280,0
analytics-api-08248,2,Azure,1596881,0.0067,0
shipping-api-08249,5,Google Cloud,1627565,0.0000,0
billing-api-08250,5,阿里云,2293563,0.0007,0
users-api-08251,1,腾讯云,0,0.0000,1
orders-api-08252,2,私有云,1087614,0.0091,3
payments-api-08253,1,本地部署,3000335,0.0085,1
inventory-api-08254,3,AWS,1610511,0.0003,1
search-api-08255,3,Azure,1377938,0.0020,1
notifications-api-08256,5,Google Cloud,3921134,0.0020,0
authentication-api-08257,5,阿里云,3050473,0.0056,0
analytics-api-08258,3,腾讯云,2449518,0.0441,2
shipping-api-08259,5,私有云,4773806,0.0046,0
billing-api-08260,2,本地部署,1063695,0.0010,0
users-api-08261,4,AWS,2866478,0.0444,2
orders-api-08262,1,Azure,4169008,0.0089,1
payments-api-08263,2,Google Cloud,358816,0.0006,1
inventory-api-08264,5,阿里云,1133716,0.0047,1
search-api-08265,5,腾讯云,3427200,0.0023,1
notifications-api-08266,1,私有云,1004452,0.0018,2
authentication-api-08267,3,本地部署,1467012,0.0041,2
analytics-api-08268,2,AWS,4582751,0.0055,13
shipping-api-08269,1,Azure,1053133,0.0046,0
billing-api-08270,5,Google Cloud,1157919,0.2169,0
users-api-08271,1,阿里云,4661085,0.0027,13
orders-api-08272,2,腾讯云,4484096,0.0036,1
payments-api-08273,4,私有云,389071,0.2040,1
inventory-api-08274,5,本地部署,4960806,0.0254,0
search-api-08275,5,AWS,2972788,0.0005,2
notifications-api-08276,1,Azure,948252,0.0000,0
authentication-api-08277,1,Google Cloud,3444304,0.0078,1
analytics-api-08278,1,阿里云,610847,0.0209,2
shipping-api-08279,5,腾讯云,4796918,0.0472,0
billing-api-08280,3,私有云,4558420,0.0075,0
users-api-08281,2,本地部署,1335079,0.0055,2
orders-api-08282,3,AWS,2265088,0.0005,1
payments-api-08283,2,Azure,701519,0.0062,1
inventory-api-08284,4,Google Cloud,2572820,0.2658,0
search-api-08285,1,阿里云,338188,0.0003,5
notifications-api-08286,3,腾讯云,4408037,0.0487,0
authentication-api-08287,5,私有云,2092000,0.0018,8
analytics-api-08288,3,本地部署,1259016,0.0497,1
shipping-api-08289,5,AWS,3828441,0.0089,2
billing-api-08290,4,Azure,3801715,0.0063,0
users-api-08291,3,Google Cloud,2483656,0.0053,0
orders-api-08292,4,阿里云,2286177,0.0436,1
payments-api-08293,3,腾讯云,1877079,0.0045,1
inventory-api-08294,4,私有云,3989366,0.0000,3
search-api-08295,4,本地部署,109635,0.0000,0
notifications-api-08296,1,AWS,1339610,0.0000,0
authentication-api-08297,4,Azure,3998019,0.0073,0
analytics-api-08298,5,Google Cloud,2565744,0.0479,3
shipping-api-08299,1,阿里云,4825887,0.0018,0
billing-api-08300,4,腾讯云,652176,0.0470,0
users-api-08301,4,私有云,3745739,0.0071,5
orders-api-08302,4,本地部署,373113,0.0421,0
payments-api-08303,1,AWS,2418611,0.0026,2
inventory-api-08304,2,Azure,4533629,0.0457,0
search-api-08305,2,Google Cloud,2579597,0.0006,2
notifications-api-08306,2,阿里云,1235898,0.0096,1
authentication-api-08307,4,腾讯云,566658,0.0195,13
analytics-api-08308,3,私有云,3065659,0.0000,0
shipping-api-08309,2,本地部署,3072004,0.0032,0
billing-api-08310,1,AWS,608572,0.0000,0
users-api-08311,3,Azure,1999912,0.0002,1
orders-api-08312,4,Google Cloud,3734197,0.0076,0
payments-api-08313,5,阿里云,3838890,0.0000,0
inventory-api-08314,5,腾讯云,3321587,0.0001,0
search-api-08315,3,私有云,2651398,0.0000,0
notifications-api-08316,3,本地部署,3941377,0.0000,0
authentication-api-08317,4,AWS,4711058,0.0230,2
analytics-api-08318,4,Azure,70368,0.0078,0
shipping-api-08319,2,Google Cloud,858342,0.0050,0
billing-api-08320,2,阿里云,921445,0.0258,0
users-api-08321,1,腾讯云,2767914,0.0096,0
orders-api-08322,4,私有云,1516937,0.0447,0
payments-api-08323,4,本地部署,976846,0.0226,0
inventory-api-08324,3,AWS,1749128,0.0211,0
search-api-08325,2,Azure,2934925,0.0458,1
notifications-api-08326,2,Google Cloud,3770520,0.0000,5
authentication-api-08327,2,阿里云,4644117,0.0045,0
analytics-api-08328,2,腾讯云,1804862,0.0089,0
shipping-api-08329,1,私有云,4889567,0.0232,1
billing-api-08330,4,本地部署,2372149,0.0127,0
users-api-08331,5,AWS,2883015,0.0013,0
orders-api-08332,2,Azure,859520,0.0089,1
payments-api-08333,4,Google Cloud,198234,0.0074,0
inventory-api-08334,1,阿里云,3626977,0.0000,0
search-api-08335,3,腾讯云,480794,0.0014,0
notifications-api-08336,4,私有云,4190704,0.0031,0
authentication-api-08337,4,本地部署,2022802,0.0019,0
analytics-api-08338,2,AWS,4030980,0.0025,0
shipping-api-08339,4,Azure,4632471,0.0035,0
billing-api-08340,3,Google Cloud,2044489,0.0035,0
users-api-08341,5,阿里云,1852844,0.0151,0
orders-api-08342,3,腾讯云,1902527,0.0026,0
payments-api-08343,4,私有云,3333311,0.0064,2
inventory-api-08344,2,本地部署,2409013,0.0146,0
search-api-08345,4,AWS,1589940,0.0080,0
notifications-api-08346,4,Azure,2930427,0.0414,0
authentication-api-08347,5,Google Cloud,4094071,0.0000,0
analytics-api-08348,3,阿里云,4181399,0.0080,1
shipping-api-08349,3,腾讯云,469852,0.0088,0
billing-api-08350,3,私有云,3469270,0.0000,0
users-api-08351,1,本地部署,1274591,0.0624,0
orders-api-08352,3,AWS,3781621,0.0000,0
payments-api-08353,1,Azure,1304060,0.0060,0
inventory-api-08354,5,Google Cloud,3766757,0.1508,0
search-api-08355,1,阿里云,4972838,0.0073,1
notifications-api-08356,5,腾讯云,2832752,0.0044,0
authentication-api-08357,2,私有云,119066,0.0044,0
analytics-api-08358,2,本地部署,1729635,0.0049,1
shipping-api-08359,1,AWS,2429846,0.0070,2
billing-api-08360,4,Azure,4253083,0.0052,2
users-api-08361,1,Google Cloud,4498996,0.0053,0
orders-api-08362,4,阿里云,1546704,0.0095,0
payments-api-08363,3,腾讯云,2138905,0.0235,1
inventory-api-08364,2,私有云,101977,0.0006,0
search-api-08365,1,本地部署,2567010,0.0000,0
notifications-api-08366,2,AWS,3971917,0.0056,3
authentication-api-08367,4,Azure,1979037,0.0471,0
analytics-api-08368,3,Google Cloud,1072454,0.0000,3
shipping-api-08369,2,阿里云,3351717,0.0478,0
billing-api-08370,2,腾讯云,4391408,0.0019,0
users-api-08371,3,私有云,208230,0.0280,0
orders-api-08372,5,本地部署,4745266,0.0003,3
payments-api-08373,3,AWS,2199467,0.0088,0
inventory-api-08374,4,Azure,44747,0.1965,1
search-api-08375,3,Google Cloud,4911780,0.0082,0
notifications-api-08376,5,阿里云,786228,0.0013,1
authentication-api-08377,5,腾讯云,83349,0.0000,0
analytics-api-08378,1,私有云,1244421,0.0000,0
shipping-api-08379,1,本地部署,1199223,0.0306,0
billing-api-08380,2,AWS,157514,0.0045,8
users-api-08381,3,Azure,3047120,0.0061,1
orders-api-08382,1,Google Cloud,463067,0.0063,0
payments-api-08383,4,阿里云,2038292,0.0096,0
inventory-api-08384,1,腾讯云,995095,0.0059,1
search-api-08385,3,私有云,4093597,0.0096,0
notifications-api-08386,2,本地部署,3879457,0.0088,0
authentication-api-08387,3,AWS,3317655,0.0003,0
analytics-api-08388,3,Azure,3405438,0.0229,1
shipping-api-08389,4,Google Cloud,3853758,0.0000,0
billing-api-08390,1,阿里云,3317824,0.0029,3
users-api-08391,3,腾讯云,199623,0.0008,0
orders-api-08392,5,私有云,333974,0.0056,3
payments-api-08393,3,本地部署,1510256,0.0003,2
inventory-api-08394,4,AWS,2349528,0.0000,0
search-api-08395,4,Azure,1858137,0.0016,0
notifications-api-08396,3,Google Cloud,2172445,0.0094,0
authentication-api-08397,2,阿里云,3827029,0.0039,0
analytics-api-08398,1,腾讯云,4851920,0.0094,3
shipping-api-08399,2,私有云,1326714,0.0021,0
billing-api-08400,4,本地部署,279779,0.0047,0
users-api-08401,1,AWS,38112,0.0040,0
orders-api-08402,3,Azure,1642555,0.0274,3
payments-api-08403,2,Google Cloud,3730002,0.0048,5
inventory-api-08404,1,阿里云,3651040,0.0000,0
search-api-08405,1,腾讯云,4338476,0.0059,1
notifications-api-08406,2,私有云,3989988,0.0022,5
authentication-api-08407,1,本地部署,4690201,0.0063,0
analytics-api-08408,4,AWS,1631240,0.0070,2
shipping-api-08409,3,Azure,470590,0.0477,1
billing-api-08410,1,Google Cloud,3796924,0.2744,0
users-api-08411,3,阿里云,372850,0.0477,2
orders-api-08412,5,腾讯云,2182305,0.0053,2
payments-api-08413,5,私有云,2328972,0.0000,3
inventory-api-08414,2,本地部署,4193498,0.0000,2
search-api-08415,4,AWS,2019635,0.0000,8
notifications-api-08416,3,Azure,1999755,0.0350,0
authentication-api-08417,5,Google Cloud,1138801,0.0964,0
analytics-api-08418,1,阿里云,4888636,0.0100,1
shipping-api-08419,3,腾讯云,674159,0.2358,0
billing-api-08420,2,私有云,654421,0.0000,0
users-api-08421,4,本地部署,647300,0.0042,0
orders-api-08422,5,AWS,3071958,0.0083,0
payments-api-08423,5,Azure,4641079,0.0096,2
inventory-api-08424,5,Google Cloud,1320444,0.0000,0
search-api-08425,1,阿里云,198857,0.0066,0
notifications-api-08426,5,腾讯云,3357510,0.2242,0
authentication-api-08427,2,私有云,330879,0.0094,1
analytics-api-08428,5,本地部署,2803924,0.0000,0
shipping-api-08429,1,AWS,2178245,0.0355,1
billing-api-08430,2,Azure,2186752,0.0032,0
users-api-08431,1,Google Cloud,3573723,0.0096,0
orders-api-08432,3,阿里云,1398732,0.0023,1
payments-api-08433,5,腾讯云,2331645,0.0074,2
inventory-api-08434,3,私有云,4009524,0.0045,0
search-api-08435,4,本地部署,2127421,0.0096,0
notifications-api-08436,2,AWS,1633956,0.0445,0
authentication-api-08437,3,Azure,4170289,0.0033,1
analytics-api-08438,5,Google Cloud,2752973,0.0091,0
shipping-api-08439,3,阿里云,2543497,0.0030,1
billing-api-08440,1,腾讯云,339350,0.0000,0
users-api-08441,1,私有云,2319021,0.0032,1
orders-api-08442,4,本地部署,2895140,0.0027,0
payments-api-08443,2,AWS,2529553,0.0005,8
inventory-api-08444,1,Azure,4275105,0.0096,5
search-api-08445,1,Google Cloud,2592220,0.0204,2
notifications-api-08446,4,阿里云,2189961,0.0000,0
authentication-api-08447,1,腾讯云,3036219,0.0076,0
analytics-api-08448,3,私有云,2822833,0.0043,0
shipping-api-08449,4,本地部署,4105089,0.0007,2
billing-api-08450,3,AWS,2678421,0.1216,0
users-api-08451,3,Azure,4288137,0.0402,0
orders-api-08452,2,Google Cloud,509842,0.0051,0
payments-api-08453,4,阿里云,2361085,0.0083,0
inventory-api-08454,2,腾讯云,2544119,0.0000,3
search-api-08455,3,私有云,1829276,0.0080,8
notifications-api-08456,2,本地部署,4906177,0.0042,0
authentication-api-08457,2,AWS,2840605,0.0304,0
analytics-api-08458,1,Azure,4978072,0.0083,0
shipping-api-08459,2,Google Cloud,3502390,0.0031,0
billing-api-08460,4,阿里云,3984825,0.0195,0
users-api-08461,2,腾讯云,3592396,0.0048,0
orders-api-08462,1,私有云,1019341,0.0000,0
payments-api-08463,2,本地部署,227366,0.0019,0
inventory-api-08464,5,AWS,1978555,0.1761,0
search-api-08465,5,Azure,2258318,0.0039,0
notifications-api-08466,2,Google Cloud,2100697,0.0063,0
authentication-api-08467,4,阿里云,4526894,0.0062,1
analytics-api-08468,2,腾讯云,2484385,0.0050,3
shipping-api-08469,4,私有云,3040658,0.0092,0
billing-api-08470,3,本地部署,1268071,0.0073,0
users-api-08471,5,AWS,2086873,0.0083,3
orders-api-08472,4,Azure,4146759,0.0098,2
payments-api-08473,5,Google Cloud,1519010,0.0243,2
inventory-api-08474,2,阿里云,2512146,0.0304,3
search-api-08475,4,腾讯云,533250,0.0021,2
notifications-api-08476,2,私有云,4083732,0.0056,0
authentication-api-08477,3,本地部署,810225,0.0099,0
analytics-api-08478,5,AWS,3264933,0.0449,5
shipping-api-08479,2,Azure,3490387,0.0388,0
billing-api-08480,5,Google Cloud,3727043,0.0000,1
users-api-08481,5,阿里云,881217,0.0094,0
orders-api-08482,4,腾讯云,3719262,0.0090,0
payments-api-08483,1,私有云,2695340,0.0455,1
inventory-api-08484,2,本地部署,4846429,0.0000,3
search-api-08485,1,AWS,3749184,0.0052,8
notifications-api-08486,4,Azure,1386642,0.0061,5
authentication-api-08487,5,Google Cloud,2644617,0.0125,1
analytics-api-08488,1,阿里云,4420367,0.0000,1
shipping-api-08489,3,腾讯云,2283376,0.0100,0
billing-api-08490,4,私有云,4445732,0.0048,2
users-api-08491,1,本地部署,2399270,0.0073,0
orders-api-08492,4,AWS,3412525,0.0073,0
payments-api-08493,5,Azure,4280092,0.0261,0
inventory-api-08494,5,Google Cloud,1340946,0.0000,0
search-api-08495,5,阿里云,4497336,0.0057,3
notifications-api-08496,4,腾讯云,4448332,0.0015,2
authentication-api-08497,1,私有云,2253444,0.0004,3
analytics-api-08498,3,本地部署,1990788,0.0048,13
shipping-api-08499,5,AWS,4941687,0.0032,0
billing-api-08500,3,Azure,3608983,0.0079,2
users-api-08501,5,Google Cloud,0,0.0000,0
orders-api-08502,4,阿里云,744076,0.0071,0
payments-api-08503,2,腾讯云,1867103,0.0043,5
inventory-api-08504,3,私有云,4557904,0.0069,0
search-api-08505,1,本地部署,3440036,0.0077,1
notifications-api-08506,3,AWS,504917,0.0000,2
authentication-api-08507,5,Azure,3895777,0.0009,0
analytics-api-08508,4,Google Cloud,2917500,0.0069,1
shipping-api-08509,1,阿里云,474764,0.0079,3
billing-api-08510,3,腾讯云,524094,0.0080,1
users-api-08511,4,私有云,2268283,0.0048,1
orders-api-08512,2,本地部署,2488854,0.0002,0
payments-api-08513,2,AWS,1753950,0.0022,0
inventory-api-08514,3,Azure,3690875,0.0007,2
search-api-08515,3,Google Cloud,2852966,0.0443,1
notifications-api-08516,2,阿里云,3386169,0.0000,5
authentication-api-08517,1,腾讯云,856200,0.0146,1
analytics-api-08518,5,私有云,1037043,0.0033,1
shipping-api-08519,5,本地部署,2262300,0.1802,1
billing-api-08520,1,AWS,2208248,0.0000,0
users-api-08521,1,Azure,2220153,0.0090,0
orders-api-08522,1,Google Cloud,1411671,0.0100,0
payments-api-08523,2,阿里云,4660233,0.0015,0
inventory-api-08524,2,腾讯云,3363200,0.0031,0
search-api-08525,2,私有云,2843919,0.0031,2
notifications-api-08526,5,本地部署,3788581,0.0031,2
authentication-api-08527,2,AWS,2782377,0.0000,0
analytics-api-08528,1,Azure,3623187,0.0274,0
shipping-api-08529,4,Google Cloud,3215136,0.0228,1
billing-api-08530,2,阿里云,4061071,0.0095,0
users-api-08531,1,腾讯云,4598034,0.0081,0
orders-api-08532,4,私有云,2838650,0.0099,0
payments-api-08533,5,本地部署,3848177,0.0066,1
inventory-api-08534,5,AWS,4410960,0.0015,0
search-api-08535,4,Azure,2149274,0.0128,0
notifications-api-08536,2,Google Cloud,2262263,0.0029,0
authentication-api-08537,1,阿里云,3101520,0.0000,2
analytics-api-08538,4,腾讯云,521334,0.0163,3
shipping-api-08539,3,私有云,191139,0.0077,1
billing-api-08540,1,本地部署,276306,0.0059,0
users-api-08541,5,AWS,1762332,0.0025,0
orders-api-08542,4,Azure,2603984,0.0146,0
payments-api-08543,5,Google Cloud,107491,0.0061,0
inventory-api-08544,5,阿里云,3812595,0.0092,1
search-api-08545,5,腾讯云,2185658,0.0000,0
notifications-api-08546,1,私有云,4482674,0.0087,0
authentication-api-08547,4,本地部署,2823091,0.0034,0
analytics-api-08548,4,AWS,618434,0.0000,0
shipping-api-08549,2,Azure,4759559,0.0010,0
billing-api-08550,4,Google Cloud,360203,0.0000,0
users-api-08551,4,阿里云,4830979,0.0000,13
orders-api-08552,1,腾讯云,403220,0.0000,0
payments-api-08553,2,私有云,4843693,0.0221,0
inventory-api-08554,3,本地部署,3620439,0.0009,0
search-api-08555,2,AWS,2499943,0.0000,3
notifications-api-08556,1,Azure,3349428,0.0068,0
authentication-api-08557,4,Google Cloud,1205261,0.0100,0
analytics-api-08558,3,阿里云,3686416,0.0088,0
shipping-api-08559,4,腾讯云,1376389,0.0031,0
billing-api-08560,3,私有云,928066,0.0055,0
users-api-08561,4,本地部署,3188462,0.0077,0
orders-api-08562,5,AWS,4313831,0.0474,1
payments-api-08563,3,Azure,4991632,0.0072,0
inventory-api-08564,3,Google Cloud,2346870,0.0092,3
search-api-08565,3,阿里云,2582098,0.0037,0
notifications-api-08566,4,腾讯云,3408159,0.0050,0
authentication-api-08567,2,私有云,47230,0.0000,0
analytics-api-08568,3,本地部署,502586,0.0382,2
shipping-api-08569,4,AWS,826792,0.0061,1
billing-api-08570,1,Azure,1915846,0.0093,1
users-api-08571,4,Google Cloud,2121452,0.0154,0
orders-api-08572,5,阿里云,3088800,0.0027,2
payments-api-08573,3,腾讯云,2001167,0.0151,0
inventory-api-08574,3,私有云,1255327,0.0060,0
search-api-08575,4,本地部署,938367,0.0097,0
notifications-api-08576,2,AWS,4908495,0.0021,1
authentication-api-08577,1,Azure,3482941,0.0081,0
analytics-api-08578,4,Google Cloud,1874765,0.0040,0
shipping-api-08579,1,阿里云,3877388,0.0018,0
billing-api-08580,4,腾讯云,3540203,0.0060,8
users-api-08581,5,私有云,2238858,0.0001,0
orders-api-08582,3,本地部署,621583,0.0376,0
payments-api-08583,3,AWS,4029402,0.0080,0
inventory-api-08584,1,Azure,959610,0.0029,0
search-api-08585,3,Google Cloud,1096381,0.0021,0
notifications-api-08586,2,阿里云,612122,0.0005,0
authentication-api-08587,2,腾讯云,2030678,0.0000,0
analytics-api-08588,2,私有云,1084685,0.0066,1
shipping-api-08589,4,本地部署,3088247,0.0000,1
billing-api-08590,4,AWS,4150815,0.0052,0
users-api-08591,5,Azure,2861035,0.0121,0
orders-api-08592,3,Google Cloud,519921,0.0399,2
payments-api-08593,5,阿里云,3402353,0.0010,0
inventory-api-08594,1,腾讯云,2475274,0.0000,0
search-api-08595,4,私有云,2399584,0.0070,1
notifications-api-08596,2,本地部署,1927320,0.0000,0
authentication-api-08597,1,AWS,3109949,0.0035,2
analytics-api-08598,4,Azure,3519359,0.0658,1
shipping-api-08599,1,Google Cloud,2915730,0.0244,1
billing-api-08600,4,阿里云,3501521,0.0037,0
users-api-08601,3,腾讯云,4401446,0.0080,2
orders-api-08602,3,私有云,4148905,0.0009,3
payments-api-08603,1,本地部署,706315,0.0074,0
inventory-api-08604,2,AWS,4689402,0.0049,0
search-api-08605,5,Azure,1654394,0.0000,0
notifications-api-08606,4,Google Cloud,1572815,0.0000,5
authentication-api-08607,5,阿里云,19267,0.0046,1
analytics-api-08608,1,腾讯云,598856,0.0013,2
shipping-api-08609,4,私有云,3626227,0.0063,0
billing-api-08610,3,本地部署,2159569,0.0055,5
users-api-08611,3,AWS,3598172,0.0024,0
orders-api-08612,2,Azure,364543,0.0202,0
payments-api-08613,1,Google Cloud,4447976,0.0078,0
inventory-api-08614,4,阿里云,1262360,0.0085,0
search-api-08615,2,腾讯云,1799492,0.2436,5
notifications-api-08616,3,私有云,2295706,0.0000,0
authentication-api-08617,1,本地部署,2130939,0.0036,1
analytics-api-08618,3,AWS,1915960,0.0472,1
shipping-api-08619,3,Azure,4043778,0.0022,2
billing-api-08620,3,Google Cloud,3404122,0.0098,0
users-api-08621,3,阿里云,2762324,0.0065,0
orders-api-08622,3,腾讯云,1860960,0.0017,1
payments-api-08623,2,私有云,4738658,0.2455,0
inventory-api-08624,4,本地部署,2585860,0.0000,0
search-api-08625,2,AWS,1555245,0.0412,0
notifications-api-08626,3,Azure,2514150,0.0186,1
authentication-api-08627,1,Google Cloud,3796740,0.0166,0
analytics-api-08628,4,阿里云,3960194,0.0061,3
shipping-api-08629,5,腾讯云,3486070,0.0000,5
billing-api-08630,2,私有云,682602,0.0069,0
users-api-08631,3,本地部署,4437002,0.2006,1
orders-api-08632,2,AWS,311364,0.0337,0
payments-api-08633,5,Azure,3975543,0.0355,0
inventory-api-08634,2,Google Cloud,2367023,0.0049,1
search-api-08635,4,阿里云,1584521,0.0241,0
notifications-api-08636,1,腾讯云,3595625,0.0030,0
authentication-api-08637,1,私有云,3657691,0.0001,0
analytics-api-08638,5,本地部署,2311154,0.0304,0
shipping-api-08639,2,AWS,546713,0.0136,0
billing-api-08640,2,Azure,2471952,0.0233,0
users-api-08641,5,Google Cloud,26690,0.0000,0
orders-api-08642,3,阿里云,3745951,0.0000,0
payments-api-08643,5,腾讯云,3103047,0.0441,0
inventory-api-08644,4,私有云,3879283,0.0066,1
search-api-08645,5,本地部署,4112394,0.0000,0
notifications-api-08646,3,AWS,2038343,0.0062,2
authentication-api-08647,4,Azure,2625096,0.0283,1
analytics-api-08648,1,Google Cloud,2240843,0.0098,0
shipping-api-08649,1,阿里云,4213669,0.0000,1
billing-api-08650,5,腾讯云,3796395,0.0057,1
users-api-08651,4,私有云,309244,0.0054,0
orders-api-08652,4,本地部署,4646298,0.0378,0
payments-api-08653,1,AWS,1473159,0.0047,1
inventory-api-08654,1,Azure,394310,0.0050,2
search-api-08655,2,Google Cloud,394955,0.0481,0
notifications-api-08656,4,阿里云,1530842,0.0028,0
authentication-api-08657,2,腾讯云,4065668,0.0041,2
analytics-api-08658,4,私有云,4173260,0.0000,5
shipping-api-08659,5,本地部署,3052416,0.0042,2
billing-api-08660,5,AWS,7287,0.0062,8
users-api-08661,2,Azure,637198,0.0041,1
orders-api-08662,1,Google Cloud,1658627,0.0000,0
payments-api-08663,5,阿里云,538722,0.0151,0
inventory-api-08664,3,腾讯云,4022745,0.0037,2
search-api-08665,4,私有云,3596167,0.0103,0
notifications-api-08666,5,本地部署,2213725,0.0054,1
authentication-api-08667,3,AWS,2017357,0.0055,13
analytics-api-08668,5,Azure,2599119,0.0010,0
shipping-api-08669,5,Google Cloud,690391,0.0095,1
billing-api-08670,1,阿里云,4730446,0.2541,2
users-api-08671,5,腾讯云,161231,0.0334,3
orders-api-08672,1,私有云,950113,0.0013,0
payments-api-08673,3,本地部署,1239637,0.0057,2
inventory-api-08674,5,AWS,810639,0.0011,0
search-api-08675,4,Azure,3818105,0.0052,0
notifications-api-08676,5,Google Cloud,734076,0.0378,0
authentication-api-08677,5,阿里云,3854463,0.0000,8
analytics-api-08678,2,腾讯云,4160756,0.0043,0
shipping-api-08679,4,私有云,181871,0.0000,0
billing-api-08680,1,本地部署,2497605,0.0039,0
users-api-08681,2,AWS,4918861,0.0078,0
orders-api-08682,5,Azure,2534706,0.0000,2
payments-api-08683,3,Google Cloud,4043753,0.0081,2
inventory-api-08684,1,阿里云,1426306,0.0000,0
search-api-08685,3,腾讯云,4664731,0.0065,0
notifications-api-08686,1,私有云,4369654,0.0032,1
authentication-api-08687,4,本地部署,1385350,0.0429,0
analytics-api-08688,5,AWS,2888782,0.0047,1
shipping-api-08689,2,Azure,832435,0.0131,0
billing-api-08690,2,Google Cloud,3695508,0.0428,0
users-api-08691,2,阿里云,3734474,0.0018,0
orders-api-08692,5,腾讯云,33076,0.0022,5
payments-api-08693,2,私有云,85665,0.0059,5
inventory-api-08694,4,本地部署,707300,0.0051,0
search-api-08695,1,AWS,2163590,0.0000,0
notifications-api-08696,3,Azure,1819512,0.0077,0
authentication-api-08697,1,Google Cloud,3383479,0.0000,1
analytics-api-08698,1,阿里云,3418537,0.0029,0
shipping-api-08699,5,腾讯云,4007234,0.0383,5
billing-api-08700,1,私有云,3403390,0.0012,13
users-api-08701,3,本地部署,4932417,0.0013,0
orders-api-08702,5,AWS,147554,0.0070,0
payments-api-08703,3,Azure,1219018,0.0107,0
inventory-api-08704,2,Google Cloud,4364647,0.0033,1
search-api-08705,3,阿里云,2628430,0.0037,0
notifications-api-08706,5,腾讯云,3550488,0.0042,1
authentication-api-08707,4,私有云,3436861,0.0235,0
analytics-api-08708,5,本地部署,3766597,0.0089,8
shipping-api-08709,5,AWS,1740433,0.0486,0
billing-api-08710,3,Azure,1593264,0.0005,0
users-api-08711,2,Google Cloud,1200372,0.0353,0
orders-api-08712,1,阿里云,4629915,0.0054,3
payments-api-08713,4,腾讯云,1563887,0.0083,0
inventory-api-08714,1,私有云,2126345,0.0050,0
search-api-08715,1,本地部署,2674727,0.0003,3
notifications-api-08716,5,AWS,3974384,0.0063,0
authentication-api-08717,5,Azure,2606254,0.0264,0
analytics-api-08718,5,Google Cloud,1685142,0.0082,13
shipping-api-08719,5,阿里云,851370,0.0275,0
billing-api-08720,2,腾讯云,1776170,0.0162,0
users-api-08721,1,私有云,1388332,0.0099,2
orders-api-08722,2,本地部署,1125705,0.0000,0
payments-api-08723,3,AWS,1933872,0.0042,0
inventory-api-08724,4,Azure,3492901,0.0000,1
search-api-08725,1,Google Cloud,3181113,0.0010,0
notifications-api-08726,2,阿里云,3013030,0.0064,2
authentication-api-08727,5,腾讯云,3944662,0.0025,0
analytics-api-08728,2,私有云,4758956,0.0000,0
shipping-api-08729,5,本地部署,522437,0.0072,2
billing-api-08730,1,AWS,3642232,0.0076,5
users-api-08731,2,Azure,2508567,0.0000,0
orders-api-08732,3,Google Cloud,4782908,0.0090,3
payments-api-08733,1,阿里云,3946528,0.0000,2
inventory-api-08734,4,腾讯云,619714,0.2620,0
search-api-08735,4,私有云,1861629,0.0058,0
notifications-api-08736,1,本地部署,1890204,0.0264,0
authentication-api-08737,2,AWS,1241576,0.0077,0
analytics-api-08738,3,Azure,2500887,0.0018,2
shipping-api-08739,1,Google Cloud,2076987,0.0120,1
billing-api-08740,5,阿里云,1619185,0.0345,0
users-api-08741,4,腾讯云,987695,0.0086,0
orders-api-08742,1,私有云,542866,0.0099,0
payments-api-08743,1,本地部署,2847833,0.0097,0
inventory-api-08744,5,AWS,978259,0.0085,0
search-api-08745,2,Azure,2194337,0.0223,0
notifications-api-08746,4,Google Cloud,2135942,0.2825,0
authentication-api-08747,3,阿里云,4925146,0.0070,0
analytics-api-08748,2,腾讯云,202177,0.0040,0
shipping-api-08749,2,私有云,4805202,0.0071,0
billing-api-08750,5,本地部署,4096409,0.0000,0
users-api-08751,4,AWS,0,0.0000,0
orders-api-08752,3,Azure,3908174,0.0000,1
payments-api-08753,5,Google Cloud,2668061,0.0007,0
inventory-api-08754,5,阿里云,66084,0.0359,0
search-api-08755,5,腾讯云,3633160,0.0084,1
notifications-api-08756,3,私有云,2163655,0.0004,2
authentication-api-08757,2,本地部署,2168485,0.0017,0
analytics-api-08758,4,AWS,3076263,0.0077,0
shipping-api-08759,5,Azure,445086,0.0000,13
billing-api-08760,1,Google Cloud,1989719,0.0558,0
users-api-08761,1,阿里云,4518523,0.2871,1
orders-api-08762,4,腾讯云,1665720,0.0460,0
payments-api-08763,3,私有云,3321074,0.0044,0
inventory-api-08764,2,本地部署,2401044,0.0000,0
search-api-08765,1,AWS,2491148,0.0055,0
notifications-api-08766,1,Azure,1810243,0.0018,2
authentication-api-08767,3,Google Cloud,3292353,0.0058,8
analytics-api-08768,5,阿里云,1290187,0.0087,0
shipping-api-08769,2,腾讯云,2177346,0.0131,0
billing-api-08770,5,私有云,2023746,0.0057,2
users-api-08771,1,本地部署,903283,0.0087,2
orders-api-08772,5,AWS,71522,0.2773,0
payments-api-08773,4,Azure,9307,0.0056,0
inventory-api-08774,5,Google Cloud,3457589,0.0094,5
search-api-08775,5,阿里云,672095,0.0327,8
notifications-api-08776,4,腾讯云,3381758,0.0003,1
authentication-api-08777,3,私有云,1089747,0.0089,0
analytics-api-08778,5,本地部署,2460710,0.0079,1
shipping-api-08779,5,AWS,4616099,0.0010,0
billing-api-08780,3,Azure,323611,0.0067,0
users-api-08781,3,Google Cloud,3150900,0.0017,0
orders-api-08782,2,阿里云,2515054,0.0050,3
payments-api-08783,5,腾讯云,3146534,0.0068,0
inventory-api-08784,2,私有云,4647344,0.0026,3
search-api-08785,2,本地部署,3324368,0.0100,1
notifications-api-08786,3,AWS,2891354,0.0083,0
authentication-api-08787,4,Azure,4282582,0.0058,2
analytics-api-08788,5,Google Cloud,871474,0.0016,1
shipping-api-08789,5,阿里云,2562641,0.0065,0
billing-api-08790,5,腾讯云,568547,0.0000,0
users-api-08791,5,私有云,4740495,0.0079,1
orders-api-08792,3,本地部署,4438933,0.0009,0
payments-api-08793,1,AWS,4292909,0.0057,1
inventory-api-08794,4,Azure,2360091,0.0019,0
search-api-08795,1,Google Cloud,2935190,0.0054,1
notifications-api-08796,3,阿里云,3527808,0.0082,0
authentication-api-08797,3,腾讯云,3451023,0.1654,0
analytics-api-08798,1,私有云,2249731,0.0040,5
shipping-api-08799,1,本地部署,4935883,0.1075,0
billing-api-08800,4,AWS,3302226,0.0043,1
users-api-08801,5,Azure,107451,0.0035,0
orders-api-08802,3,Google Cloud,4328616,0.0090,0
payments-api-08803,3,阿里云,463420,0.0098,0
inventory-api-08804,4,腾讯云,215916,0.0018,0
search-api-08805,4,私有云,4759667,0.0424,3
notifications-api-08806,2,本地部署,4927789,0.0054,0
authentication-api-08807,3,AWS,3290871,0.0058,5
analytics-api-08808,5,Azure,4274669,0.0085,0
shipping-api-08809,5,Google Cloud,3443364,0.0005,1
billing-api-08810,2,阿里云,2887065,0.0049,3
users-api-08811,1,腾讯云,2154740,0.0013,0
orders-api-08812,1,私有云,4212799,0.0198,0
payments-api-08813,4,本地部署,4703466,0.0050,0
inventory-api-08814,4,AWS,1402704,0.0079,5
search-api-08815,4,Azure,2107310,0.0000,0
notifications-api-08816,4,Google Cloud,1749017,0.0087,0
authentication-api-08817,4,阿里云,1763867,0.0080,1
analytics-api-08818,1,腾讯云,1724931,0.0020,1
shipping-api-08819,3,私有云,3145195,0.0026,1
billing-api-08820,1,本地部署,3713825,0.0043,0
users-api-08821,2,AWS,163903,0.0084,5
orders-api-08822,4,Azure,4490100,0.0462,0
payments-api-08823,4,Google Cloud,4480756,0.0141,1
inventory-api-08824,3,阿里云,4284783,0.0000,0
search-api-08825,1,腾讯云,397204,0.0022,0
notifications-api-08826,3,私有云,4309758,0.0021,0
authentication-api-08827,1,本地部署,4185928,0.0127,5
analytics-api-08828,1,AWS,60932,0.0022,0
shipping-api-08829,4,Azure,860502,0.0103,1
billing-api-08830,2,Google Cloud,3058410,0.0021,0
users-api-08831,4,阿里云,3544511,0.0396,1
orders-api-08832,5,腾讯云,2558864,0.0069,5
payments-api-08833,5,私有云,3420863,0.0000,0
inventory-api-08834,3,本地部署,694568,0.0016,8
search-api-08835,5,AWS,2964921,0.0316,2
notifications-api-08836,1,Azure,3911218,0.0079,0
authentication-api-08837,4,Google Cloud,4306566,0.0065,0
analytics-api-08838,2,阿里云,806415,0.0000,0
shipping-api-08839,5,腾讯云,1220788,0.0035,0
billing-api-08840,3,私有云,145819,0.0014,0
users-api-08841,2,本地部署,2775741,0.0481,0
orders-api-08842,3,AWS,3869548,0.0479,8
payments-api-08843,2,Azure,4224593,0.0335,0
inventory-api-08844,5,Google Cloud,2970494,0.0064,0
search-api-08845,1,阿里云,1824640,0.0042,0
notifications-api-08846,1,腾讯云,945562,0.0041,0
authentication-api-08847,3,私有云,2656662,0.0000,3
analytics-api-08848,3,本地部署,3131636,0.0000,0
shipping-api-08849,3,AWS,4045062,0.0016,0
billing-api-08850,4,Azure,678931,0.0107,0
users-api-08851,4,Google Cloud,1461359,0.0005,13
orders-api-08852,4,阿里云,91195,0.0069,2
payments-api-08853,3,腾讯云,515647,0.0042,0
inventory-api-08854,5,私有云,3830262,0.0038,1
search-api-08855,5,本地部署,3207354,0.0015,0
notifications-api-08856,3,AWS,4852217,0.0100,0
authentication-api-08857,1,Azure,1721958,0.0000,3
analytics-api-08858,5,Google Cloud,4056624,0.0063,0
shipping-api-08859,4,阿里云,3945127,0.0042,5
billing-api-08860,2,腾讯云,1197552,0.2576,1
users-api-08861,1,私有云,3546914,0.0207,0
orders-api-08862,1,本地部署,463242,0.0046,0
payments-api-08863,3,AWS,59931,0.0369,0
inventory-api-08864,3,Azure,3471721,0.0253,8
search-api-08865,2,Google Cloud,1083057,0.0284,0
notifications-api-08866,5,阿里云,3888092,0.0073,0
authentication-api-08867,4,腾讯云,3294087,0.0040,0
analytics-api-08868,1,私有云,1897877,0.0014,0
shipping-api-08869,5,本地部署,1314253,0.0085,0
billing-api-08870,3,AWS,2622204,0.2701,1
users-api-08871,5,Azure,2810267,0.0013,1
orders-api-08872,5,Google Cloud,3076361,0.0000,0
payments-api-08873,5,阿里云,1782221,0.0097,0
inventory-api-08874,1,腾讯云,4283491,0.0077,5
search-api-08875,2,私有云,130842,0.0071,2
notifications-api-08876,4,本地部署,3816268,0.0035,0
authentication-api-08877,2,AWS,2151481,0.0099,3
analytics-api-08878,4,Azure,3644425,0.0097,1
shipping-api-08879,5,Google Cloud,1521117,0.2869,0
billing-api-08880,1,阿里云,410005,0.0212,8
users-api-08881,3,腾讯云,620637,0.0006,5
orders-api-08882,1,私有云,2489429,0.0000,0
payments-api-08883,2,本地部署,3588070,0.0495,5
inventory-api-08884,1,AWS,1330462,0.0307,0
search-api-08885,2,Azure,2868415,0.0083,0
notifications-api-08886,1,Google Cloud,3926920,0.0067,0
authentication-api-08887,3,阿里云,491424,0.0041,1
analytics-api-08888,1,腾讯云,1438081,0.0000,13
shipping-api-08889,1,私有云,3731761,0.0078,0
billing-api-08890,2,本地部署,940330,0.0047,3
users-api-08891,5,AWS,2850288,0.0084,1
orders-api-08892,2,Azure,4855062,0.0042,0
payments-api-08893,5,Google Cloud,1557232,0.0079,1
inventory-api-08894,2,阿里云,1495883,0.0058,0
search-api-08895,2,腾讯云,1852942,0.0004,1
notifications-api-08896,5,私有云,4450015,0.0378,0
authentication-api-08897,4,本地部署,4123971,0.0000,13
analytics-api-08898,1,AWS,4706412,0.1190,1
shipping-api-08899,1,Azure,4090429,0.0026,2
billing-api-08900,5,Google Cloud,117385,0.0055,0
users-api-08901,2,阿里云,2289409,0.0197,1
orders-api-08902,2,腾讯云,2786615,0.0380,0
payments-api-08903,4,私有云,3513756,0.0104,0
inventory-api-08904,4,本地部署,1222198,0.0000,0
search-api-08905,1,AWS,4896507,0.0015,0
notifications-api-08906,1,Azure,3707442,0.0064,0
authentication-api-08907,2,Google Cloud,424526,0.0485,5
analytics-api-08908,4,阿里云,2879533,0.0000,1
shipping-api-08909,2,腾讯云,4619743,0.0065,1
billing-api-08910,4,私有云,2221629,0.0020,1
users-api-08911,3,本地部署,4526156,0.0093,2
orders-api-08912,3,AWS,1481898,0.0032,0
payments-api-08913,1,Azure,4799856,0.0070,0
inventory-api-08914,5,Google Cloud,1985370,0.0022,0
search-api-08915,4,阿里云,3472479,0.0037,1
notifications-api-08916,2,腾讯云,4716773,0.0172,0
authentication-api-08917,1,私有云,4663953,0.0003,1
analytics-api-08918,2,本地部署,143370,0.0000,0
shipping-api-08919,4,AWS,4170650,0.0069,0
billing-api-08920,4,Azure,4881252,0.0497,1
users-api-08921,4,Google Cloud,4971662,0.0411,0
orders-api-08922,5,阿里云,2426787,0.0081,0
payments-api-08923,4,腾讯云,3101791,0.0266,2
inventory-api-08924,3,私有云,3051899,0.0080,0
search-api-08925,4,本地部署,1878706,0.0087,1
notifications-api-08926,5,AWS,1675128,0.0023,1
authentication-api-08927,2,Azure,3201863,0.0033,0
analytics-api-08928,1,Google Cloud,2295762,0.2629,1
shipping-api-08929,3,阿里云,3753885,0.0000,1
billing-api-08930,4,腾讯云,3687229,0.0169,1
users-api-08931,2,私有云,2930121,0.0014,0
orders-api-08932,4,本地部署,3726299,0.0042,2
payments-api-08933,1,AWS,407375,0.0020,0
inventory-api-08934,5,Azure,2468365,0.0236,2
search-api-08935,4,Google Cloud,4837521,0.0110,2
notifications-api-08936,2,阿里云,1782489,0.0027,0
authentication-api-08937,4,腾讯云,1104359,0.0123,0
analytics-api-08938,1,私有云,3424578,0.0000,2
shipping-api-08939,4,本地部署,4647404,0.0000,0
billing-api-08940,1,AWS,2360378,0.0000,0
users-api-08941,3,Azure,79943,0.0009,0
orders-api-08942,2,Google Cloud,4845036,0.0008,0
payments-api-08943,2,阿里云,1726780,0.0054,3
inventory-api-08944,1,腾讯云,2151614,0.0035,0
search-api-08945,4,私有云,2095693,0.0036,1
notifications-api-08946,2,本地部署,571611,0.0088,2
authentication-api-08947,1,AWS,412373,0.0043,8
analytics-api-08948,5,Azure,877400,0.0133,0
shipping-api-08949,2,Google Cloud,1157246,0.0033,1
billing-api-08950,4,阿里云,91134,0.0049,0
users-api-08951,1,腾讯云,1418878,0.0071,1
orders-api-08952,4,私有云,3903069,0.0000,0
payments-api-08953,1,本地部署,4571251,0.0486,0
inventory-api-08954,1,AWS,1567736,0.0148,2
search-api-08955,5,Azure,4584986,0.0096,1
notifications-api-08956,5,Google Cloud,743683,0.0000,0
authentication-api-08957,3,阿里云,4885603,0.0019,0
analytics-api-08958,4,腾讯云,1945824,0.0259,0
shipping-api-08959,2,私有云,4475999,0.0473,1
billing-api-08960,2,本地部署,1226918,0.0059,2
users-api-08961,5,AWS,2126711,0.0467,0
orders-api-08962,5,Azure,3418739,0.0147,0
payments-api-08963,5,Google Cloud,717741,0.1227,1
inventory-api-08964,4,阿里云,4110734,0.0064,13
search-api-08965,5,腾讯云,3508461,0.2743,0
notifications-api-08966,1,私有云,2686305,0.0064,8
authentication-api-08967,2,本地部署,512152,0.0098,1
analytics-api-08968,2,AWS,2492750,0.0095,1
shipping-api-08969,4,Azure,2530677,0.0053,1
billing-api-08970,4,Google Cloud,3141650,0.0094,0
users-api-08971,1,阿里云,2622223,0.0077,0
orders-api-08972,5,腾讯云,4732310,0.0042,1
payments-api-08973,4,私有云,2538988,0.0000,0
inventory-api-08974,2,本地部署,4493088,0.0099,1
search-api-08975,5,AWS,2365434,0.0081,0
notifications-api-08976,1,Azure,2421639,0.2132,0
authentication-api-08977,4,Google Cloud,1609245,0.0090,1
analytics-api-08978,3,阿里云,849053,0.0276,0
shipping-api-08979,3,腾讯云,925424,0.0023,2
billing-api-08980,1,私有云,3671752,0.0013,0
users-api-08981,2,本地部署,2434838,0.0235,0
orders-api-08982,5,AWS,3345936,0.0072,2
payments-api-08983,2,Azure,2435293,0.0011,1
inventory-api-08984,2,Google Cloud,1219133,0.0500,0
search-api-08985,3,阿里云,2893122,0.0010,0
notifications-api-08986,3,腾讯云,2515928,0.2210,0
authentication-api-08987,4,私有云,3197729,0.0068,2
analytics-api-08988,5,本地部署,3861198,0.0041,0
shipping-api-08989,2,AWS,432928,0.0009,2
billing-api-08990,2,Azure,4119276,0.0223,0
users-api-08991,5,Google Cloud,4603871,0.0175,0
orders-api-08992,3,阿里云,2590115,0.0050,0
payments-api-08993,4,腾讯云,2316006,0.0033,0
inventory-api-08994,5,私有云,3362062,0.0034,0
search-api-08995,5,本地部署,4404425,0.0237,8
notifications-api-08996,2,AWS,1700764,0.0046,0
authentication-api-08997,3,Azure,2077102,0.0429,0
analytics-api-08998,3,Google Cloud,4108291,0.0000,0
shipping-api-08999,4,阿里云,1401613,0.0000,0
billing-api-09000,2,腾讯云,1720250,0.0002,0
users-api-09001,3,私有云,0,0.0000,0
orders-api-09002,1,本地部署,4757212,0.0172,1
payments-api-09003,4,AWS,4205921,0.0269,0
inventory-api-09004,1,Azure,4082085,0.0323,0
search-api-09005,4,Google Cloud,3264104,0.0025,5
notifications-api-09006,5,阿里云,361639,0.0189,0
authentication-api-09007,3,腾讯云,3653567,0.0062,0
analytics-api-09008,4,私有云,3786719,0.0095,2
shipping-api-09009,3,本地部署,1311963,0.0000,1
billing-api-09010,5,AWS,2584677,0.0000,2
users-api-09011,4,Azure,1081646,0.0051,0
orders-api-09012,5,Google Cloud,2873606,0.0088,1
payments-api-09013,3,阿里云,1188745,0.1256,3
inventory-api-09014,5,腾讯云,463585,0.0067,0
search-api-09015,3,私有云,3998582,0.0057,5
notifications-api-09016,4,本地部署,3367963,0.0040,0
authentication-api-09017,5,AWS,4785886,0.0053,1
analytics-api-09018,2,Azure,2753085,0.0008,0
shipping-api-09019,2,Google Cloud,4774247,0.0000,2
billing-api-09020,5,阿里云,4479409,0.0000,3
users-api-09021,4,腾讯云,3309148,0.0080,0
orders-api-09022,4,私有云,2331936,0.0000,0
payments-api-09023,4,本地部署,2842422,0.0085,0
inventory-api-09024,4,AWS,3688801,0.0074,0
search-api-09025,4,Azure,2213478,0.0032,1
notifications-api-09026,4,Google Cloud,2671237,0.0092,13
authentication-api-09027,5,阿里云,585089,0.0493,0
analytics-api-09028,4,腾讯云,2631856,0.0041,0
shipping-api-09029,1,私有云,2768474,0.0015,3
billing-api-09030,4,本地部署,3418740,0.0043,0
users-api-09031,2,AWS,1839325,0.0371,2
orders-api-09032,1,Azure,1682798,0.0021,0
payments-api-09033,3,Google Cloud,2120903,0.0008,1
inventory-api-09034,1,阿里云,4890820,0.0083,0
search-api-09035,2,腾讯云,2410140,0.0000,5
notifications-api-09036,4,私有云,731841,0.0000,1
authentication-api-09037,3,本地部署,3913202,0.0131,1
analytics-api-09038,3,AWS,2558693,0.0267,2
shipping-api-09039,5,Azure,3858018,0.0000,8
billing-api-09040,3,Google Cloud,483351,0.0145,8
users-api-09041,1,阿里云,3704154,0.0100,1
orders-api-09042,5,腾讯云,4990478,0.0077,0
payments-api-09043,4,私有云,2630714,0.0085,2
inventory-api-09044,1,本地部署,4553964,0.0024,13
search-api-09045,5,AWS,4926272,0.0041,2
notifications-api-09046,3,Azure,2153064,0.0046,1
authentication-api-09047,3,Google Cloud,3477335,0.0023,2
analytics-api-09048,5,阿里云,1608264,0.0000,0
shipping-api-09049,3,腾讯云,2165143,0.0000,0
billing-api-09050,1,私有云,3872038,0.0095,0
users-api-09051,1,本地部署,3349036,0.0031,0
orders-api-09052,5,AWS,3307402,0.0089,0
payments-api-09053,5,Azure,3886242,0.0272,0
inventory-api-09054,5,Google Cloud,1761152,0.0313,0
search-api-09055,3,阿里云,4826597,0.0104,0
notifications-api-09056,4,腾讯云,2937782,0.0007,0
authentication-api-09057,1,私有云,2958429,0.0070,0
analytics-api-09058,3,本地部署,1292312,0.0000,0
shipping-api-09059,5,AWS,1157722,0.0067,0
billing-api-09060,3,Azure,2519089,0.0095,1
users-api-09061,3,Google Cloud,2237223,0.0000,0
orders-api-09062,1,阿里云,687395,0.0322,3
payments-api-09063,2,腾讯云,196624,0.0070,0
inventory-api-09064,5,私有云,2925423,0.0315,0
search-api-09065,2,本地部署,412990,0.0000,0
notifications-api-09066,2,AWS,4300031,0.0098,0
authentication-api-09067,4,Azure,4930968,0.0000,3
analytics-api-09068,4,Google Cloud,4196248,0.0090,0
shipping-api-09069,4,阿里云,2371133,0.0154,0
billing-api-09070,3,腾讯云,4545473,0.0052,0
users-api-09071,1,私有云,1251843,0.0031,0
orders-api-09072,3,本地部署,1395988,0.0084,0
payments-api-09073,5,AWS,3089799,0.0031,3
inventory-api-09074,3,Azure,2281307,0.2896,5
search-api-09075,5,Google Cloud,1488689,0.0034,1
notifications-api-09076,5,阿里云,2065298,0.0100,2
authentication-api-09077,4,腾讯云,3141064,0.0000,0
analytics-api-09078,1,私有云,1388586,0.0000,0
shipping-api-09079,3,本地部署,748665,0.0000,1
billing-api-09080,5,AWS,3432035,0.0036,1
users-api-09081,1,Azure,93480,0.0024,3
orders-api-09082,2,Google Cloud,115899,0.0046,2
payments-api-09083,4,阿里云,371988,0.0084,0
inventory-api-09084,5,腾讯云,3731940,0.0099,1
search-api-09085,5,私有云,243021,0.0077,8
notifications-api-09086,5,本地部署,585066,0.0059,1
authentication-api-09087,3,AWS,4272892,0.0056,1
analytics-api-09088,4,Azure,3750599,0.0074,0
shipping-api-09089,4,Google Cloud,1742301,0.0053,0
billing-api-09090,5,阿里云,1642649,0.0070,2
users-api-09091,2,腾讯云,1927998,0.0050,1
orders-api-09092,1,私有云,801084,0.0033,0
payments-api-09093,1,本地部署,3520233,0.2371,8
inventory-api-09094,1,AWS,1118494,0.0232,0
search-api-09095,4,Azure,3795775,0.0089,0
notifications-api-09096,2,Google Cloud,2580950,0.2626,2
authentication-api-09097,5,阿里云,2318845,0.0000,1
analytics-api-09098,2,腾讯云,2457744,0.0061,1
shipping-api-09099,3,私有云,4483933,0.0085,0
billing-api-09100,1,本地部署,1795352,0.0097,0
users-api-09101,3,AWS,3422101,0.0095,0
orders-api-09102,3,Azure,13478,0.0011,1
payments-api-09103,5,Google Cloud,4642930,0.0447,0
inventory-api-09104,1,阿里云,4743876,0.0044,0
search-api-09105,1,腾讯云,1558372,0.0490,0
notifications-api-09106,5,私有云,1971101,0.0311,2
authentication-api-09107,4,本地部署,752622,0.0213,0
analytics-api-09108,5,AWS,2032724,0.0142,3
shipping-api-09109,1,Azure,2159860,0.0465,0
billing-api-09110,4,Google Cloud,228872,0.0046,2
users-api-09111,5,阿里云,1965970,0.0047,1
orders-api-09112,1,腾讯云,3929181,0.0000,2
payments-api-09113,1,私有云,105274,0.0084,0
inventory-api-09114,5,本地部署,4128147,0.0000,0
search-api-09115,1,AWS,3264391,0.0000,0
notifications-api-09116,2,Azure,2917428,0.0000,0
authentication-api-09117,2,Google Cloud,2320342,0.0005,0
analytics-api-09118,3,阿里云,960516,0.0022,0
shipping-api-09119,1,腾讯云,2643528,0.0071,0
billing-api-09120,3,私有云,4164204,0.0064,0
users-api-09121,5,本地部署,2524629,0.0100,2
orders-api-09122,5,AWS,3059115,0.0045,1
payments-api-09123,3,Azure,3077026,0.0001,0
inventory-api-09124,2,Google Cloud,1571189,0.0051,0
search-api-09125,1,阿里云,3668082,0.0000,0
notifications-api-09126,4,腾讯云,4857224,0.0062,2
authentication-api-09127,2,私有云,4320034,0.0060,0
analytics-api-09128,4,本地部署,361888,0.0076,13
shipping-api-09129,1,AWS,1383886,0.0086,0
billing-api-09130,4,Azure,3660994,0.0008,0
users-api-09131,2,Google Cloud,4239272,0.0309,1
orders-api-09132,3,阿里云,4796377,0.0043,0
payments-api-09133,5,腾讯云,4676530,0.0007,0
inventory-api-09134,1,私有云,3927616,0.0353,0
search-api-09135,3,本地部署,1387582,0.0098,0
notifications-api-09136,1,AWS,671273,0.0046,0
authentication-api-09137,2,Azure,182517,0.0029,0
analytics-api-09138,1,Google Cloud,662398,0.0066,0
shipping-api-09139,4,阿里云,1061297,0.0092,0
billing-api-09140,2,腾讯云,4382609,0.2471,0
users-api-09141,4,私有云,2768793,0.0396,2
orders-api-09142,1,本地部署,2142786,0.0001,5
payments-api-09143,2,AWS,3830522,0.0332,0
inventory-api-09144,1,Azure,1371555,0.0094,0
search-api-09145,5,Google Cloud,3256045,0.0073,0
notifications-api-09146,2,阿里云,1297386,0.0092,1
authentication-api-09147,4,腾讯云,757484,0.0001,0
analytics-api-09148,5,私有云,3567350,0.0003,0
shipping-api-09149,1,本地部署,2718942,0.0000,0
billing-api-09150,3,AWS,1209416,0.0000,0
users-api-09151,1,Azure,4313360,0.0070,0
orders-api-09152,1,Google Cloud,1767808,0.0052,2
payments-api-09153,3,阿里云,1737225,0.0096,5
inventory-api-09154,1,腾讯云,1846391,0.0001,0
search-api-09155,5,私有云,1812302,0.0108,0
notifications-api-09156,4,本地部署,2780721,0.0351,0
authentication-api-09157,3,AWS,2298430,0.0030,0
analytics-api-09158,5,Azure,4837702,0.0000,3
shipping-api-09159,1,Google Cloud,1130610,0.0023,0
billing-api-09160,1,阿里云,1298092,0.0393,0
users-api-09161,5,腾讯云,3339529,0.0069,2
orders-api-09162,5,私有云,3302643,0.0024,0
payments-api-09163,2,本地部署,60469,0.0092,0
inventory-api-09164,4,AWS,3987526,0.0050,0
search-api-09165,2,Azure,2087978,0.0080,0
notifications-api-09166,4,Google Cloud,1189701,0.0077,8
authentication-api-09167,4,阿里云,1625774,0.0024,0
analytics-api-09168,3,腾讯云,1982440,0.0060,0
shipping-api-09169,2,私有云,588777,0.0000,1
billing-api-09170,3,本地部署,4821096,0.0124,0
users-api-09171,4,AWS,4376570,0.0393,1
orders-api-09172,4,Azure,4203658,0.0058,0
payments-api-09173,3,Google Cloud,2359273,0.0177,0
inventory-api-09174,3,阿里云,4033396,0.0100,0
search-api-09175,5,腾讯云,3159866,0.0091,0
notifications-api-09176,2,私有云,228501,0.0059,0
authentication-api-09177,3,本地部署,4565810,0.0267,0
analytics-api-09178,2,AWS,4068552,0.0000,0
shipping-api-09179,5,Azure,758651,0.0052,0
billing-api-09180,5,Google Cloud,3879833,0.0406,1
users-api-09181,1,阿里云,397578,0.0020,0
orders-api-09182,1,腾讯云,2289391,0.0057,2
payments-api-09183,2,私有云,4421939,0.0201,3
inventory-api-09184,2,本地部署,1900152,0.0000,5
search-api-09185,2,AWS,474827,0.0086,0
notifications-api-09186,2,Azure,3260206,0.0000,3
authentication-api-09187,2,Google Cloud,3027769,0.0250,0
analytics-api-09188,1,阿里云,1155540,0.2802,0
shipping-api-09189,1,腾讯云,2156159,0.0162,5
billing-api-09190,1,私有云,1004313,0.0095,1
users-api-09191,4,本地部署,4667971,0.0042,0
orders-api-09192,4,AWS,2795143,0.0071,1
payments-api-09193,1,Azure,3412045,0.0017,0
inventory-api-09194,4,Google Cloud,354247,0.0092,1
search-api-09195,3,阿里云,4963603,0.0096,0
notifications-api-09196,3,腾讯云,1569522,0.0376,0
authentication-api-09197,4,私有云,3072740,0.0060,13
analytics-api-09198,4,本地部署,2186619,0.0035,0
shipping-api-09199,1,AWS,3652481,0.0000,2
billing-api-09200,4,Azure,4311355,0.0000,0
users-api-09201,1,Google Cloud,4269996,0.0341,0
orders-api-09202,5,阿里云,4343289,0.0165,2
payments-api-09203,3,腾讯云,2093359,0.0305,0
inventory-api-09204,4,私有云,539079,0.0409,1
search-api-09205,2,本地部署,3510795,0.0490,1
notifications-api-09206,3,AWS,3677674,0.0261,0
authentication-api-09207,2,Azure,584537,0.0021,1
analytics-api-09208,5,Google Cloud,4306474,0.0063,1
shipping-api-09209,5,阿里云,2779417,0.0187,1
billing-api-09210,4,腾讯云,4856623,0.0029,0
users-api-09211,1,私有云,2625046,0.0337,2
orders-api-09212,2,本地部署,179115,0.0051,0
payments-api-09213,3,AWS,2030793,0.0000,0
inventory-api-09214,5,Azure,2386585,0.0063,0
search-api-09215,5,Google Cloud,2766844,0.0056,0
notifications-api-09216,2,阿里云,4747134,0.0028,8
authentication-api-09217,2,腾讯云,4373105,0.0077,8
analytics-api-09218,3,私有云,3948817,0.0292,3
shipping-api-09219,4,本地部署,726488,0.0066,0
billing-api-09220,5,AWS,3336871,0.0000,5
users-api-09221,1,Azure,621642,0.0041,1
orders-api-09222,2,Google Cloud,881010,0.0042,1
payments-api-09223,5,阿里云,4845637,0.0055,0
inventory-api-09224,5,腾讯云,3009393,0.0000,2
search-api-09225,3,私有云,564230,0.0169,0
notifications-api-09226,3,本地部署,4293001,0.0162,0
authentication-api-09227,2,AWS,1114940,0.0000,1
analytics-api-09228,3,Azure,2125097,0.0064,13
shipping-api-09229,2,Google Cloud,3601613,0.0059,0
billing-api-09230,5,阿里云,3657426,0.0091,0
users-api-09231,5,腾讯云,3737200,0.0030,0
orders-api-09232,4,私有云,2922533,0.0301,2
payments-api-09233,3,本地部署,759512,0.0086,1
inventory-api-09234,4,AWS,4581046,0.2375,0
search-api-09235,2,Azure,4351559,0.0417,0
notifications-api-09236,2,Google Cloud,83094,0.0000,3
authentication-api-09237,4,阿里云,4314157,0.0230,1
analytics-api-09238,3,腾讯云,3918572,0.0000,0
shipping-api-09239,4,私有云,985883,0.0282,0
billing-api-09240,2,本地部署,2557885,0.0000,0
users-api-09241,5,AWS,3956997,0.0181,0
orders-api-09242,1,Azure,3506947,0.0046,0
payments-api-09243,2,Google Cloud,621839,0.0197,0
inventory-api-09244,3,阿里云,769518,0.0011,0
search-api-09245,1,腾讯云,3222865,0.0000,3
notifications-api-09246,3,私有云,4671532,0.0708,1
authentication-api-09247,5,本地部署,3416798,0.0041,0
analytics-api-09248,5,AWS,379221,0.0033,0
shipping-api-09249,4,Azure,2464120,0.0005,0
billing-api-09250,1,Google Cloud,1004206,0.0035,0
users-api-09251,3,阿里云,0,0.0000,1
orders-api-09252,4,腾讯云,3959341,0.0325,0
payments-api-09253,5,私有云,4202049,0.0699,2
inventory-api-09254,2,本地部署,2071625,0.0081,1
search-api-09255,1,AWS,3362140,0.0080,0
notifications-api-09256,5,Azure,1820520,0.0038,0
authentication-api-09257,3,Google Cloud,3684500,0.0242,3
analytics-api-09258,2,阿里云,3829165,0.0058,0
shipping-api-09259,1,腾讯云,142730,0.0033,0
billing-api-09260,1,私有云,1339308,0.0085,1
users-api-09261,4,本地部署,4299675,0.0912,1
orders-api-09262,4,AWS,4920554,0.0263,5
payments-api-09263,5,Azure,572295,0.0498,0
inventory-api-09264,2,Google Cloud,1762645,0.0896,0
search-api-09265,1,阿里云,1002077,0.0044,1
notifications-api-09266,2,腾讯云,227850,0.0000,0
authentication-api-09267,3,私有云,581503,0.0420,0
analytics-api-09268,4,本地部署,3951130,0.0011,1
shipping-api-09269,3,AWS,92207,0.0000,5
billing-api-09270,3,Azure,2232686,0.0032,0
users-api-09271,3,Google Cloud,303788,0.0083,2
orders-api-09272,2,阿里云,3788185,0.0076,0
payments-api-09273,1,腾讯云,3233517,0.0066,0
inventory-api-09274,3,私有云,1083506,0.0016,8
search-api-09275,2,本地部署,1960011,0.0051,3
notifications-api-09276,5,AWS,1622878,0.0008,8
authentication-api-09277,3,Azure,2739410,0.0000,0
analytics-api-09278,4,Google Cloud,1067410,0.0073,1
shipping-api-09279,4,阿里云,3036820,0.0003,1
billing-api-09280,1,腾讯云,4454675,0.0469,8
users-api-09281,5,私有云,1479796,0.0051,0
orders-api-09282,1,本地部署,4480272,0.0000,0
payments-api-09283,1,AWS,4024771,0.0027,0
inventory-api-09284,4,Azure,1603382,0.0023,1
search-api-09285,2,Google Cloud,3632718,0.0087,0
notifications-api-09286,3,阿里云,2568992,0.0041,0
authentication-api-09287,1,腾讯云,1404191,0.0005,3
analytics-api-09288,5,私有云,288743,0.0071,0
shipping-api-09289,1,本地部署,3131039,0.0192,0
billing-api-09290,5,AWS,1333237,0.0093,0
users-api-09291,3,Azure,3882093,0.2775,0
orders-api-09292,4,Google Cloud,1862304,0.0086,2
payments-api-09293,5,阿里云,4405547,0.0093,0
inventory-api-09294,3,腾讯云,704731,0.0000,0
search-api-09295,3,私有云,3902906,0.0041,2
notifications-api-09296,3,本地部署,4815343,0.0068,3
authentication-api-09297,2,AWS,4123438,0.0253,13
analytics-api-09298,3,Azure,3570211,0.0057,0
shipping-api-09299,3,Google Cloud,1192899,0.1382,3
billing-api-09300,5,阿里云,549683,0.0000,0
users-api-09301,3,腾讯云,68429,0.0025,1
orders-api-09302,3,私有云,2508155,0.0050,2
payments-api-09303,1,本地部署,4119686,0.0000,0
inventory-api-09304,4,AWS,132892,0.0085,0
search-api-09305,5,Azure,3246813,0.2699,2
notifications-api-09306,3,Google Cloud,4646256,0.0200,0
authentication-api-09307,4,阿里云,3638697,0.0005,1
analytics-api-09308,1,腾讯云,1282940,0.0032,0
shipping-api-09309,4,私有云,3657938,0.0065,0
billing-api-09310,5,本地部署,795527,0.0007,0
users-api-09311,2,AWS,2497577,0.1513,0
orders-api-09312,4,Azure,858921,0.0070,0
payments-api-09313,3,Google Cloud,3847568,0.0011,0
inventory-api-09314,1,阿里云,4467362,0.0000,0
search-api-09315,4,腾讯云,1517412,0.0081,0
notifications-api-09316,1,私有云,3056591,0.0093,0
authentication-api-09317,5,本地部署,2185094,0.0342,0
analytics-api-09318,3,AWS,4817308,0.0000,1
shipping-api-09319,1,Azure,551346,0.0062,0
billing-api-09320,5,Google Cloud,2400058,0.0037,0
users-api-09321,4,阿里云,3448187,0.0000,0
orders-api-09322,5,腾讯云,1674348,0.0000,3
payments-api-09323,2,私有云,2933368,0.0046,0
inventory-api-09324,5,本地部署,4983913,0.0035,0
search-api-09325,4,AWS,735739,0.1485,0
notifications-api-09326,1,Azure,3903544,0.0022,1
authentication-api-09327,2,Google Cloud,3237379,0.0086,0
analytics-api-09328,1,阿里云,3339591,0.0081,2
shipping-api-09329,2,腾讯云,1619483,0.0000,1
billing-api-09330,1,私有云,4417728,0.0069,0
users-api-09331,5,本地部署,4264101,0.0000,1
orders-api-09332,5,AWS,1373955,0.0000,0
payments-api-09333,1,Azure,2751139,0.0100,0
inventory-api-09334,4,Google Cloud,1295908,0.0270,1
search-api-09335,1,阿里云,1354093,0.0096,1
notifications-api-09336,1,腾讯云,4090734,0.2959,3
authentication-api-09337,3,私有云,4265061,0.0027,1
analytics-api-09338,2,本地部署,2949603,0.0073,3
shipping-api-09339,2,AWS,348682,0.0145,0
billing-api-09340,1,Azure,1811657,0.1929,2
users-api-09341,2,Google Cloud,2250207,0.0061,0
orders-api-09342,4,阿里云,3761683,0.0017,0
payments-api-09343,3,腾讯云,3844746,0.0091,1
inventory-api-09344,2,私有云,927135,0.0059,0
search-api-09345,4,本地部署,4332341,0.0075,2
notifications-api-09346,2,AWS,3026073,0.0220,0
authentication-api-09347,4,Azure,4270350,0.0061,0
analytics-api-09348,1,Google Cloud,5954,0.0082,1
shipping-api-09349,5,阿里云,3658495,0.0084,1
billing-api-09350,2,腾讯云,950246,0.0048,8
users-api-09351,5,私有云,438362,0.0119,0
orders-api-09352,5,本地部署,3767882,0.0004,2
payments-api-09353,2,AWS,3575474,0.0055,2
inventory-api-09354,4,Azure,1488489,0.0042,0
search-api-09355,4,Google Cloud,607840,0.0000,1
notifications-api-09356,4,阿里云,529380,0.0072,2
authentication-api-09357,4,腾讯云,4687242,0.0038,0
analytics-api-09358,4,私有云,2825806,0.0022,0
shipping-api-09359,1,本地部署,1940454,0.0082,1
billing-api-09360,4,AWS,4686036,0.0132,2
users-api-09361,5,Azure,4856599,0.0486,0
orders-api-09362,4,Google Cloud,664232,0.0498,0
payments-api-09363,5,阿里云,647758,0.0012,0
inventory-api-09364,3,腾讯云,4193083,0.0000,2
search-api-09365,5,私有云,4127717,0.0000,2
notifications-api-09366,1,本地部署,3277064,0.0000,0
authentication-api-09367,3,AWS,4776553,0.0077,0
analytics-api-09368,1,Azure,1622776,0.0403,1
shipping-api-09369,1,Google Cloud,1239043,0.0006,0
billing-api-09370,5,阿里云,4248659,0.0015,2
users-api-09371,3,腾讯云,3276150,0.0000,3
orders-api-09372,1,私有云,3943326,0.0070,0
payments-api-09373,1,本地部署,3350567,0.0071,0
inventory-api-09374,4,AWS,4303382,0.0077,0
search-api-09375,1,Azure,1981743,0.0019,0
notifications-api-09376,3,Google Cloud,3177804,0.1315,0
authentication-api-09377,3,阿里云,4429761,0.0362,3
analytics-api-09378,4,腾讯云,2744115,0.0019,1
shipping-api-09379,1,私有云,2699811,0.0118,5
billing-api-09380,4,本地部署,3905121,0.0000,3
users-api-09381,5,AWS,2755037,0.0407,0
orders-api-09382,2,Azure,1145540,0.0000,0
payments-api-09383,3,Google Cloud,4270561,0.0057,1
inventory-api-09384,4,阿里云,1385147,0.0058,0
search-api-09385,2,腾讯云,1679629,0.0010,0
notifications-api-09386,3,私有云,4442839,0.0069,0
authentication-api-09387,2,本地部署,4983654,0.0471,0
analytics-api-09388,2,AWS,777581,0.0039,1
shipping-api-09389,2,Azure,1541843,0.0383,0
billing-api-09390,4,Google Cloud,3439429,0.0008,3
users-api-09391,4,阿里云,113072,0.0035,2
orders-api-09392,5,腾讯云,2934160,0.0433,0
payments-api-09393,4,私有云,4005369,0.0050,3
inventory-api-09394,4,本地部署,4562207,0.0072,5
search-api-09395,4,AWS,3974774,0.0076,0
notifications-api-09396,2,Azure,2203752,0.0000,5
authentication-api-09397,3,Google Cloud,110850,0.0086,0
analytics-api-09398,1,阿里云,2677627,0.0063,0
shipping-api-09399,2,腾讯云,917201,0.0082,0
billing-api-09400,2,私有云,4045152,0.0000,1
users-api-09401,4,本地部署,3610470,0.0000,0
orders-api-09402,3,AWS,474044,0.0059,3
payments-api-09403,5,Azure,4547911,0.0083,0
inventory-api-09404,2,Google Cloud,826337,0.0360,0
search-api-09405,1,阿里云,995498,0.0000,0
notifications-api-09406,5,腾讯云,4924883,0.2549,13
authentication-api-09407,5,私有云,4531155,0.0139,1
analytics-api-09408,2,本地部署,2880224,0.0021,2
shipping-api-09409,2,AWS,3151039,0.0041,0
billing-api-09410,5,Azure,2659988,0.0265,1
users-api-09411,1,Google Cloud,2575608,0.0093,0
orders-api-09412,4,阿里云,2006535,0.0053,0
payments-api-09413,1,腾讯云,4017554,0.0005,0
inventory-api-09414,5,私有云,2735291,0.0215,0
search-api-09415,2,本地部署,512355,0.0088,3
notifications-api-09416,3,AWS,2190354,0.0059,0
authentication-api-09417,2,Azure,701790,0.0000,0
analytics-api-09418,3,Google Cloud,1895706,0.0029,1
shipping-api-09419,4,阿里云,4842604,0.0361,0
billing-api-09420,5,腾讯云,4427402,0.0056,0
users-api-09421,4,私有云,4190351,0.0071,0
orders-api-09422,5,本地部署,689918,0.0002,1
payments-api-09423,2,AWS,3938720,0.0072,0
inventory-api-09424,5,Azure,3132998,0.0151,0
search-api-09425,1,Google Cloud,3578415,0.0340,2
notifications-api-09426,2,阿里云,1844683,0.0072,1
authentication-api-09427,2,腾讯云,3079743,0.0000,0
analytics-api-09428,3,私有云,2254916,0.0000,0
shipping-api-09429,1,本地部署,160682,0.0097,0
billing-api-09430,5,AWS,3973926,0.0313,0
users-api-09431,4,Azure,2400321,0.0097,1
orders-api-09432,2,Google Cloud,4225760,0.0000,0
payments-api-09433,5,阿里云,233054,0.0121,3
inventory-api-09434,2,腾讯云,4606150,0.0013,0
search-api-09435,5,私有云,2837505,0.0000,0
notifications-api-09436,4,本地部署,3117407,0.0035,0
authentication-api-09437,4,AWS,3963498,0.0091,5
analytics-api-09438,1,Azure,2133393,0.0243,13
shipping-api-09439,1,Google Cloud,1868074,0.0308,2
billing-api-09440,5,阿里云,1825605,0.0133,3
users-api-09441,1,腾讯云,1411912,0.0021,1
orders-api-09442,4,私有云,1822875,0.0168,0
payments-api-09443,4,本地部署,557873,0.0278,3
inventory-api-09444,2,AWS,3866734,0.0050,0
search-api-09445,2,Azure,2386600,0.0037,0
notifications-api-09446,2,Google Cloud,3888779,0.0072,0
authentication-api-09447,4,阿里云,4739538,0.0012,0
analytics-api-09448,1,腾讯云,690937,0.0095,0
shipping-api-09449,3,私有云,3624127,0.0000,0
billing-api-09450,3,本地部署,2702890,0.0378,1
users-api-09451,5,AWS,1411639,0.0014,0
orders-api-09452,4,Azure,46632,0.0074,1
payments-api-09453,4,Google Cloud,2808052,0.0060,1
inventory-api-09454,1,阿里云,2183663,0.0449,1
search-api-09455,1,腾讯云,4253318,0.0241,0
notifications-api-09456,1,私有云,3914881,0.0000,0
authentication-api-09457,3,本地部署,1370251,0.0000,1
analytics-api-09458,3,AWS,1643775,0.0093,0
shipping-api-09459,4,Azure,2468866,0.0259,3
billing-api-09460,3,Google Cloud,2016963,0.0031,0
users-api-09461,5,阿里云,3962559,0.0000,2
orders-api-09462,2,腾讯云,1107736,0.0000,0
payments-api-09463,2,私有云,1812818,0.0007,3
inventory-api-09464,1,本地部署,980943,0.0907,2
search-api-09465,1,AWS,3531189,0.0052,2
notifications-api-09466,2,Azure,3354172,0.1464,0
authentication-api-09467,2,Google Cloud,2280491,0.0051,1
analytics-api-09468,3,阿里云,4280440,0.0049,0
shipping-api-09469,4,腾讯云,3771485,0.0057,0
billing-api-09470,3,私有云,2133,0.0080,0
users-api-09471,1,本地部署,3250158,0.0070,0
orders-api-09472,1,AWS,2031953,0.0000,2
payments-api-09473,3,Azure,793498,0.0100,0
inventory-api-09474,3,Google Cloud,3663580,0.0103,0
search-api-09475,3,阿里云,1346093,0.0051,0
notifications-api-09476,1,腾讯云,2825115,0.0028,0
authentication-api-09477,2,私有云,287630,0.0450,0
analytics-api-09478,1,本地部署,2139840,0.0228,0
shipping-api-09479,3,AWS,1192341,0.0000,0
billing-api-09480,4,Azure,3248973,0.1697,1
users-api-09481,1,Google Cloud,4070673,0.0265,0
orders-api-09482,5,阿里云,3566596,0.0000,8
payments-api-09483,1,腾讯云,794505,0.0404,3
inventory-api-09484,5,私有云,129800,0.0033,0
search-api-09485,1,本地部署,4696518,0.0354,0
notifications-api-09486,4,AWS,2131728,0.0031,1
authentication-api-09487,2,Azure,2736122,0.0254,2
analytics-api-09488,3,Google Cloud,1183339,0.0000,0
shipping-api-09489,3,阿里云,4935790,0.0047,0
billing-api-09490,5,腾讯云,3638125,0.0019,1
users-api-09491,4,私有云,4150823,0.0436,2
orders-api-09492,3,本地部署,3896486,0.0046,2
payments-api-09493,1,AWS,768663,0.0129,0
inventory-api-09494,5,Azure,173891,0.0033,3
search-api-09495,3,Google Cloud,1629255,0.0276,0
notifications-api-09496,2,阿里云,2893604,0.0752,0
authentication-api-09497,2,腾讯云,1477796,0.0050,0
analytics-api-09498,5,私有云,2905637,0.0108,0
shipping-api-09499,3,本地部署,3899879,0.0249,2
billing-api-09500,1,AWS,2180272,0.0040,1
users-api-09501,1,Azure,0,0.0000,3
orders-api-09502,2,Google Cloud,4067678,0.0038,2
payments-api-09503,4,阿里云,4364501,0.0022,3
inventory-api-09504,3,腾讯云,1023828,0.0028,3
search-api-09505,3,私有云,1527129,0.0180,0
notifications-api-09506,4,本地部署,1804326,0.0000,0
authentication-api-09507,5,AWS,1685311,0.0072,5
analytics-api-09508,3,Azure,3038732,0.0089,0
shipping-api-09509,5,Google Cloud,4512781,0.0000,1
billing-api-09510,3,阿里云,3698673,0.0000,1
users-api-09511,3,腾讯云,371650,0.0014,0
orders-api-09512,3,私有云,1552819,0.0054,2
payments-api-09513,4,本地部署,3024025,0.0001,5
inventory-api-09514,4,AWS,1916406,0.0008,0
search-api-09515,2,Azure,4298033,0.0048,1
notifications-api-09516,5,Google Cloud,3236954,0.0068,13
authentication-api-09517,4,阿里云,804308,0.0094,0
analytics-api-09518,3,腾讯云,1582267,0.0000,0
shipping-api-09519,3,私有云,3187027,0.0010,5
billing-api-09520,5,本地部署,1316378,0.0000,1
users-api-09521,1,AWS,1144105,0.0471,0
orders-api-09522,1,Azure,1118239,0.0100,0
payments-api-09523,4,Google Cloud,3532059,0.0028,0
inventory-api-09524,5,阿里云,2549036,0.0083,1
search-api-09525,2,腾讯云,4334185,0.0000,8
notifications-api-09526,1,私有云,254040,0.0312,0
authentication-api-09527,2,本地部署,2059850,0.0495,0
analytics-api-09528,2,AWS,3187552,0.0004,5
shipping-api-09529,4,Azure,4978261,0.0426,5
billing-api-09530,5,Google Cloud,2337707,0.0031,5
users-api-09531,3,阿里云,1420311,0.0041,13
orders-api-09532,4,腾讯云,4061345,0.0468,1
payments-api-09533,2,私有云,4647975,0.0060,0
inventory-api-09534,3,本地部署,4051711,0.0420,1
search-api-09535,5,AWS,3508427,0.0185,0
notifications-api-09536,2,Azure,2087722,0.0048,0
authentication-api-09537,1,Google Cloud,178081,0.0381,0
analytics-api-09538,2,阿里云,3102853,0.0018,0
shipping-api-09539,5,腾讯云,2281935,0.0073,1
billing-api-09540,1,私有云,570686,0.0095,8
users-api-09541,2,本地部署,34330,0.0046,0
orders-api-09542,1,AWS,342199,0.0078,0
payments-api-09543,1,Azure,1708680,0.0433,1
inventory-api-09544,5,Google Cloud,2817956,0.0425,0
search-api-09545,2,阿里云,3467004,0.0232,0
notifications-api-09546,1,腾讯云,4554259,0.0029,5
authentication-api-09547,1,私有云,388127,0.0069,0
analytics-api-09548,5,本地部署,1112447,0.0015,3
shipping-api-09549,4,AWS,631048,0.0083,0
billing-api-09550,5,Azure,470881,0.0001,0
users-api-09551,4,Google Cloud,2657149,0.0048,1
orders-api-09552,1,阿里云,2917221,0.0027,2
payments-api-09553,3,腾讯云,3126595,0.0084,1
inventory-api-09554,2,私有云,4951760,0.0342,0
search-api-09555,3,本地部署,4708548,0.0031,0
notifications-api-09556,3,AWS,1866902,0.0008,5
authentication-api-09557,2,Azure,2442288,0.0029,0
analytics-api-09558,1,Google Cloud,2958224,0.0473,0
shipping-api-09559,2,阿里云,1903615,0.0085,2
billing-api-09560,5,腾讯云,2120118,0.0257,0
users-api-09561,1,私有云,3784922,0.0027,0
orders-api-09562,2,本地部署,1693970,0.0065,13
payments-api-09563,3,AWS,1511163,0.0000,0
inventory-api-09564,1,Azure,1293450,0.0037,5
search-api-09565,3,Google Cloud,985701,0.0079,0
notifications-api-09566,1,阿里云,1803594,0.0073,0
authentication-api-09567,3,腾讯云,2041899,0.0091,0
analytics-api-09568,4,私有云,535038,0.0055,5
shipping-api-09569,3,本地部署,1588269,0.0000,1
billing-api-09570,5,AWS,4382220,0.0000,3
users-api-09571,5,Azure,4975252,0.0044,1
orders-api-09572,5,Google Cloud,4903139,0.0124,5
payments-api-09573,4,阿里云,133401,0.0071,0
inventory-api-09574,2,腾讯云,1128022,0.0069,0
search-api-09575,1,私有云,2404833,0.0025,0
notifications-api-09576,2,本地部署,24493,0.0024,2
authentication-api-09577,1,AWS,2555784,0.0000,2
analytics-api-09578,4,Azure,647889,0.1082,0
shipping-api-09579,5,Google Cloud,881661,0.0391,0
billing-api-09580,4,阿里云,2133372,0.0029,1
users-api-09581,5,腾讯云,150,0.0079,0
orders-api-09582,2,私有云,2049057,0.0000,0
payments-api-09583,3,本地部署,3179145,0.0053,0
inventory-api-09584,3,AWS,2850966,0.0041,0
search-api-09585,3,Azure,3699978,0.0269,0
notifications-api-09586,3,Google Cloud,235476,0.0070,0
authentication-api-09587,3,阿里云,4312122,0.1009,13
analytics-api-09588,3,腾讯云,2451827,0.0064,2
shipping-api-09589,1,私有云,812264,0.0053,1
billing-api-09590,3,本地部署,642722,0.1172,8
users-api-09591,5,AWS,3038884,0.0344,0
orders-api-09592,1,Azure,438812,0.0000,1
payments-api-09593,2,Google Cloud,2464241,0.0451,1
inventory-api-09594,3,阿里云,1240393,0.0000,1
search-api-09595,1,腾讯云,83413,0.0056,2
notifications-api-09596,5,私有云,352828,0.0041,1
authentication-api-09597,1,本地部署,4353327,0.0263,0
analytics-api-09598,1,AWS,2008177,0.0023,0
shipping-api-09599,2,Azure,2612554,0.0038,0
billing-api-09600,5,Google Cloud,578253,0.0017,1
users-api-09601,3,阿里云,748783,0.0059,2
orders-api-09602,5,腾讯云,1762661,0.0064,0
payments-api-09603,1,私有云,2163863,0.0039,0
inventory-api-09604,3,本地部署,1114545,0.0077,2
search-api-09605,4,AWS,4670527,0.0000,2
notifications-api-09606,2,Azure,1543140,0.0317,0
authentication-api-09607,4,Google Cloud,2296372,0.0093,0
analytics-api-09608,4,阿里云,4694695,0.0017,8
shipping-api-09609,4,腾讯云,3241606,0.0190,3
billing-api-09610,2,私有云,3225307,0.0249,2
users-api-09611,2,本地部署,518087,0.0465,3
orders-api-09612,4,AWS,4015752,0.0073,1
payments-api-09613,4,Azure,2367836,0.0086,0
inventory-api-09614,5,Google Cloud,1324355,0.0113,1
search-api-09615,5,阿里云,3926232,0.0291,0
notifications-api-09616,1,腾讯云,2291787,0.0221,0
authentication-api-09617,4,私有云,1799437,0.0010,0
analytics-api-09618,4,本地部署,4025742,0.0079,5
shipping-api-09619,5,AWS,2102573,0.0085,0
billing-api-09620,5,Azure,3210077,0.0043,0
users-api-09621,1,Google Cloud,4720603,0.0008,0
orders-api-09622,3,阿里云,4977122,0.0017,0
payments-api-09623,1,腾讯云,4877106,0.0055,1
inventory-api-09624,4,私有云,4596652,0.0000,0
search-api-09625,5,本地部署,3177615,0.0037,2
notifications-api-09626,2,AWS,1989548,0.0406,8
authentication-api-09627,1,Azure,2602361,0.0000,2
analytics-api-09628,5,Google Cloud,2284088,0.0000,3
shipping-api-09629,1,阿里云,3712470,0.0000,0
billing-api-09630,4,腾讯云,152645,0.0074,0
users-api-09631,4,私有云,2812873,0.0056,0
orders-api-09632,2,本地部署,1744136,0.0104,0
payments-api-09633,3,AWS,4040407,0.0423,2
inventory-api-09634,1,Azure,4574779,0.0064,0
search-api-09635,2,Google Cloud,2408384,0.0057,0
notifications-api-09636,1,阿里云,3359704,0.0000,0
authentication-api-09637,3,腾讯云,2115428,0.0000,2
analytics-api-09638,4,私有云,2628443,0.0061,0
shipping-api-09639,3,本地部署,1997894,0.1492,5
billing-api-09640,3,AWS,3521988,0.0445,0
users-api-09641,4,Azure,1320390,0.0423,1
orders-api-09642,2,Google Cloud,3688042,0.0068,0
payments-api-09643,3,阿里云,1628580,0.0005,0
inventory-api-09644,1,腾讯云,4960511,0.0099,0
search-api-09645,1,私有云,2117145,0.0088,0
notifications-api-09646,1,本地部署,109402,0.0050,0
authentication-api-09647,5,AWS,3482580,0.0079,8
analytics-api-09648,5,Azure,4741451,0.0018,0
shipping-api-09649,3,Google Cloud,1782882,0.0057,1
billing-api-09650,5,阿里云,38221,0.0406,0
users-api-09651,3,腾讯云,988240,0.0473,0
orders-api-09652,2,私有云,2223796,0.0023,1
payments-api-09653,1,本地部署,4040401,0.0038,2
inventory-api-09654,4,AWS,1104166,0.0048,1
search-api-09655,2,Azure,717600,0.0088,0
notifications-api-09656,2,Google Cloud,1133261,0.0000,0
authentication-api-09657,3,阿里云,1572791,0.0036,2
analytics-api-09658,3,腾讯云,3177212,0.0039,5
shipping-api-09659,4,私有云,2721369,0.0500,3
billing-api-09660,3,本地部署,4192929,0.0030,0
users-api-09661,2,AWS,4659983,0.0012,1
orders-api-09662,4,Azure,2143575,0.0066,5
payments-api-09663,5,Google Cloud,1346122,0.0300,1
inventory-api-09664,4,阿里云,540464,0.0007,0
search-api-09665,1,腾讯云,1108010,0.0000,1
notifications-api-09666,1,私有云,4208172,0.0042,3
authentication-api-09667,4,本地部署,4818763,0.0098,1
analytics-api-09668,3,AWS,1332527,0.0000,0
shipping-api-09669,4,Azure,1080432,0.0204,0
billing-api-09670,3,Google Cloud,1397824,0.0000,0
users-api-09671,5,阿里云,4309941,0.0043,13
orders-api-09672,3,腾讯云,4509021,0.0000,0
payments-api-09673,3,私有云,1978629,0.0000,1
inventory-api-09674,5,本地部署,4515690,0.2425,5
search-api-09675,5,AWS,3175508,0.0117,0
notifications-api-09676,1,Azure,368805,0.0057,1
authentication-api-09677,1,Google Cloud,2190312,0.0002,0
analytics-api-09678,3,阿里云,1381051,0.0052,0
shipping-api-09679,4,腾讯云,2458222,0.0000,5
billing-api-09680,5,私有云,2727014,0.1588,2
users-api-09681,2,本地部署,4162515,0.0522,0
orders-api-09682,4,AWS,3232410,0.0446,1
payments-api-09683,5,Azure,3916640,0.0115,3
inventory-api-09684,1,Google Cloud,3818629,0.0000,1
search-api-09685,3,阿里云,3375715,0.0040,1
notifications-api-09686,3,腾讯云,2585368,0.1889,0
authentication-api-09687,4,私有云,2831100,0.0112,1
analytics-api-09688,4,本地部署,2309032,0.0060,5
shipping-api-09689,4,AWS,4203420,0.0038,1
billing-api-09690,4,Azure,2951503,0.0097,3
users-api-09691,3,Google Cloud,411969,0.0007,0
orders-api-09692,3,阿里云,887226,0.0057,0
payments-api-09693,5,腾讯云,2777000,0.2102,0
inventory-api-09694,4,私有云,4522565,0.0689,0
search-api-09695,5,本地部署,4613264,0.0072,0
notifications-api-09696,4,AWS,2231768,0.1615,2
authentication-api-09697,3,Azure,4018773,0.0016,0
analytics-api-09698,2,Google Cloud,1323872,0.0085,1
shipping-api-09699,4,阿里云,2855676,0.0356,0
billing-api-09700,3,腾讯云,1572810,0.0050,3
users-api-09701,2,私有云,4027738,0.0056,3
orders-api-09702,4,本地部署,1316710,0.0008,0
payments-api-09703,3,AWS,4800567,0.0042,8
inventory-api-09704,3,Azure,8791,0.0082,0
search-api-09705,2,Google Cloud,1854735,0.0072,3
notifications-api-09706,2,阿里云,4276473,0.0083,0
authentication-api-09707,2,腾讯云,2306312,0.0004,1
analytics-api-09708,5,私有云,1672875,0.0449,0
shipping-api-09709,1,本地部署,1745121,0.0006,2
billing-api-09710,3,AWS,2274995,0.0094,2
users-api-09711,4,Azure,260459,0.0000,3
orders-api-09712,1,Google Cloud,2258162,0.0000,0
payments-api-09713,2,阿里云,4980542,0.0000,1
inventory-api-09714,2,腾讯云,4057564,0.0008,1
search-api-09715,4,私有云,4240685,0.0088,1
notifications-api-09716,4,本地部署,4068270,0.0356,0
authentication-api-09717,2,AWS,3746953,0.0050,0
analytics-api-09718,4,Azure,3696045,0.1907,0
shipping-api-09719,5,Google Cloud,1042981,0.0101,8
billing-api-09720,4,阿里云,443487,0.0081,5
users-api-09721,3,腾讯云,4869563,0.0009,0
orders-api-09722,2,私有云,1473693,0.0000,1
payments-api-09723,3,本地部署,3770414,0.0468,0
inventory-api-09724,1,AWS,2593694,0.0000,0
search-api-09725,1,Azure,4875523,0.0290,2
notifications-api-09726,5,Google Cloud,2133380,0.0032,1
authentication-api-09727,2,阿里云,4144810,0.0269,0
analytics-api-09728,3,腾讯云,3460520,0.0215,0
shipping-api-09729,4,私有云,4463741,0.0012,1
billing-api-09730,2,本地部署,598984,0.0062,0
users-api-09731,1,AWS,1712723,0.0040,5
orders-api-09732,4,Azure,3999362,0.0117,0
payments-api-09733,2,Google Cloud,2024954,0.2399,0
inventory-api-09734,4,阿里云,3441142,0.0012,0
search-api-09735,5,腾讯云,4928431,0.0321,1
notifications-api-09736,5,私有云,965106,0.0026,0
authentication-api-09737,5,本地部署,4092455,0.0079,0
analytics-api-09738,3,AWS,2578811,0.0196,0
shipping-api-09739,3,Azure,174942,0.2807,0
billing-api-09740,2,Google Cloud,1539475,0.0451,13
users-api-09741,1,阿里云,2232035,0.0085,0
orders-api-09742,1,腾讯云,485095,0.0066,0
payments-api-09743,3,私有云,232637,0.0061,1
inventory-api-09744,2,本地部署,1691658,0.0318,1
search-api-09745,5,AWS,4712217,0.0001,0
notifications-api-09746,1,Azure,1888431,0.0097,3
authentication-api-09747,1,Google Cloud,894722,0.0484,0
analytics-api-09748,5,阿里云,1108429,0.0050,2
shipping-api-09749,2,腾讯云,4583408,0.0055,1
billing-api-09750,1,私有云,2066541,0.0000,1
users-api-09751,3,本地部署,0,0.0000,2
orders-api-09752,4,AWS,3840049,0.0049,0
payments-api-09753,5,Azure,3482790,0.0072,2
inventory-api-09754,4,Google Cloud,141023,0.0027,0
search-api-09755,3,阿里云,1224067,0.0035,0
notifications-api-09756,5,腾讯云,2936956,0.0063,0
authentication-api-09757,1,私有云,2881008,0.0023,3
analytics-api-09758,1,本地部署,123133,0.0092,0
shipping-api-09759,2,AWS,2108478,0.0038,0
billing-api-09760,5,Azure,167471,0.0097,3
users-api-09761,4,Google Cloud,4697770,0.0024,1
orders-api-09762,1,阿里云,3533526,0.0091,0
payments-api-09763,2,腾讯云,1006826,0.0000,1
inventory-api-09764,2,私有云,4638877,0.0078,5
search-api-09765,5,本地部署,3566294,0.0013,0
notifications-api-09766,5,AWS,1228493,0.0008,3
authentication-api-09767,5,Azure,915537,0.0304,3
analytics-api-09768,4,Google Cloud,2051472,0.0032,0
shipping-api-09769,3,阿里云,3316353,0.0022,0
billing-api-09770,1,腾讯云,4366446,0.0000,2
users-api-09771,1,私有云,1042482,0.0085,0
orders-api-09772,5,本地部署,4199981,0.0052,0
payments-api-09773,5,AWS,2701711,0.0006,2
inventory-api-09774,1,Azure,3828673,0.0016,3
search-api-09775,2,Google Cloud,539562,0.0041,1
notifications-api-09776,2,阿里云,438067,0.0015,1
authentication-api-09777,1,腾讯云,54250,0.0005,2
analytics-api-09778,1,私有云,4588050,0.0097,1
shipping-api-09779,5,本地部署,2052007,0.0183,0
billing-api-09780,3,AWS,3718972,0.0004,2
users-api-09781,4,Azure,1332318,0.0020,0
orders-api-09782,2,Google Cloud,3431557,0.0962,2
payments-api-09783,5,阿里云,1023985,0.0169,0
inventory-api-09784,2,腾讯云,2563889,0.0023,0
search-api-09785,3,私有云,3205326,0.0075,0
notifications-api-09786,1,本地部署,3226500,0.0123,0
authentication-api-09787,5,AWS,3687102,0.0000,0
analytics-api-09788,1,Azure,769323,0.0053,1
shipping-api-09789,2,Google Cloud,462404,0.0016,0
billing-api-09790,4,阿里云,2646944,0.0813,5
users-api-09791,3,腾讯云,4274934,0.0081,0
orders-api-09792,1,私有云,1691243,0.0064,1
payments-api-09793,4,本地部署,1891107,0.0097,0
inventory-api-09794,4,AWS,3276779,0.0000,0
search-api-09795,5,Azure,3176745,0.1721,0
notifications-api-09796,2,Google Cloud,4343345,0.0080,1
authentication-api-09797,4,阿里云,3474946,0.0026,3
analytics-api-09798,4,腾讯云,3937174,0.0069,0
shipping-api-09799,4,私有云,1725053,0.0000,0
billing-api-09800,3,本地部署,2436937,0.0304,1
users-api-09801,4,AWS,289124,0.0077,0
orders-api-09802,2,Azure,978799,0.0367,3
payments-api-09803,1,Google Cloud,2242244,0.0000,3
inventory-api-09804,3,阿里云,2076846,0.0000,1
search-api-09805,2,腾讯云,941090,0.0022,0
notifications-api-09806,5,私有云,2106969,0.0067,3
authentication-api-09807,3,本地部署,4694935,0.0178,1
analytics-api-09808,4,AWS,4082776,0.0088,1
shipping-api-09809,5,Azure,2555643,0.0042,0
billing-api-09810,2,Google Cloud,3079803,0.0000,5
users-api-09811,2,阿里云,1851571,0.0036,1
orders-api-09812,2,腾讯云,1747063,0.0194,0
payments-api-09813,1,私有云,1773234,0.0008,0
inventory-api-09814,4,本地部署,3331441,0.0042,0
search-api-09815,1,AWS,1576317,0.0000,0
notifications-api-09816,3,Azure,3155897,0.0031,3
authentication-api-09817,5,Google Cloud,4643884,0.0060,3
analytics-api-09818,2,阿里云,461634,0.0262,0
shipping-api-09819,1,腾讯云,4324425,0.0266,2
billing-api-09820,1,私有云,806621,0.0079,5
users-api-09821,1,本地部署,1171211,0.0081,0
orders-api-09822,5,AWS,181536,0.0000,3
payments-api-09823,5,Azure,2830802,0.0171,0
inventory-api-09824,4,Google Cloud,1552133,0.0015,0
search-api-09825,5,阿里云,3390937,0.0000,2
notifications-api-09826,5,腾讯云,3162432,0.0076,1
authentication-api-09827,2,私有云,1537398,0.0040,3
analytics-api-09828,3,本地部署,2868425,0.0079,1
shipping-api-09829,2,AWS,1083094,0.0084,0
billing-api-09830,1,Azure,2104007,0.0000,0
users-api-09831,4,Google Cloud,886639,0.0010,0
orders-api-09832,4,阿里云,847777,0.0055,0
payments-api-09833,3,腾讯云,2678194,0.0382,0
inventory-api-09834,1,私有云,3177303,0.0065,5
search-api-09835,3,本地部署,4530153,0.0115,0
notifications-api-09836,1,AWS,4803082,0.0017,1
authentication-api-09837,4,Azure,2536528,0.0005,0
analytics-api-09838,5,Google Cloud,1058934,0.0488,0
shipping-api-09839,5,阿里云,2949844,0.0088,1
billing-api-09840,2,腾讯云,4503269,0.0000,8
users-api-09841,5,私有云,906390,0.2196,0
orders-api-09842,5,本地部署,2199073,0.0000,0
payments-api-09843,5,AWS,3483687,0.0233,1
inventory-api-09844,4,Azure,2777093,0.0037,0
search-api-09845,2,Google Cloud,32555,0.0000,1
notifications-api-09846,4,阿里云,2926174,0.0036,1
authentication-api-09847,3,腾讯云,417442,0.0020,0
analytics-api-09848,2,私有云,2323081,0.0081,3
shipping-api-09849,5,本地部署,3247807,0.0000,0
billing-api-09850,2,AWS,1216412,0.0018,3
users-api-09851,1,Azure,4593911,0.0000,8
orders-api-09852,3,Google Cloud,1448997,0.0000,2
payments-api-09853,1,阿里云,40042,0.0262,0
inventory-api-09854,4,腾讯云,3279495,0.0015,0
search-api-09855,1,私有云,2886486,0.0069,0
notifications-api-09856,4,本地部署,791038,0.0088,1
authentication-api-09857,4,AWS,4048679,0.0075,5
analytics-api-09858,4,Azure,3146950,0.0007,0
shipping-api-09859,5,Google Cloud,231181,0.0400,0
billing-api-09860,1,阿里云,4247700,0.0020,2
users-api-09861,5,腾讯云,2618700,0.0116,2
orders-api-09862,1,私有云,1024426,0.0000,1
payments-api-09863,5,本地部署,784017,0.0030,1
inventory-api-09864,4,AWS,4411382,0.0015,1
search-api-09865,3,Azure,4137269,0.0068,2
notifications-api-09866,5,Google Cloud,4401691,0.0070,0
authentication-api-09867,4,阿里云,2955151,0.0013,1
analytics-api-09868,5,腾讯云,2001982,0.0395,2
shipping-api-09869,3,私有云,2897331,0.0019,0
billing-api-09870,4,本地部署,3638353,0.0080,8
users-api-09871,1,AWS,3168858,0.0013,1
orders-api-09872,4,Azure,3620224,0.0028,0
payments-api-09873,3,Google Cloud,4751736,0.0021,0
inventory-api-09874,3,阿里云,4737260,0.0208,0
search-api-09875,5,腾讯云,4766036,0.0268,1
notifications-api-09876,5,私有云,1354247,0.0089,0
authentication-api-09877,5,本地部署,1251996,0.0021,1
analytics-api-09878,4,AWS,2957150,0.0087,0
shipping-api-09879,1,Azure,49758,0.0000,0
billing-api-09880,4,Google Cloud,2472175,0.0000,0
users-api-09881,3,阿里云,4473382,0.1816,1
orders-api-09882,5,腾讯云,2828367,0.0363,0
payments-api-09883,4,私有云,2357727,0.0090,1
inventory-api-09884,4,本地部署,341010,0.0093,0
search-api-09885,3,AWS,3143012,0.0000,5
notifications-api-09886,2,Azure,2148497,0.0087,0
authentication-api-09887,4,Google Cloud,127303,0.0077,0
analytics-api-09888,2,阿里云,742462,0.0040,3
shipping-api-09889,4,腾讯云,2209279,0.0000,3
billing-api-09890,1,私有云,1349156,0.0042,2
users-api-09891,1,本地部署,2964350,0.0340,0
orders-api-09892,1,AWS,1984541,0.0079,0
payments-api-09893,5,Azure,4615865,0.0000,0
inventory-api-09894,4,Google Cloud,1652715,0.0066,8
search-api-09895,1,阿里云,3263239,0.0013,2
notifications-api-09896,3,腾讯云,3049003,0.0000,0
authentication-api-09897,5,私有云,1586416,0.0084,3
analytics-api-09898,3,本地部署,4050107,0.0000,1
shipping-api-09899,2,AWS,2399089,0.0027,0
billing-api-09900,2,Azure,4559283,0.1811,0
users-api-09901,2,Google Cloud,3403499,0.0000,2
orders-api-09902,3,阿里云,2763111,0.0095,1
payments-api-09903,4,腾讯云,1650560,0.0049,0
inventory-api-09904,4,私有云,2377788,0.0395,1
search-api-09905,1,本地部署,3575452,0.0115,0
notifications-api-09906,3,AWS,4295782,0.0025,1
authentication-api-09907,4,Azure,1010961,0.1680,8
analytics-api-09908,1,Google Cloud,1455100,0.0000,0
shipping-api-09909,3,阿里云,2567046,0.0027,0
billing-api-09910,3,腾讯云,1969147,0.0025,1
users-api-09911,3,私有云,2832680,0.0018,0
orders-api-09912,1,本地部署,1417769,0.0083,0
payments-api-09913,2,AWS,3106198,0.0051,0
inventory-api-09914,5,Azure,3797636,0.0000,0
search-api-09915,3,Google Cloud,2041111,0.0045,0
notifications-api-09916,1,阿里云,1399382,0.0442,0
authentication-api-09917,4,腾讯云,2033968,0.0000,0
analytics-api-09918,1,私有云,3243335,0.0084,2
shipping-api-09919,5,本地部署,2187597,0.0085,0
billing-api-09920,3,AWS,3518088,0.0308,0
users-api-09921,4,Azure,91198,0.0000,5
orders-api-09922,5,Google Cloud,2188725,0.0073,0
payments-api-09923,2,阿里云,4648620,0.0007,3
inventory-api-09924,3,腾讯云,207634,0.0060,0
search-api-09925,4,私有云,346941,0.0053,0
notifications-api-09926,5,本地部署,2455864,0.0322,1
authentication-api-09927,5,AWS,4402701,0.0032,3
analytics-api-09928,5,Azure,2759079,0.0097,0
shipping-api-09929,4,Google Cloud,3737688,0.0073,1
billing-api-09930,2,阿里云,3413473,0.1468,0
users-api-09931,3,腾讯云,4818703,0.0000,2
orders-api-09932,3,私有云,716936,0.0008,1
payments-api-09933,2,本地部署,3135543,0.0000,0
inventory-api-09934,5,AWS,2225593,0.0002,1
search-api-09935,4,Azure,1330407,0.0019,3
notifications-api-09936,3,Google Cloud,2023186,0.0054,2
authentication-api-09937,2,阿里云,584247,0.0000,0
analytics-api-09938,4,腾讯云,143148,0.0096,0
shipping-api-09939,2,私有云,2539403,0.0000,0
billing-api-09940,1,本地部署,2254666,0.0013,2
users-api-09941,4,AWS,1144262,0.0077,0
orders-api-09942,4,Azure,3476473,0.0000,2
payments-api-09943,4,Google Cloud,2361269,0.0035,0
inventory-api-09944,1,阿里云,3594199,0.0050,1
search-api-09945,2,腾讯云,734324,0.0050,0
notifications-api-09946,2,私有云,3429818,0.0055,0
authentication-api-09947,5,本地部署,1290820,0.0015,3
analytics-api-09948,3,AWS,3733489,0.0035,1
shipping-api-09949,2,Azure,1982066,0.0003,0
billing-api-09950,3,Google Cloud,554248,0.0018,2
users-api-09951,5,阿里云,2704245,0.0073,2
orders-api-09952,2,腾讯云,3661078,0.1532,0
payments-api-09953,5,私有云,3574431,0.0049,0
inventory-api-09954,3,本地部署,2628314,0.0083,0
search-api-09955,2,AWS,1309668,0.0011,0
notifications-api-09956,5,Azure,4913437,0.0000,1
authentication-api-09957,2,Google Cloud,1831948,0.0018,1
analytics-api-09958,3,阿里云,3600935,0.0000,5
shipping-api-09959,3,腾讯云,262873,0.0023,8
billing-api-09960,5,私有云,668023,0.0004,0
users-api-09961,5,本地部署,1335805,0.0085,1
orders-api-09962,5,AWS,3998876,0.0268,1
payments-api-09963,4,Azure,3942682,0.0115,0
inventory-api-09964,1,Google Cloud,1536196,0.0069,0
search-api-09965,4,阿里云,3609869,0.0031,0
notifications-api-09966,3,腾讯云,4449336,0.0062,0
authentication-api-09967,2,私有云,4435042,0.0011,0
analytics-api-09968,3,本地部署,1497706,0.0059,8
shipping-api-09969,2,AWS,3304295,0.0041,0
billing-api-09970,2,Azure,4535343,0.0000,0
users-api-09971,3,Google Cloud,2167605,0.0033,0
orders-api-09972,2,阿里云,3117558,0.0017,0
payments-api-09973,3,腾讯云,2928412,0.0000,0
inventory-api-09974,5,私有云,4093186,0.0000,2
search-api-09975,5,本地部署,1080699,0.0086,0
notifications-api-09976,1,AWS,3662658,0.0045,0
authentication-api-09977,1,Azure,525441,0.0317,0
analytics-api-09978,3,Google Cloud,10137,0.0035,0
shipping-api-09979,3,阿里云,409197,0.0000,0
billing-api-09980,5,腾讯云,1248437,0.0052,1
users-api-09981,1,私有云,2909236,0.0072,5
orders-api-09982,4,本地部署,395509,0.0382,0
payments-api-09983,1,AWS,1062020,0.0094,8
inventory-api-09984,2,Azure,4085489,0.0097,0
search-api-09985,5,Google Cloud,1063125,0.0016,1
notifications-api-09986,5,阿里云,3526600,0.0061,0
authentication-api-09987,4,腾讯云,4860371,0.0301,0
analytics-api-09988,5,私有云,4421812,0.0376,2
shipping-api-09989,3,本地部署,4979244,0.0000,2
billing-api-09990,3,AWS,1919843,0.0029,0
users-api-09991,1,Azure,3159542,0.0049,0
orders-api-09992,2,Google Cloud,3508256,0.0090,2
payments-api-09993,5,阿里云,626798,0.0040,0
inventory-api-09994,3,腾讯云,714541,0.0031,1
search-api-09995,3,私有云,4322283,0.0000,1
notifications-api-09996,4,本地部署,2678260,0.0089,0
authentication-api-09997,3,AWS,3127223,0.0017,0
analytics-api-09998,2,Azure,4674616,0.0257,0
shipping-api-09999,3,Google Cloud,4267940,0.0108,0
billing-api-10000,1,阿里云,611362,0.0039,2
